ticker,date,portfolios_en_ventana,price,rsi,macdHist,macdBull,atrPct,w1_ret_5d,m1_ret_21d,fromHigh52w,konc_d_blue,konc_d_trend_ma,konc_d_state,konc_3d_blue,konc_3d_trend_ma,konc_3d_state,konc_w_blue,konc_w_trend_ma,konc_w_state,flowScore,earlyFlow
ABBV,2026-06-02,,215.4,56,0.5834,True,2.5,1,4,-12,-27.96,82.05,distribution,16.46,37.17,up,5.02,40.39,up,7.4,5
ABBV,2026-06-03,,217.13,59,0.5479,True,2.5,1,4,-11,-12.4,83.24,distribution,12.03,39.56,up,5.02,40.39,up,7.4,3
ABBV,2026-06-04,,224.94,67,0.9785,True,2.5,3,9,-8,-10.69,86.78,distribution,12.03,39.56,up,5.02,40.39,up,15.8,1
ABBV,2026-06-05,,227.23,69,1.324,True,2.5,4,11,-7,5.28,90.81,up,12.03,39.56,up,4.48,43.88,up,21.6,4.5
ABBV,2026-06-08,,223.07,62,1.184,True,2.6,5,10,-9,-21.45,92.84,distribution,10.49,44.37,up,4.48,43.88,up,18,1
ABBV,2026-06-09,,225.42,64,1.159,True,2.5,5,12,-8,-4.08,94.12,distribution,10.49,44.37,up,4.48,43.88,up,19.6,2.5
ABBV,2026-06-10,,224.95,63,1.025,True,2.4,4,11,-8,-6.42,95.17,distribution,10.49,44.37,up,4.48,43.88,up,17.6,2.5
ABBV,2026-06-11,,224.77,63,0.8466,True,2.4,0,8,-8,-5.58,95.82,distribution,16.15,49.38,up,4.48,43.88,up,10.4,2
ABBV,2026-06-12,,227.73,66,0.8474,True,2.3,0,9,-7,13.19,96.59,up,16.15,49.38,up,5.32,48.25,up,15.2,5
ABBV,2026-06-15,,221.59,56,0.378,True,2.5,-1,5,-9,11.54,95.84,up,16.15,49.38,up,5.32,48.25,up,9.8,6
ABBV,2026-06-16,,222.47,57,0.08565,True,2.4,-1,6,-9,10.1,94.01,up,14.1,53.97,up,5.32,48.25,up,10.6,7
ABBV,2026-06-17,,221.23,55,-0.2159,False,2.4,-2,6,-9,1.09,91.4,up,14.1,53.97,up,5.32,48.25,up,6.4,6
ABBV,2026-06-18,,216.49,48,-0.7302,False,2.5,-4,1,-11,0.95,87.84,up,14.1,53.97,up,5.32,48.25,up,-1,6
ABBV,2026-06-22,,230.01,62,-0.184,False,2.7,1,8,-6,0.83,87.97,up,12.36,58.95,up,4.74,51.09,up,12.6,5
ABBV,2026-06-23,,234.76,66,0.439,True,2.6,6,9,-4,29.27,90.21,up,12.36,58.95,up,4.74,51.09,up,22.4,3
ABBV,2026-06-24,,234.89,66,0.7817,True,2.5,6,9,-4,26.4,92.63,up,12.36,58.95,up,4.74,51.09,up,22.4,3
ABBV,2026-06-25,,243.14,71,1.447,True,2.6,10,14,-1,23.1,95.28,up,57.85,66.5,up,4.74,51.09,up,31.2,2.5
ABBV,2026-06-26,,253.35,77,2.402,True,2.6,17,18,0,20.21,99.7,up,57.85,66.5,up,4.22,57.92,up,42.8,2.5
ABBV,2026-06-29,MIMO_SHADOW,254.31,77,2.892,True,2.6,11,16,0,23.03,103.62,up,57.85,66.5,up,4.22,57.92,up,34,2.5
ABBV,2026-06-30,MIMO_SHADOW,251.64,73,2.827,True,2.6,7,16,-1,5.28,106.13,up,47.95,74.93,up,4.22,57.92,up,29.2,2.5
ABBV,2026-07-01,MIMO_SHADOW,251.06,72,2.544,True,2.5,7,18,-1,1.39,106.97,up,47.95,74.93,up,4.22,57.92,up,30.8,3.5
ABBV,2026-07-02,MIMO_SHADOW,261.07,77,2.81,True,2.6,7,21,0,1.21,108.25,up,47.95,74.93,up,4.22,57.92,up,33.2,2.5
ABBV,2026-07-06,MIMO_SHADOW,254.76,69,2.358,True,2.7,1,17,-2,1.06,108.78,up,49.48,82.02,up,22.85,66.42,up,22.8,2.5
ABBV,2026-07-07,MIMO_SHADOW,254.65,69,1.869,True,2.6,0,13,-2,0.32,108.71,up,49.48,82.02,up,22.85,66.42,up,18.4,3.5
ABBV,2026-07-08,MIMO_SHADOW,252.74,66,1.265,True,2.6,0,11,-3,-10.2,107.57,distribution,49.48,82.02,up,22.85,66.42,up,13.8,-0.5
ABBV,2026-07-09,MIMO_SHADOW,249.91,63,0.5576,True,2.6,0,12,-4,-24.47,105.88,distribution,26.95,87.43,up,22.85,66.42,up,13.6,-0.5
ABBV,2026-07-10,MIMO_SHADOW,248.08,60,-0.1143,False,2.7,-5,10,-5,-21.41,103.81,distribution,26.95,87.43,up,20,72.35,up,4,1
ABBV,2026-07-13,MIMO_SHADOW,248,60,-0.617,False,2.6,-3,10,-5,-19.17,101.3,distribution,26.95,87.43,up,20,72.35,up,6.4,2
ABBV,2026-07-14,MIMO_SHADOW,244.78,56,-1.186,False,2.6,-4,9,-6,-16.78,98.13,distribution,7.97,90.27,up,20,72.35,up,4.4,3
ABBV,2026-07-15,MIMO_SHADOW,244.11,55,-1.602,False,2.6,-3,7,-6,-14.68,95.09,distribution,7.97,90.27,up,20,72.35,up,3,3
ABBV,2026-07-16,MIMO_SHADOW,254.39,64,-1.197,False,2.6,2,15,-3,-12.85,93.19,distribution,7.97,90.27,up,20,72.35,up,16.4,-0.5
ABBV,2026-07-17,MIMO_SHADOW,254.49,64,-0.9461,False,2.6,3,14,-3,-11.24,91.61,distribution,6.9,92.8,up,34.21,77.23,up,16.8,-0.5
ABBV,2026-07-20,MIMO_SHADOW,253.38,63,-0.8798,False,2.5,2,15,-3,-15.82,89.09,distribution,6.9,92.8,up,34.21,77.23,up,16.4,0.5
ABBV,2026-07-21,MIMO_SHADOW,256.1,65,-0.6863,False,2.4,5,18,-2,-13.84,87.41,distribution,6.9,92.8,up,34.21,77.23,up,22.4,0.5
ABBV,2026-07-22,MIMO_SHADOW,253.3,61,-0.7739,False,2.4,4,10,-3,-12.69,85.9,distribution,2.64,95.15,up,34.21,77.23,up,14.8,-1
ABBV,2026-07-23,MIMO_SHADOW,256.92,64,-0.6217,False,2.4,1,9,-2,9.63,84.4,up,2.64,95.15,up,34.21,77.23,up,13.4,2
ABBV,2026-07-24,MIMO_SHADOW,259.36,66,-0.401,False,2.3,2,10,-1,23.24,84.17,up,2.64,95.15,up,42.62,81.63,up,16.4,3
ABBV,2026-07-27,MIMO_SHADOW,256.91,62,-0.4601,False,2.3,1,6,-2,20.83,84.13,up,2.39,97.28,up,42.62,81.63,up,11,3
ABBV,2026-07-28,MIMO_SHADOW,263.2,67,-0.1327,False,2.4,3,4,0,18.43,86.02,up,2.39,97.28,up,42.62,81.63,up,12.8,4
ABBV,2026-07-29,MIMO_SHADOW,263.3,67,0.02516,True,2.3,4,4,0,16.74,88.27,up,2.39,97.28,up,42.62,81.63,up,16,5
ABBV,2026-07-30,MIMO_SHADOW,257.41,59,-0.3139,False,2.5,0,2,-2,14.65,87.47,up,2.15,99.32,up,42.62,81.63,up,6.6,4
ABBV,2026-07-31,MIMO_SHADOW,250.94,51,-0.983,False,2.6,-3,0,-5,12.82,83.92,up,2.15,99.32,up,37.3,85.07,up,0.4,6
ABBV,2026-08-03,MIMO_SHADOW,245.1,45,-1.781,False,2.9,-5,-6,-7,11.21,79.41,up,2.15,99.32,up,37.3,85.07,up,-6.8,6
ABBV,2026-08-04,MIMO_SHADOW,243.8,44,-2.325,False,2.8,-7,-4,-7,9.81,73.17,up,1.96,98.92,up,37.3,85.07,up,-7.6,6
ABBV,2026-08-05,,246.2,47,-2.439,False,2.7,-6,-3,-6,24.4,68.3,up,1.96,98.92,up,37.3,85.07,up,-5.6,7
ABBV,2026-08-06,,243.87,45,-2.575,False,2.8,-5,-4,-7,6,63.44,up,1.96,98.92,up,37.3,85.07,up,-5.2,6
ABBV,2026-08-07,,246.04,47,-2.423,False,2.7,-2,-2,-7,5.25,58.89,up,9.25,97.61,up,20.47,86.29,up,0,7
ABBV,2026-08-10,,247.97,50,-2.11,False,2.6,1,0,-6,17.25,55.7,up,9.25,97.61,up,20.47,86.29,up,5.2,9
ABBV,2026-08-11,,250.09,52,-1.694,False,2.5,3,1,-5,16.24,54.38,up,9.25,97.61,up,20.47,86.29,up,8.4,9
ABBV,2026-08-12,,248.76,50,-1.452,False,2.5,1,2,-6,5.23,52.51,up,16.82,96.36,up,20.47,86.29,up,6.8,8
ABBV,2026-08-13,,250.82,53,-1.113,False,2.5,3,3,-5,4.57,52.61,up,16.82,96.36,up,20.47,86.29,up,10,8
ABBV,2026-08-14,,249.46,51,-0.9455,False,2.4,1,-2,-5,-6.03,51.85,distribution,16.82,96.36,up,29.94,87.44,up,0.6,6
ABBV,2026-08-17,,250.33,52,-0.7504,False,2.3,1,-2,-5,-5.28,51.19,distribution,14.92,95.98,up,29.94,87.44,up,0.6,6
ABBV,2026-08-18,,258.92,62,-0.05377,False,2.3,4,2,-2,-4.62,52.76,distribution,14.92,95.98,up,29.94,87.44,up,8.4,1
ABBV,2026-08-19,,265.97,67,0.8226,True,2.3,7,4,0,-4.04,57.21,distribution,14.92,95.98,up,29.94,87.44,up,16.6,-1
ABBV,2026-08-20,,261.83,62,1.05,True,2.3,4,3,-2,-32.18,61.24,distribution,13.22,96.45,up,29.94,87.44,up,11.2,1
ABBV,2026-08-21,,264.96,64,1.319,True,2.3,6,3,0,-6.5,65.24,distribution,13.22,96.45,up,27.18,89.26,up,13.6,0
ABBV,2026-08-24,,264.52,63,1.371,True,2.3,6,2,-1,-8.73,69.44,distribution,13.22,96.45,up,27.18,89.26,up,12.8,0
ABBV,2026-08-25,,265.79,65,1.389,True,2.2,3,3,0,1.15,73.17,up,24.04,97.36,up,27.18,89.26,up,13,5
ABBV,2026-08-26,,262.9,60,1.116,True,2.2,-1,0,-1,-19.82,75.73,distribution,24.04,97.36,up,27.18,89.26,up,2.8,-1
ABBV,2026-08-27,,258.15,54,0.5547,True,2.3,-1,-2,-3,-18.02,76.64,distribution,24.04,97.36,up,27.18,89.26,up,0.2,1
ABBV,2026-08-28,,255.48,50,-0.02719,False,2.2,-4,-1,-4,-40.19,76.07,distribution,-12,96.9,distribution,-4.86,90.76,distribution,-6.1,0
ACMR,2026-07-06,,98.52,52,-0.9943,False,10.5,-6,11,-22,14.93,95.9,up,-18.5,107.34,distribution,38.14,103.36,up,3.1,4.5
ACMR,2026-07-07,,94.66,49,-1.927,False,10.9,-20,5,-25,13.06,90.21,up,-18.5,107.34,distribution,38.14,103.36,up,-18.5,4
ACMR,2026-07-08,,98.07,51,-2.274,False,10.1,-23,29,-23,23.33,85.85,up,-18.5,107.34,distribution,38.14,103.36,up,-2.9,5.5
ACMR,2026-07-09,,106.04,56,-1.939,False,9.4,-9,32,-16,20.14,83.78,up,-6.08,105.73,distribution,38.14,103.36,up,17.3,5.5
ACMR,2026-07-10,,103,54,-1.893,False,9.7,5,27,-19,7.71,80.54,up,-6.08,105.73,distribution,43.45,103.74,up,29.1,4.5
ACMR,2026-07-13,,94.08,48,-2.401,False,10.5,-5,18,-26,-22.63,76.83,distribution,-6.08,105.73,distribution,43.45,103.74,up,5.9,0.5
ACMR,2026-07-14,,98.895,51,-2.348,False,9.8,4,8,-22,-3.91,73.94,distribution,-14.93,103.83,distribution,43.45,103.74,up,9.7,3
ACMR,2026-07-15,,91.96,47,-2.69,False,10.9,-6,-2,-28,-3.42,69.99,distribution,-14.93,103.83,distribution,43.45,103.74,up,-11.3,0
ACMR,2026-07-16,,84.09,43,-3.315,False,11.8,-21,-12,-34,-30.92,64.03,distribution,-14.93,103.83,distribution,43.45,103.74,up,-37.3,-3
ACMR,2026-07-17,,83.92,43,-3.587,False,11.8,-19,-8,-34,-27.66,58.12,distribution,-13.06,100.44,distribution,-6.3,102,distribution,-33.2,-3
ACMR,2026-07-20,,82.52,42,-3.693,False,11.5,-12,-14,-35,-29.17,53.08,distribution,-13.06,100.44,distribution,-6.3,102,distribution,-29.6,-3
ACMR,2026-07-21,,95.27,51,-2.778,False,10.2,-4,-13,-25,-25.52,50.06,distribution,-13.06,100.44,distribution,-6.3,102,distribution,-18.2,2
ACMR,2026-07-22,,89.51,47,-2.445,False,10.6,-3,-13,-29,-40.34,47.68,distribution,-2.57,96.94,distribution,-6.3,102,distribution,-18,-1
ACMR,2026-07-23,,88.42,47,-2.192,False,10.3,5,-11,-30,-39.1,45.52,distribution,-2.57,96.94,distribution,-6.3,102,distribution,-6.8,0
ACMR,2026-07-24,,84.32,44,-2.19,False,10.5,0,-17,-34,-47.52,43.34,distribution,-2.57,96.94,distribution,-4.58,99.54,distribution,-17.6,-3
ACMR,2026-07-27,,79.97,42,-2.354,False,11.1,-3,-25,-37,-41.69,40.86,distribution,-17.37,92.77,distribution,-4.58,99.54,distribution,-27.6,-3
ACMR,2026-07-28,,72.02,37,-2.84,False,12.5,-24,-31,-43,-36.57,37.03,down,-17.37,92.77,distribution,-4.58,99.54,distribution,-58.6,-5
ACMR,2026-07-29,,65.3,34,-3.417,False,13.7,-27,-45,-49,-32.06,32.61,down,-17.37,92.77,distribution,-4.58,99.54,distribution,-73.4,-6
ACMR,2026-07-30,,78.65,44,-2.731,False,11.8,-11,-38,-38,27.19,30.84,accumulation,-15.2,87.21,distribution,-4.58,99.54,distribution,-45.6,3
ACMR,2026-07-31,MIRROR_ESPEJO,78.47,44,-2.148,False,11.8,-7,-33,-38,23.53,30.94,up,-15.2,87.21,distribution,-4.01,95.75,distribution,-35.8,-1
ACMR,2026-08-03,MIRROR_ESPEJO,78.64,44,-1.632,False,11.4,-2,-20,-38,20.92,30.34,up,-15.2,87.21,distribution,-4.01,95.75,distribution,-19.4,0
ACMR,2026-08-04,MIRROR_ESPEJO,82.51,47,-0.9458,False,10.6,15,-16,-35,35.5,31.46,up,-7.08,83.39,distribution,-4.01,95.75,distribution,4.2,1.5
ACMR,2026-08-05,MIRROR_ESPEJO,79.9,46,-0.5998,False,10.6,22,-16,-37,19.9,32.41,up,-7.08,83.39,distribution,-4.01,95.75,distribution,12.6,0.5
ACMR,2026-08-06,MIRROR_ESPEJO,78.98,45,-0.3761,False,10.4,0,-19,-38,17.61,32.82,up,-7.08,83.39,distribution,-4.01,95.75,distribution,-16.2,1
ACMR,2026-08-07,MIRROR_ESPEJO,83.8,49,0.1263,True,10.3,7,-21,-34,15.56,35.31,up,-6.19,80.49,distribution,9.8,92.89,up,-5.9,3
ACMR,2026-08-10,MIRROR_ESPEJO,79.41,46,0.1891,True,11,1,-23,-37,-5.44,36.4,distribution,-6.19,80.49,distribution,9.8,92.89,up,-17.7,-1
ACMR,2026-08-11,MIRROR_ESPEJO,79.92,46,0.2853,True,10.4,-3,-15,-37,-2.56,36.77,distribution,-6.19,80.49,distribution,9.8,92.89,up,-16.1,0
ACMR,2026-08-12,,81.26,47,0.4498,True,9.9,2,-18,-36,3.85,38.06,up,-9.45,77.67,distribution,9.8,92.89,up,-9.5,3
ACMR,2026-08-13,,81.19,47,0.5573,True,9.6,3,-12,-36,3.1,38.99,up,-9.45,77.67,distribution,9.8,92.89,up,-3.5,3
ACMR,2026-08-14,,80.42,47,0.5777,True,9.4,-4,-4,-37,2.76,39.7,up,-9.45,77.67,distribution,0.14,90.33,up,-5.5,3
ACMR,2026-08-17,,85.64,52,0.9232,True,8.7,8,2,-33,2.47,41.88,up,-1.32,74.63,distribution,0.14,90.33,up,13.7,3
ACMR,2026-08-18,,84.37,50,1.038,True,8.8,6,2,-34,2.21,43.47,up,-1.32,74.63,distribution,0.14,90.33,up,11.3,3
ACMR,2026-08-19,,77.59,44,0.6487,True,9.6,-5,-19,-39,-30.84,44.16,distribution,-1.32,74.63,distribution,0.14,90.33,up,-21.7,-2
ACMR,2026-08-20,,78.52,45,0.4539,True,9.1,-3,-12,-38,-22.48,43.02,distribution,-1.15,70.65,distribution,0.14,90.33,up,-13.7,0
ACMR,2026-08-21,,79.41,46,0.3878,True,8.8,-1,-10,-37,-15.37,42.84,distribution,-1.15,70.65,distribution,0.12,87.23,up,-9.7,0
ACMR,2026-08-24,,77.345,44,0.2163,True,8.6,-10,-8,-39,-13.45,41.97,distribution,-1.15,70.65,distribution,0.12,87.23,up,-18.9,-1
ACMR,2026-08-25,,79.77,47,0.2739,True,8.1,-5,0,-37,0.28,42.31,up,1.15,66.94,up,0.12,87.23,up,-3.5,4
ACMR,2026-08-26,,79.11,46,0.2744,True,8,2,10,-38,0.24,43.55,up,1.15,66.94,up,0.12,87.23,up,12.9,4
ACMR,2026-08-27,,80.49,48,0.3688,True,7.6,3,23,-37,7.12,44.57,up,1.15,66.94,up,0.12,87.23,up,24.5,4.5
ACMR,2026-08-28,,74.42,42,0.0408,True,8.3,-6,-5,-41,6.23,43.6,up,1.01,62.31,up,-12.51,83.7,distribution,-10.2,0
AFM.V,2026-05-28,,1.31,43,-0.0188,False,5.1,-9,0,-17,8.46,64.35,up,-95.78,72.35,distribution,29.09,78.99,up,-8.3,3
AFM.V,2026-05-29,,1.34,47,-0.01714,False,4.9,-3,-1,-15,19.44,60.75,up,-83.81,72.66,distribution,4.9,78.06,up,-1.9,6
AFM.V,2026-06-01,,1.36,49,-0.01408,False,4.8,-1,-1,-13,24.31,58.52,up,-83.81,72.66,distribution,4.9,78.06,up,0.5,6
AFM.V,2026-06-02,,1.49,61,-0.003248,False,4.8,13,6,-5,20.64,61.42,up,-83.81,72.66,distribution,4.9,78.06,up,24.9,3.5
AFM.V,2026-06-03,,1.4,52,-0.002151,False,5.3,5,1,-11,-13.36,63.16,distribution,-73.33,74.34,distribution,4.9,78.06,up,6.3,3
AFM.V,2026-06-04,,1.43,55,0.000451,True,5.2,9,6,-9,-1.22,65.06,distribution,-73.33,74.34,distribution,4.9,78.06,up,18.1,3.5
AFM.V,2026-06-05,,1.36,48,-0.002522,False,5.5,1,-5,-13,-25.51,64.92,distribution,-73.33,74.34,distribution,4.29,77.69,up,-3.3,4
AFM.V,2026-06-08,,1.38,50,-0.003084,False,5.3,1,-4,-12,-15.33,64.55,distribution,-75.04,75.59,distribution,4.29,77.69,up,-2.5,5
AFM.V,2026-06-09,,1.35,48,-0.00529,False,5.5,-9,-7,-14,-13.42,62.67,distribution,-75.04,75.59,distribution,4.29,77.69,up,-16.9,2
AFM.V,2026-06-10,,1.38,50,-0.004569,False,5.4,-1,-6,-12,-1.03,60.75,distribution,-75.04,75.59,distribution,4.29,77.69,up,-6.5,3
AFM.V,2026-06-11,,1.41,53,-0.002041,False,5.3,-1,-3,-10,-0.9,61.09,distribution,-65.66,75.54,distribution,4.29,77.69,up,-3.1,3
AFM.V,2026-06-12,,1.4,52,-0.001061,False,5.2,3,-6,-11,-4.28,61.93,distribution,-65.66,75.54,distribution,3.75,76.96,up,-1.7,4
AFM.V,2026-06-15,,1.45,56,0.002729,True,5,5,4,-8,-3.75,64.54,distribution,-65.66,75.54,distribution,3.75,76.96,up,12.7,4
AFM.V,2026-06-16,,1.41,52,0.002332,True,5,4,4,-10,-16.77,66.61,distribution,-57.45,76.1,distribution,3.75,76.96,up,10.5,4
AFM.V,2026-06-17,,1.43,54,0.003154,True,4.9,4,3,-9,-14.67,69.35,distribution,-57.45,76.1,distribution,3.75,76.96,up,9.7,5
AFM.V,2026-06-18,,1.45,56,0.004691,True,4.7,3,1,-8,-6.19,72.4,distribution,-57.45,76.1,distribution,3.75,76.96,up,7.9,5
AFM.V,2026-06-19,,1.5,60,0.008499,True,4.5,7,4,-4,-5.42,76.73,distribution,-2.39,77.62,distribution,52.47,78.37,up,15.1,-1
AFM.V,2026-06-22,MIMO_SHADOW,1.5,60,0.01032,True,4.4,3,9,-4,-4.74,80.41,distribution,-2.39,77.62,distribution,52.47,78.37,up,14.3,-1
AFM.V,2026-06-23,MIMO_SHADOW,1.49,59,0.01014,True,4.4,6,9,-5,-4.15,82.49,distribution,-2.39,77.62,distribution,52.47,78.37,up,17.9,0
AFM.V,2026-06-24,MIMO_SHADOW,1.43,52,0.0055,True,4.7,0,8,-9,-3.63,83.24,distribution,-41.27,78.63,distribution,52.47,78.37,up,8.9,3
AFM.V,2026-06-25,MIMO_SHADOW,1.42,50,0.001486,True,4.7,-2,7,-10,-6.55,83.16,distribution,-41.27,78.63,distribution,52.47,78.37,up,5.7,2
AFM.V,2026-06-26,MIMO_SHADOW,1.5,58,0.003816,True,4.5,0,15,-4,-5.73,83.96,distribution,-41.27,78.63,distribution,45.91,80.23,up,15.5,1.5
AFM.V,2026-06-29,MIMO_SHADOW,1.46,54,0.002332,True,4.5,-3,9,-7,-17.78,86.14,distribution,-20.24,79.51,distribution,45.91,80.23,up,6.1,2
AFM.V,2026-06-30,MIMO_SHADOW,1.49,56,0.002999,True,4.3,0,10,-5,-5.98,88.01,distribution,-20.24,79.51,distribution,45.91,80.23,up,11.5,3
AFM.V,2026-07-02,MIMO_SHADOW,1.49,56,0.003056,True,4.6,4,0,-5,-5.23,89.89,distribution,-20.24,79.51,distribution,45.91,80.23,up,8.3,4
AFM.V,2026-07-03,MIMO_SHADOW,1.52,59,0.004636,True,4.4,7,9,-3,5,91.33,up,18.93,81.04,up,50.01,82.32,up,22.1,3
AFM.V,2026-07-06,CONFIRMED_FLOW_LEADERS,1.44,50,5.755e-05,True,5.1,-4,1,-8,4.37,90.79,up,18.93,81.04,up,50.01,82.32,up,1.5,6
AFM.V,2026-07-07,CONFIRMED_FLOW_LEADERS,1.45,51,-0.002398,False,5,-1,7,-8,7.19,87.2,up,18.93,81.04,up,50.01,82.32,up,7.9,7
AFM.V,2026-07-08,,1.4,46,-0.007217,False,5.2,-6,1,-11,-10.55,81.58,distribution,16.65,81.25,up,50.01,82.32,up,-6.9,3
AFM.V,2026-07-09,,1.42,48,-0.008782,False,5,-5,5,-10,-2.49,77.48,distribution,16.65,81.25,up,50.01,82.32,up,-1.5,4
AFM.V,2026-07-10,,1.38,44,-0.01203,False,5.1,-9,0,-12,-2.18,71.85,distribution,16.65,81.25,up,43.76,82.86,up,-11.3,2
AFM.V,2026-07-13,,1.38,44,-0.01359,False,4.9,-4,-2,-12,-1.91,65.13,distribution,0.63,79.14,up,43.76,82.86,up,-6.9,3
AFM.V,2026-07-14,,1.44,51,-0.01015,False,4.7,-1,3,-8,19.13,61.58,up,0.63,79.14,up,43.76,82.86,up,4.7,7
AFM.V,2026-07-15,,1.43,50,-0.008193,False,4.7,2,-1,-9,16.74,58.36,up,0.63,79.14,up,43.76,82.86,up,5.1,8
AFM.V,2026-07-16,,1.42,49,-0.007255,False,4.7,0,1,-10,11.16,54.81,up,0.55,77.13,up,43.76,82.86,up,4.3,8
AFM.V,2026-07-17,,1.37,44,-0.009539,False,4.9,-1,-4,-13,-7.69,49.82,distribution,0.55,77.13,up,32.87,81.08,up,-4.9,2
AFM.V,2026-07-20,,1.38,45,-0.009873,False,4.6,0,-5,-12,-3.24,46.03,distribution,0.55,77.13,up,32.87,81.08,up,-4.5,6
AFM.V,2026-07-21,,1.41,49,-0.007668,False,4.5,-2,-6,-10,-2.84,43.96,distribution,-6.29,74.29,distribution,32.87,81.08,up,-6.7,3
AFM.V,2026-07-22,,1.5,58,-0.0001411,False,4.3,5,0,-4,-2.48,44.44,distribution,-6.29,74.29,distribution,32.87,81.08,up,7.5,2
AFM.V,2026-07-23,,1.43,50,0.0001171,True,4.6,1,-4,-9,-24.66,44.56,distribution,-6.29,74.29,distribution,32.87,81.08,up,0.5,4
AFM.V,2026-07-24,,1.45,52,0.001549,True,4.4,6,1,-8,-15.15,46,distribution,21.59,73.32,up,72.11,80.09,up,10.5,5
AFM.V,2026-07-27,,1.47,54,0.003638,True,4.2,7,4,-6,-13.26,46.81,distribution,21.59,73.32,up,72.11,80.09,up,14.1,4
AFM.V,2026-07-28,,1.44,51,0.002829,True,4.3,2,-4,-8,-21.1,47.42,distribution,21.59,73.32,up,72.11,80.09,up,1.7,5
AFM.V,2026-07-29,,1.43,50,0.001518,True,4.2,-5,-2,-9,-19.09,46.59,distribution,5.34,72.3,up,72.11,80.09,up,-5.1,4
AFM.V,2026-07-30,,1.44,51,0.001232,True,4.1,1,-3,-8,-17.21,47.7,distribution,5.34,72.3,up,72.11,80.09,up,1.3,6
AFM.V,2026-07-31,,1.47,54,0.002879,True,3.9,1,-1,-6,-15.37,50.51,distribution,5.34,72.3,up,59.84,79.43,up,2.9,6
AFM.V,2026-08-04,,1.49,56,0.005005,True,3.8,1,-2,-5,-6.7,54.11,distribution,4.68,72.36,up,59.84,79.43,up,3.1,6
AFM.V,2026-08-05,,1.5,58,0.00667,True,3.7,4,4,-4,-2.49,59.22,distribution,4.68,72.36,up,59.84,79.43,up,11.5,4
AFM.V,2026-08-06,,1.58,65,0.01241,True,3.7,10,9,0,-2.18,65.84,distribution,4.68,72.36,up,59.84,79.43,up,22.7,-0.5
AFM.V,2026-08-07,,1.56,62,0.014,True,3.8,8,11,-1,-8.75,72.75,distribution,49.58,75.03,up,48.71,80.16,up,21.9,-0.5
AFM.V,2026-08-10,,1.66,69,0.02052,True,3.8,13,17,0,-8.54,80.39,distribution,49.58,75.03,up,48.71,80.16,up,33.7,-0.5
AFM.V,2026-08-11,MIMO_SHADOW,1.5,52,0.01316,True,6,1,9,-10,-8.31,80.89,distribution,49.58,75.03,up,48.71,80.16,up,10.9,2
AFM.V,2026-08-12,MIMO_SHADOW,1.52,54,0.008935,True,6.1,1,10,-8,1.56,81.74,up,43.39,76.25,up,48.71,80.16,up,13.7,6
AFM.V,2026-08-13,MIMO_SHADOW,1.54,55,0.006881,True,5.9,-3,7,-7,11.74,81.74,up,43.39,76.25,up,48.71,80.16,up,7.5,7
AFM.V,2026-08-14,MIMO_SHADOW,1.54,55,0.005002,True,5.8,-1,8,-7,12.15,82.69,up,43.39,76.25,up,40.18,79.88,up,10.7,7
AFM.V,2026-08-17,MIMO_SHADOW,1.5,51,0.0007664,True,5.7,-10,6,-10,-16.13,82.92,distribution,24.62,76.8,up,40.18,79.88,up,-4.7,4
AFM.V,2026-08-18,MIMO_SHADOW,1.48,49,-0.003449,False,5.7,-1,8,-11,-14.12,81.7,distribution,24.62,76.8,up,40.18,79.88,up,4.7,3
AFM.V,2026-08-19,MIMO_SHADOW,1.45,46,-0.008061,False,5.6,-5,5,-13,-32.7,79.84,distribution,24.62,76.8,up,40.18,79.88,up,-2.5,4
AFM.V,2026-08-20,MIMO_SHADOW,1.49,50,-0.008194,False,5.3,-3,6,-10,-0.77,78.5,distribution,14.88,76.18,up,40.18,79.88,up,1.7,4
AFM.V,2026-08-21,MIMO_SHADOW,1.47,48,-0.009324,False,5.2,-5,-2,-11,-0.68,76.28,distribution,14.88,76.18,up,5.41,79.81,up,-8.1,4
AFM.V,2026-08-24,,1.51,52,-0.007168,False,5,1,6,-9,27.57,75.1,up,14.88,76.18,up,5.41,79.81,up,9.5,8
AFM.V,2026-08-25,,1.51,52,-0.005603,False,4.9,2,4,-9,24.12,74.73,up,13.02,76.01,up,5.41,79.81,up,9.1,9
AFM.V,2026-08-26,,1.52,54,-0.003839,False,4.8,5,3,-8,28.15,75.68,up,13.02,76.01,up,5.41,79.81,up,11.9,8
AFM.V,2026-08-27,,1.55,57,-0.0007576,False,4.6,4,8,-7,45.75,76.77,up,13.02,76.01,up,5.41,79.81,up,15.7,8
AFM.V,2026-08-28,,1.52,53,-0.0008395,False,4.6,3,6,-8,40.03,76.18,up,17.97,77.35,up,24.87,80.05,up,11.9,7
AMD,2026-05-26,,503.89,77,0.9775,True,5.2,20,45,0,39.15,106.36,up,87.19,109.69,up,60.06,99.61,up,67.5,2.5
AMD,2026-05-27,,495.54,74,1.538,True,5.3,20,48,-2,19.37,106.71,up,87.19,109.69,up,60.06,99.61,up,69.9,2.5
AMD,2026-05-28,,518.09,77,2.834,True,5.1,16,60,0,16.95,107.59,up,87.19,109.69,up,60.06,99.61,up,74.7,3.5
AMD,2026-05-29,,516.1,76,2.949,True,5,15,53,0,11.44,108.3,up,91.15,112.27,up,118.52,104.83,up,67.9,3.5
AMD,2026-06-01,,510.13,74,2.058,True,5.2,9,44,-2,9.93,107.49,up,91.15,112.27,up,118.52,104.83,up,53.5,2.5
AMD,2026-06-02,,521.54,75,1.688,True,5,4,45,0,27.12,107.41,up,91.15,112.27,up,118.52,104.83,up,48.3,3.5
AMD,2026-06-03,,542.52,78,2.27,True,4.8,9,59,0,22.95,108.01,up,111.43,114.3,up,118.52,104.83,up,65.5,3.5
AMD,2026-06-04,,523.2,71,0.841,True,5.2,1,47,-4,-9.46,106.94,distribution,111.43,114.3,up,118.52,104.83,up,43.3,-0.5
AMD,2026-06-05,,466.38,55,-4.168,False,6.3,-10,11,-14,-8.28,103.84,distribution,111.43,114.3,up,106.17,107.87,up,-4.7,2.5
AMD,2026-06-08,,490.33,59,-5.994,False,6,-4,20,-10,33.08,101.26,up,90.26,114.66,up,106.17,107.87,up,15.7,5.5
AMD,2026-06-09,,475.51,55,-8.191,False,6.8,-9,4,-12,27.8,98.35,up,90.26,114.66,up,106.17,107.87,up,-6.1,6
AMD,2026-06-10,,452.4,50,-11.01,False,7,-17,-1,-17,-14.06,94.08,distribution,90.26,114.66,up,106.17,107.87,up,-22.7,2
AMD,2026-06-11,,488.45,57,-10.28,False,6.6,-7,9,-10,-12.3,90.98,distribution,69.13,113.72,up,106.17,107.87,up,-0.7,4
AMD,2026-06-12,,511.57,60,-8.163,False,6.3,10,15,-6,-10.76,90.12,distribution,69.13,113.72,up,134.18,109.67,up,24.5,2.5
AMD,2026-06-15,,547.26,65,-4.463,False,6.1,12,22,0,-9.42,91.38,distribution,69.13,113.72,up,134.18,109.67,up,32.5,0.5
AMD,2026-06-16,,507.29,57,-4.784,False,6.7,7,20,-7,-63.11,91.12,distribution,72.6,113.26,up,134.18,109.67,up,24.9,3.5
AMD,2026-06-17,,512.48,58,-4.717,False,6.5,13,22,-6,-48.1,89.93,distribution,72.6,113.26,up,134.18,109.67,up,33.7,4.5
AMD,2026-06-18,,537.37,61,-3.142,False,6.1,10,30,-2,-42.09,89.46,distribution,72.6,113.26,up,134.18,109.67,up,36.5,0.5
AMD,2026-06-22,MIMO_SHADOW,551.63,63,-1.376,False,5.9,8,23,0,-18.15,90.1,distribution,58.24,113.12,up,122.51,111.65,up,29.5,0.5
AMD,2026-06-23,MIMO_SHADOW,519.85,56,-2.517,False,6.4,-5,16,-6,-15.89,88.15,distribution,58.24,113.12,up,122.51,111.65,up,7.3,3.5
AMD,2026-06-24,MIMO_SHADOW,519.74,56,-3.393,False,6.3,2,11,-6,-14.05,85.87,distribution,58.24,113.12,up,122.51,111.65,up,11.7,4.5
AMD,2026-06-25,MIMO_SHADOW,532.57,58,-3.225,False,6.3,4,6,-3,-12.3,85.15,distribution,33.59,112,up,122.51,111.65,up,10.1,2
AMD,2026-06-26,MIMO_SHADOW,521.58,56,-3.923,False,6.4,-3,5,-5,-10.76,83.2,distribution,33.59,112,up,92.96,112.52,up,0.9,3
AMD,2026-06-29,MIMO_SHADOW,539.49,59,-3.275,False,6.3,-2,4,-2,15.38,82.05,up,33.59,112,up,92.96,112.52,up,4.3,3
AMD,2026-06-30,MIMO_SHADOW,580.91,65,-0.3081,False,6,12,13,0,13.46,84.34,up,28.2,111.27,up,92.96,112.52,up,29.3,3.5
AMD,2026-07-01,MIMO_SHADOW,540.88,56,-1.242,False,6.5,4,6,-7,-39.69,85.02,distribution,28.2,111.27,up,92.96,112.52,up,10.1,4
AMD,2026-07-02,MIMO_SHADOW,517.82,52,-3.485,False,6.9,-3,-1,-11,-64.38,83.28,distribution,28.2,111.27,up,92.96,112.52,up,-5.9,3
AMD,2026-07-06,MIMO_SHADOW,552.05,57,-2.767,False,6.7,6,2,-5,-56.33,83,distribution,4.76,110.08,up,70.18,112.97,up,9.3,5
AMD,2026-07-07,MIMO_SHADOW,516.11,51,-4.703,False,7.4,-4,-1,-11,-92.63,79.72,distribution,4.76,110.08,up,70.18,112.97,up,-7.1,3
AMD,2026-07-08,MIMO_SHADOW,517.41,51,-5.813,False,7.2,-11,11,-11,-79.48,76.46,distribution,4.76,110.08,up,70.18,112.97,up,-5.9,4.5
AMD,2026-07-09,MIMO_SHADOW,546.72,56,-4.547,False,6.9,1,12,-6,-69.55,76.4,distribution,0.52,107.82,up,70.18,112.97,up,11.3,4.5
AMD,2026-07-10,MIMO_SHADOW,557.89,57,-3.006,False,6.5,8,17,-4,-48.11,76.69,distribution,0.52,107.82,up,56.46,113.3,up,23.7,2.5
AMD,2026-07-13,MIMO_SHADOW,534.39,53,-3.577,False,6.7,-3,18,-8,-40.12,75.63,distribution,0.52,107.82,up,56.46,113.3,up,10.3,3.5
AMD,2026-07-14,MIMO_SHADOW,548.13,55,-3.059,False,6.6,6,12,-6,-18.97,76.43,distribution,1.41,105.94,up,56.46,113.3,up,16.3,4.5
AMD,2026-07-15,MIMO_SHADOW,529.14,52,-3.967,False,7,2,3,-9,-16.22,75.29,distribution,1.41,105.94,up,56.46,113.3,up,4.3,5
AMD,2026-07-16,MIMO_SHADOW,500.94,47,-6.3,False,7.4,-8,-8,-14,-42.92,70.91,distribution,1.41,105.94,up,56.46,113.3,up,-17.5,3
AMD,2026-07-17,MIMO_SHADOW,495.76,46,-7.919,False,7.6,-11,-2,-15,-35.64,64.92,distribution,1.23,103.13,up,6.96,112.21,up,-16.3,3
AMD,2026-07-20,,503.57,48,-8.161,False,7.3,-6,-2,-13,-22.57,61.59,distribution,1.23,103.13,up,6.96,112.21,up,-10.3,4
AMD,2026-07-21,,544.43,55,-5.397,False,6.9,-1,1,-6,-19.21,61.1,distribution,1.23,103.13,up,6.96,112.21,up,-0.9,4
AMD,2026-07-22,,552.33,56,-2.987,False,6.7,4,0,-5,-9.75,62.1,distribution,41.12,101.33,up,6.96,112.21,up,5.3,6
AMD,2026-07-23,,539.69,54,-2.228,False,6.8,8,4,-7,-8.43,63.05,distribution,41.12,101.33,up,6.96,112.21,up,12.3,3
AMD,2026-07-24,,521.95,50,-2.864,False,7,5,0,-10,-7.3,62.57,distribution,41.12,101.33,up,6.04,111.27,up,5.5,4
AMD,2026-07-27,,494.95,45,-4.926,False,7.6,-2,-7,-15,-6.33,59.41,distribution,34.22,98.65,up,6.04,111.27,up,-9.5,3
AMD,2026-07-28,,454.62,39,-8.613,False,8.5,-16,-13,-22,-5.49,53.08,down,34.22,98.65,up,6.04,111.27,up,-32.1,-1
AMD,2026-07-29,,429.56,36,-12.13,False,8.9,-22,-20,-26,-28.85,46.63,down,34.22,98.65,up,6.04,111.27,up,-45.9,-2
AMD,2026-07-30,,485.39,47,-10.17,False,8.3,-10,-16,-16,-24.37,43.68,distribution,28.72,94.05,up,6.04,111.27,up,-26.3,2
AMD,2026-07-31,,476.15,45,-9.004,False,8.5,-9,-12,-18,-27.81,43.05,distribution,28.72,94.05,up,5.25,108.69,up,-21.9,1
AMD,2026-08-03,,484.64,47,-7.248,False,8.3,-2,-6,-17,-17.16,41.18,distribution,28.72,94.05,up,5.25,108.69,up,-8.7,3
AMD,2026-08-04,,518.58,52,-3.573,False,7.8,14,-6,-11,-14.7,42.82,distribution,46.28,90.8,up,5.25,108.69,up,10.5,4.5
AMD,2026-08-05,,482.05,47,-3.377,False,8.4,12,-7,-17,-12.63,42.6,distribution,46.28,90.8,up,5.25,108.69,up,7.3,2.5
AMD,2026-08-06,,489.28,48,-2.571,False,8.1,1,-5,-16,-5.6,42.32,distribution,46.28,90.8,up,5.25,108.69,up,-4.3,5
AMD,2026-08-07,,483.36,47,-2.259,False,7.9,2,-12,-17,-4.86,42.52,distribution,38.28,87,up,4.56,106.1,up,-8.7,3
AMD,2026-08-10,,469.56,45,-2.77,False,7.8,-3,-16,-19,-14.25,41.53,distribution,38.28,87,up,4.56,106.1,up,-17.9,3
AMD,2026-08-11,,474.32,46,-2.579,False,7.3,-9,-11,-18,-8.88,40.24,distribution,38.28,87,up,4.56,106.1,up,-21.1,2
AMD,2026-08-12,,482.93,47,-1.708,False,7,0,-12,-17,-7.68,40.38,distribution,31.69,83.32,up,4.56,106.1,up,-11.1,3
AMD,2026-08-13,,483.01,47,-0.9954,False,6.7,-1,-9,-17,-6.66,41.04,distribution,31.69,83.32,up,4.56,106.1,up,-9.9,3
AMD,2026-08-14,,514.39,54,1.58,True,6.3,6,3,-11,-5.78,43.22,distribution,31.69,83.32,up,24.13,103.71,up,10.1,5
AMD,2026-08-17,,506,52,2.646,True,6.1,8,2,-13,-10.33,46.46,distribution,26.67,80.44,up,24.13,103.71,up,11.7,4
AMD,2026-08-18,,484.39,48,1.86,True,6.4,2,-4,-17,-8.92,47.67,distribution,26.67,80.44,up,24.13,103.71,up,-0.3,4
AMD,2026-08-19,,466.42,44,0.1832,True,6.5,-3,-14,-20,-19.07,47.6,distribution,26.67,80.44,up,24.13,103.71,up,-14.3,1
AMD,2026-08-20,,469.46,45,-0.6239,False,6.3,-3,-15,-19,-14.44,46.5,distribution,1.02,76.22,up,24.13,103.71,up,-17.1,3
AMD,2026-08-21,,473.25,46,-0.7943,False,6,-8,-12,-19,-10.12,46.24,distribution,1.02,76.22,up,-5.77,101.13,distribution,-21.2,1
AMD,2026-08-24,,456.75,42,-1.85,False,6.1,-10,-12,-21,-8.74,44.65,distribution,1.02,76.22,up,-5.77,101.13,distribution,-24.6,-1
AMD,2026-08-25,,479.18,48,-0.916,False,5.8,-1,-3,-18,-7.57,45.3,distribution,6.75,71.89,up,-5.77,101.13,distribution,-5.6,2
AMD,2026-08-26,,480.93,48,-0.102,False,5.6,3,6,-17,-5.54,46.91,distribution,6.75,71.89,up,-5.77,101.13,distribution,6.4,3
AMD,2026-08-27,,476.67,47,0.2109,True,5.4,2,11,-18,-4.81,47.69,distribution,6.75,71.89,up,-5.77,101.13,distribution,11.2,2.5
ASM.AS,2026-07-08,,889.8,42,-17.06,False,5.4,-10,-1,-18,17.24,71.5,up,-78.05,100.52,distribution,-10.43,106.18,distribution,-11.8,1
ASM.AS,2026-07-09,,926.8,47,-15.49,False,5.1,-1,2,-14,15.64,67.48,up,-78.05,100.52,distribution,-10.43,106.18,distribution,1.4,4
ASM.AS,2026-07-10,,910.4,45,-14.87,False,5.1,-7,-6,-16,2.54,63.01,up,-78.05,100.52,distribution,-32.18,104.31,distribution,-12.2,2
ASM.AS,2026-07-13,,889.6,43,-15.14,False,5.1,-8,-12,-18,2.29,58.21,up,-70.71,95.89,distribution,-32.18,104.31,distribution,-18.2,0
ASM.AS,2026-07-14,,927.6,48,-12.16,False,4.9,3,-10,-14,31.22,55.03,up,-70.71,95.89,distribution,-32.18,104.31,distribution,-3.4,4
ASM.AS,2026-07-15,,923.4,48,-9.963,False,5,4,-7,-14,28.04,53.65,up,-70.71,95.89,distribution,-32.18,104.31,distribution,0.2,4
ASM.AS,2026-07-16,,906,45,-9.195,False,5.2,-2,-13,-16,11.02,51.72,up,-63.81,91.94,distribution,-32.18,104.31,distribution,-11.8,2
ASM.AS,2026-07-17,,869.4,41,-10.57,False,5.6,-5,-19,-19,9.85,47.97,up,-63.81,91.94,distribution,-28.15,101.11,distribution,-20.2,1
ASM.AS,2026-07-20,,856.8,40,-11.65,False,5.4,-4,-20,-21,-2.33,44.8,distribution,-63.81,91.94,distribution,-28.15,101.11,distribution,-22.8,0
ASM.AS,2026-07-21,,902.6,47,-8.744,False,5.2,-3,-16,-16,-2.19,43.03,distribution,-57.4,87.02,distribution,-28.15,101.11,distribution,-18.4,1
ASM.AS,2026-07-22,,895.4,46,-6.852,False,5,-3,-10,-17,-2.07,41.68,distribution,-57.4,87.02,distribution,-28.15,101.11,distribution,-13.6,1
ASM.AS,2026-07-23,,873.6,43,-6.611,False,5,-4,-10,-19,-25.23,40.11,distribution,-57.4,87.02,distribution,-28.15,101.11,distribution,-14.8,-1
ASM.AS,2026-07-24,,859.4,41,-6.917,False,5,-1,-13,-20,-37.83,38.03,distribution,-51.42,81.84,distribution,-24.64,97.25,distribution,-13.6,-1
ASM.AS,2026-07-27,,798.4,35,-10.52,False,5.7,-7,-16,-26,-33.1,34.95,down,-51.42,81.84,distribution,-24.64,97.25,distribution,-25.2,-4
ASM.AS,2026-07-28,,756,31,-14.79,False,6.1,-16,-22,-30,-28.96,30.36,down,-51.42,81.84,distribution,-24.64,97.25,distribution,-41.8,-5
ASM.AS,2026-07-29,,720,28,-18.81,False,6.7,-20,-28,-33,-25.34,25.35,down,-46.83,74.43,down,-24.64,97.25,distribution,-51.4,-6
ASM.AS,2026-07-30,,788.6,39,-15.75,False,6.4,-10,-21,-27,66.66,23.65,accumulation,-46.83,74.43,down,-24.64,97.25,distribution,-30.8,2
ASM.AS,2026-07-31,,801.2,41,-11.95,False,6.6,-7,-15,-26,74.64,25.67,up,-46.83,74.43,down,-21.56,91.65,distribution,-21.4,0
ASM.AS,2026-08-03,MIRROR_ESPEJO,795.2,40,-9.04,False,6.7,0,-18,-26,54.42,26.36,up,-42.49,68.06,distribution,-21.56,91.65,distribution,-15.4,0
ASM.AS,2026-08-04,MIRROR_ESPEJO,810.8,43,-5.445,False,6.3,7,-16,-25,60.91,27.55,up,-42.49,68.06,distribution,-21.56,91.65,distribution,-4.4,2
ASM.AS,2026-08-05,MIRROR_ESPEJO,820.2,44,-1.991,False,6,14,-9,-24,58.48,29.35,up,-42.49,68.06,distribution,-21.56,91.65,distribution,10.6,2.5
ASM.AS,2026-08-06,MIRROR_ESPEJO,833,46,1.415,True,5.7,6,-6,-23,58.88,31.27,up,-5.22,64.12,distribution,-21.56,91.65,distribution,5.4,4
ASM.AS,2026-08-07,MIRROR_ESPEJO,854,50,5.132,True,5.6,7,-8,-21,47.99,34.01,up,-5.22,64.12,distribution,2.35,87.35,up,6.5,5
ASM.AS,2026-08-10,MIRROR_ESPEJO,859.6,50,7.854,True,5.5,8,-6,-20,43.83,37.32,up,-5.22,64.12,distribution,2.35,87.35,up,9.3,5
ASM.AS,2026-08-11,MIRROR_ESPEJO,880,53,10.74,True,5.3,9,-1,-18,36.36,41.01,up,40.33,61.79,up,2.35,87.35,up,14.5,6.5
ASM.AS,2026-08-12,MIRROR_ESPEJO,897.8,56,13.38,True,5.1,9,-3,-17,42.27,45.73,up,40.33,61.79,up,2.35,87.35,up,13.9,6.5
ASM.AS,2026-08-13,MIRROR_ESPEJO,907.8,57,15.2,True,4.8,9,-2,-16,41.35,50.46,up,40.33,61.79,up,2.35,87.35,up,14.7,6.5
ASM.AS,2026-08-14,MIRROR_ESPEJO,893.8,55,14.86,True,4.7,5,-1,-17,26.02,54.96,up,48.53,60.99,up,18.05,84.54,up,9.7,7
ASM.AS,2026-08-17,MIRROR_ESPEJO,903,56,14.61,True,4.5,5,4,-16,27.44,59.87,up,48.53,60.99,up,18.05,84.54,up,14.7,7
ASM.AS,2026-08-18,MIRROR_ESPEJO,842.4,46,9.949,True,5,-4,-2,-22,23.21,62.64,up,48.53,60.99,up,18.05,84.54,up,-1.9,5
ASM.AS,2026-08-19,,822.2,43,5.326,True,5.1,-8,-9,-24,7.56,63.23,up,42.46,58.96,up,18.05,84.54,up,-12.3,3
ASM.AS,2026-08-20,,824.6,44,2.397,True,4.9,-9,-8,-24,8.01,62.6,up,42.46,58.96,up,18.05,84.54,up,-12.7,5
ASM.AS,2026-08-21,,830.4,45,0.8957,True,4.7,-7,-5,-23,6.94,62.94,up,42.46,58.96,up,15.79,81.57,up,-7.9,6
ASM.AS,2026-08-24,,822.4,43,-0.5154,False,4.6,-9,-4,-24,1.24,62.48,up,37.36,56.05,up,15.79,81.57,up,-11.5,5
ASM.AS,2026-08-25,,828.2,45,-0.9138,False,4.4,-2,4,-23,4.55,62.39,up,37.36,56.05,up,15.79,81.57,up,3.3,6
ASM.AS,2026-08-26,,822.6,44,-1.382,False,4.2,0,9,-24,0.63,61.69,up,37.36,56.05,up,15.79,81.57,up,9.7,5
ASM.AS,2026-08-27,,827.4,45,-1.203,False,4.2,0,15,-23,0.55,61.52,up,37.91,53.93,up,15.79,81.57,up,14.5,5.5
ASPI,2026-05-04,,5.16,51,0.0043,True,8.8,-9,20,-63,-2.47,77.04,distribution,-0.54,42.46,distribution,-4.62,36.01,distribution,3.2,-1.5
ASPI,2026-05-05,,5.13,50,-0.005215,False,8.6,-2,22,-63,-3.1,75.81,distribution,-0.54,42.46,distribution,-4.62,36.01,distribution,11.2,-0.5
ASPI,2026-05-06,,5.54,56,0.01456,True,8.1,12,36,-61,-2.73,76.03,distribution,-0.54,42.46,distribution,-4.62,36.01,distribution,42.2,-0.5
ASPI,2026-05-07,,5.33,53,0.01206,True,8.3,1,18,-62,-8.39,75.57,distribution,-0.48,44.63,distribution,-4.62,36.01,distribution,13.6,-1.5
ASPI,2026-05-08,,5.38,54,0.01228,True,7.9,4,28,-62,-5.91,74.99,distribution,-0.48,44.63,distribution,-4.1,37.36,distribution,25.2,-0.5
ASPI,2026-05-11,,6.22,64,0.0646,True,7.6,21,39,-56,-5.19,78.25,distribution,-0.48,44.63,distribution,-4.1,37.36,distribution,55.4,-2.5
ASPI,2026-05-12,,5.97,59,0.07712,True,8.1,16,18,-58,-10.69,80.07,distribution,-0.43,48.1,distribution,-4.1,37.36,distribution,32.6,-3.5
ASPI,2026-05-13,,6.32,63,0.1021,True,7.8,14,26,-55,-9.31,82.85,distribution,-0.43,48.1,distribution,-4.1,37.36,distribution,36.6,-2.5
ASPI,2026-05-14,,6.09,59,0.09645,True,8,14,13,-57,-13.34,84.82,distribution,-0.43,48.1,distribution,-4.1,37.36,distribution,26.2,-3.5
ASPI,2026-05-15,,5.8,55,0.06776,True,8.3,8,14,-59,-11.69,83.91,distribution,-0.94,53.3,distribution,-3.68,40.69,distribution,18.8,-1.5
ASPI,2026-05-18,,5.275,48,0.011,True,9.3,-15,-2,-62,-10.24,80.94,distribution,-0.94,53.3,distribution,-3.68,40.69,distribution,-21.6,-2
ASPI,2026-05-19,,4.84,43,-0.05466,False,10.1,-19,-12,-66,-20.22,74.63,distribution,-0.94,53.3,distribution,-3.68,40.69,distribution,-36.4,-4
ASPI,2026-05-20,,5.26,49,-0.06776,False,9.3,-17,4,-63,-6.72,69.54,distribution,-2.64,56.12,distribution,-3.68,40.69,distribution,-21.2,-1
ASPI,2026-05-21,,5.17,47,-0.07963,False,9.4,-15,-8,-63,-5.98,66.24,distribution,-2.64,56.12,distribution,-3.68,40.69,distribution,-28.4,-2
ASPI,2026-05-22,,5.55,52,-0.05993,False,9,-4,2,-60,5.22,65.29,up,-2.64,56.12,distribution,-4.32,42.78,distribution,-4.2,1
ASPI,2026-05-26,,6.93,65,0.04248,True,8.2,31,30,-51,4.66,71.08,up,-2.38,61.21,distribution,-4.32,42.78,distribution,63.2,-0.5
ASPI,2026-05-27,CONFIRMED_FLOW_LEADERS,6.67,61,0.08661,True,8.6,38,18,-53,-1.85,76.32,distribution,-2.38,61.21,distribution,-4.32,42.78,distribution,59,-3.5
ASPI,2026-05-28,CONFIRMED_FLOW_LEADERS,7.77,69,0.1785,True,8.1,48,48,-45,-1.66,82.16,distribution,-2.38,61.21,distribution,-4.32,42.78,distribution,96,-2.5
ASPI,2026-05-29,CONFIRMED_FLOW_LEADERS,7.78,69,0.2255,True,8.1,50,57,-45,-1.28,87.71,distribution,-2.13,69.19,distribution,-3.89,48.89,distribution,105.6,-3.5
ASPI,2026-06-01,CONFIRMED_FLOW_LEADERS,8.01,70,0.2555,True,7.9,44,52,-43,-1.13,92.04,distribution,-2.13,69.19,distribution,-3.89,48.89,distribution,94.4,-2.5
ASPI,2026-06-02,CONFIRMED_FLOW_LEADERS,8.33,72,0.2783,True,7.7,20,62,-41,5.51,96.36,up,-2.13,69.19,distribution,-3.89,48.89,distribution,76.6,-0.5
ASPI,2026-06-03,CONFIRMED_FLOW_LEADERS,7.55,62,0.2247,True,8.6,13,46,-46,-11.02,98.34,distribution,-2.46,76.56,distribution,-3.89,48.89,distribution,51.4,-3.5
ASPI,2026-06-04,CONFIRMED_FLOW_LEADERS,7.97,65,0.2021,True,8.5,3,55,-43,-1.11,99.42,distribution,-2.46,76.56,distribution,-3.89,48.89,distribution,46.6,-2.5
ASPI,2026-06-05,CONFIRMED_FLOW_LEADERS,6.71,52,0.09229,True,11,-14,21,-52,-0.97,98.14,distribution,-2.46,76.56,distribution,-6.68,53.99,distribution,-2,-2.5
ASPI,2026-06-08,CONFIRMED_FLOW_LEADERS,6.83,53,0.02155,True,10.6,-15,28,-51,2.09,96.92,up,-3.96,80.38,distribution,-6.68,53.99,distribution,5.4,1.5
ASPI,2026-06-09,CONFIRMED_FLOW_LEADERS,6.4,49,-0.05617,False,11.7,-23,19,-54,1.87,94.55,up,-3.96,80.38,distribution,-6.68,53.99,distribution,-13.4,0.5
ASPI,2026-06-10,CONFIRMED_FLOW_LEADERS,5.85,45,-0.1417,False,12.6,-23,-6,-58,-13.26,90.83,distribution,-3.96,80.38,distribution,-6.68,53.99,distribution,-36.4,-2
ASPI,2026-06-11,,6.23,49,-0.168,False,11.7,-22,4,-56,-11.44,87.18,distribution,-5,81.28,distribution,-6.68,53.99,distribution,-27.2,-1
ASPI,2026-06-12,,6.55,51,-0.1593,False,11,-2,4,-53,-9.88,85.1,distribution,-5,81.28,distribution,-6.48,56.97,distribution,-3.2,-1
ASPI,2026-06-15,,6.64,52,-0.1433,False,10.7,-3,9,-53,-6.69,84.04,distribution,-5,81.28,distribution,-6.48,56.97,distribution,-0.4,-1
ASPI,2026-06-16,,6.44,50,-0.1418,False,10.8,1,11,-54,-10.52,82.15,distribution,-3.9,81.94,distribution,-6.48,56.97,distribution,6,-1.5
ASPI,2026-06-17,,6.68,52,-0.1211,False,10.4,14,27,-52,-9.1,80.6,distribution,-3.9,81.94,distribution,-6.48,56.97,distribution,34.4,-0.5
ASPI,2026-06-18,,7.18,57,-0.07255,False,9.6,15,48,-49,-8.01,80.04,distribution,-3.9,81.94,distribution,-6.48,56.97,distribution,53.4,-0.5
ASPI,2026-06-22,CONFIRMED_FLOW_LEADERS,7.28,57,-0.03446,False,9.3,11,38,-48,-7.05,79.73,distribution,-1.31,83.17,distribution,-3.83,60.01,distribution,40.6,-0.5
ASPI,2026-06-23,CONFIRMED_FLOW_LEADERS,7.08,55,-0.02398,False,9.6,7,37,-50,-10.36,78.74,distribution,-1.31,83.17,distribution,-3.83,60.01,distribution,34,-1.5
ASPI,2026-06-24,CONFIRMED_FLOW_LEADERS,7.06,55,-0.01983,False,9.6,10,27,-50,-9,77.5,distribution,-1.31,83.17,distribution,-3.83,60.01,distribution,29.6,-1.5
ASPI,2026-06-25,CONFIRMED_FLOW_LEADERS,6.35,47,-0.06384,False,11.6,-5,-8,-55,-7.79,74.88,distribution,-1.17,83.26,distribution,-3.83,60.01,distribution,-16.4,-3
ASPI,2026-06-26,CONFIRMED_FLOW_LEADERS,6.17,46,-0.1018,False,11.6,-14,-7,-56,-6.75,70.21,distribution,-1.17,83.26,distribution,-3.43,61.79,distribution,-26.4,-2
ASPI,2026-06-29,,6.22,46,-0.119,False,11.2,-15,-20,-56,-4.7,66.18,distribution,-1.17,83.26,distribution,-3.43,61.79,distribution,-38,-2
ASPI,2026-06-30,,6.22,46,-0.1252,False,11,-12,-20,-56,-4.15,63.03,distribution,-1.44,82.04,distribution,-3.43,61.79,distribution,-34.4,-2
ASPI,2026-07-01,,6.17,46,-0.1272,False,10.9,-13,-23,-56,-4.84,60.04,distribution,-1.44,82.04,distribution,-3.43,61.79,distribution,-38,-2
ASPI,2026-07-02,,5.63,40,-0.1573,False,12.2,-11,-32,-60,-4.23,56.22,distribution,-1.44,82.04,distribution,-3.43,61.79,distribution,-42.8,-4
ASPI,2026-07-06,,5.53,39,-0.1751,False,12,-10,-27,-61,-6.27,51.5,distribution,-3.4,79.99,distribution,-5.12,61.73,distribution,-37.6,-4
ASPI,2026-07-07,,5.06,35,-0.2074,False,12.9,-19,-37,-64,-5.49,46.31,down,-3.4,79.99,distribution,-5.12,61.73,distribution,-57.4,-5
ASPI,2026-07-08,,4.94,33,-0.2244,False,12.8,-21,-26,-65,-8.31,41.4,down,-3.4,79.99,distribution,-5.12,61.73,distribution,-51,-5
ASPI,2026-07-09,,5.145,37,-0.2095,False,11.8,-17,-25,-63,-1.42,37.67,down,-4.25,76.22,distribution,-5.12,61.73,distribution,-45.4,-4
ASPI,2026-07-10,,5.01,36,-0.1967,False,11.9,-11,-22,-64,-1.25,34.64,down,-4.25,76.22,distribution,-6.78,60.04,distribution,-35.8,-5
ASPI,2026-07-13,,4.59,32,-0.2037,False,12.7,-17,-22,-67,-1.1,30.76,down,-4.25,76.22,distribution,-6.78,60.04,distribution,-43,-6
ASPI,2026-07-14,,4.7,34,-0.1883,False,12,-7,-25,-67,2.65,27.93,accumulation,-3.8,71.84,distribution,-6.78,60.04,distribution,-30.4,0
ASPI,2026-07-15,,4.58,33,-0.174,False,12.2,-7,-30,-67,2.32,25.7,accumulation,-3.8,71.84,distribution,-6.78,60.04,distribution,-34.4,-4
ASPI,2026-07-16,,3.945,28,-0.1936,False,14.4,-23,-41,-72,2.03,22.81,accumulation,-3.8,71.84,distribution,-6.78,60.04,distribution,-62.4,-4
ASPI,2026-07-17,,3.875,27,-0.197,False,14.3,-23,-40,-72,-0.96,20.27,down,-3.4,66.12,distribution,-5.88,56.26,distribution,-64.6,-5
ASPI,2026-07-20,,3.89,27,-0.184,False,13.6,-15,-42,-72,-0.26,18.37,down,-3.4,66.12,distribution,-5.88,56.26,distribution,-56.6,-5
ASPI,2026-07-21,,4.26,35,-0.1385,False,12.4,-9,-41,-70,-0.23,17.67,down,-3.4,66.12,distribution,-5.88,56.26,distribution,-48.6,-4
ASPI,2026-07-22,,4.08,33,-0.1098,False,12.5,-11,-44,-71,-7.08,17.34,distribution,-2.12,60.53,down,-5.88,56.26,distribution,-52.4,-6
ASPI,2026-07-23,,4.04,33,-0.08384,False,12,2,-43,-71,-7.92,17.04,distribution,-2.12,60.53,down,-5.88,56.26,distribution,-36,-4
ASPI,2026-07-24,,3.87,31,-0.06913,False,12,0,-45,-72,-13.76,16.93,distribution,-2.12,60.53,down,-5.13,51.67,distribution,-40,-5
ASPI,2026-07-27,,4.05,35,-0.03973,False,11.1,4,-36,-71,-12.45,17.43,distribution,-2.04,55.13,down,-5.13,51.67,distribution,-28,-3
ASPI,2026-07-28,,3.775,32,-0.03162,False,11.7,-11,-39,-73,-11.23,17.71,distribution,-2.04,55.13,down,-5.13,51.67,distribution,-48.4,-6
ASPI,2026-07-29,,3.54,30,-0.03466,False,12.3,-13,-43,-75,-10.1,17.23,down,-2.04,55.13,down,-5.13,51.67,distribution,-55,-6
ASPI,2026-07-30,,3.98,38,-0.001358,False,11,-1,-36,-72,12.52,17.27,up,-1.83,49.58,down,-5.13,51.67,distribution,-31,0
ASPI,2026-07-31,,4,39,0.02617,True,10.7,3,-35,-72,12.21,18.51,up,-1.83,49.58,down,-4.46,47.31,distribution,-23.4,-1
ASPI,2026-08-03,,4.14,41,0.05623,True,10.2,2,-26,-71,10.85,19.92,up,-1.83,49.58,down,-4.46,47.31,distribution,-17.4,0
ASPI,2026-08-04,,4.29,44,0.08682,True,9.6,14,-22,-69,9.63,22.82,up,-0.13,45.02,down,-4.46,47.31,distribution,0.2,0.5
ASPI,2026-08-05,,4.05,41,0.09104,True,10,14,-20,-71,-3.23,25.37,distribution,-0.13,45.02,down,-4.46,47.31,distribution,-1.2,-2.5
ASTS,2026-04-28,,71.88,38,-1.706,False,10.5,-10,-9,-41,-25.49,40.31,distribution,-2.78,53.8,distribution,8.5,76.19,up,-21.7,-4
ASTS,2026-04-29,,69.85,37,-1.889,False,10.5,-17,-5,-43,-27.53,36.53,down,-19.99,49.36,distribution,8.5,76.19,up,-27.9,-3
ASTS,2026-04-30,,73.9,41,-1.624,False,9.7,-6,-11,-39,-11.72,34.2,distribution,-19.99,49.36,distribution,8.5,76.19,up,-18.5,-2
ASTS,2026-05-01,,70.89,39,-1.539,False,9.7,-7,-16,-42,-18.64,32.06,distribution,-19.99,49.36,distribution,-0.68,71.33,distribution,-25.2,-5
ASTS,2026-05-04,,68.43,37,-1.534,False,9.7,-11,-26,-44,-22.62,29.89,distribution,-20.89,44.87,distribution,-0.68,71.33,distribution,-38,-5
ASTS,2026-05-05,,63.87,34,-1.708,False,10.2,-11,-33,-48,-19.25,27.5,down,-20.89,44.87,distribution,-0.68,71.33,distribution,-44.6,-6
ASTS,2026-05-06,,70.68,42,-1.257,False,9.4,1,-24,-42,2.89,26.1,accumulation,-20.89,44.87,distribution,-0.68,71.33,distribution,-20,3
ASTS,2026-05-07,,65.35,38,-1.21,False,10.4,-12,-32,-46,2.53,25.29,accumulation,-17.82,40.75,down,-0.68,71.33,distribution,-42,-3
ASTS,2026-05-08,,75.05,47,-0.4557,False,9.3,6,-18,-39,2.22,25.98,up,-17.82,40.75,down,-0.6,65.92,distribution,-8.2,3
ASTS,2026-05-11,,82.55,53,0.5625,True,8.7,21,-13,-32,1.94,29.36,up,-17.82,40.75,down,-0.6,65.92,distribution,15.8,1.5
ASTS,2026-05-12,,72.96,46,0.6008,True,10.4,14,-26,-40,-21.71,30.41,distribution,-15.25,38.91,distribution,-0.6,65.92,distribution,-6,-1.5
ASTS,2026-05-13,,74.81,48,0.7517,True,10,6,-16,-39,-14.2,32,distribution,-15.25,38.91,distribution,-0.6,65.92,distribution,-7.6,-1
ASTS,2026-05-14,,83.01,54,1.369,True,9.2,27,-4,-32,-12.2,35.43,distribution,-15.25,38.91,distribution,-0.6,65.92,distribution,27.2,-0.5
ASTS,2026-05-15,,83.67,54,1.761,True,9.3,11,-8,-31,-9.16,39.65,distribution,11.7,38.81,up,-0.52,62.89,distribution,4.8,-0.5
ASTS,2026-05-18,,86.83,56,2.148,True,9,5,2,-29,-7.93,45.64,distribution,11.7,38.81,up,-0.52,62.89,distribution,6.6,2
ASTS,2026-05-19,,88.1,57,2.386,True,9.2,21,9,-28,-4.38,50.94,distribution,11.7,38.81,up,-0.52,62.89,distribution,31.4,0.5
ASTS,2026-05-20,,89.58,58,2.525,True,8.9,20,12,-27,-0.91,56.7,distribution,10.24,41.35,up,-0.52,62.89,distribution,32.6,1.5
ASTS,2026-05-21,,96.23,63,2.92,True,8.3,16,14,-21,-0.79,63.04,distribution,10.24,41.35,up,-0.52,62.89,distribution,30.4,0.5
ASTS,2026-05-22,,105.86,68,3.637,True,7.8,27,34,-13,-0.69,70.56,distribution,10.24,41.35,up,27.27,63.31,up,62.1,2.5
ASTS,2026-05-26,EARLY_ROTATION,119.7,74,4.78,True,7.7,38,57,-2,-0.61,78.72,distribution,8.96,48.1,up,27.27,63.31,up,94.7,0.5
ASTS,2026-05-27,EARLY_ROTATION,129.6,77,5.867,True,7.3,47,68,0,14.05,85.7,up,8.96,48.1,up,27.27,63.31,up,117.3,3.5
ASTS,2026-05-28,EARLY_ROTATION,133.09,78,6.44,True,7.2,49,85,0,17.43,91.56,up,8.96,48.1,up,27.27,63.31,up,133.3,3.5
ASTS,2026-05-29,EARLY_ROTATION,113.41,61,5.167,True,9.6,18,62,-15,15.25,92.86,up,7.84,56.4,up,23.86,67.57,up,75.7,3.5
ASTS,2026-06-01,EARLY_ROTATION,105.65,56,3.552,True,10.4,0,43,-21,-0.06,92.48,distribution,7.84,56.4,up,23.86,67.57,up,35.9,2.5
ASTS,2026-06-02,EARLY_ROTATION,118.17,62,3.095,True,9.5,-1,67,-11,21.58,93,up,7.84,56.4,up,23.86,67.57,up,56.9,5.5
ASTS,2026-06-03,EARLY_ROTATION,107.73,56,1.914,True,10.4,-17,57,-19,0.84,92.58,up,-2.94,61.11,distribution,23.86,67.57,up,29.7,4.5
ASTS,2026-06-04,EARLY_ROTATION,107.29,55,0.9759,True,10.4,-19,68,-19,-0.02,91.21,distribution,-2.94,61.11,distribution,23.86,67.57,up,32.1,1.5
ASTS,2026-06-05,EARLY_ROTATION,93.6,48,-0.6091,False,12.3,-17,32,-30,-0.02,88.48,distribution,-2.94,61.11,distribution,-2.23,69.1,distribution,1.2,-0.5
ASTS,2026-06-08,EARLY_ROTATION,92.06,47,-1.739,False,12.1,-13,41,-31,-3.07,85.14,distribution,-29.61,63.03,distribution,-2.23,69.1,distribution,13.2,-0.5
ASTS,2026-06-09,EARLY_ROTATION,88.71,45,-2.637,False,12.9,-25,18,-33,-2.69,81.78,distribution,-29.61,63.03,distribution,-2.23,69.1,distribution,-19.6,-1.5
ASTS,2026-06-10,EARLY_ROTATION,87.32,45,-3.211,False,12.7,-19,6,-34,-5.21,77.86,distribution,-29.61,63.03,distribution,-2.23,69.1,distribution,-22,-1
ASTS,2026-06-11,,97.56,51,-2.802,False,11.4,-9,34,-27,-4.56,74.75,distribution,-25.2,63.37,distribution,-2.23,69.1,distribution,12.4,1.5
ASTS,2026-06-12,,82.41,43,-3.413,False,13.9,-12,10,-38,-3.99,70.88,distribution,-25.2,63.37,distribution,-1.97,67.85,distribution,-10.4,-4
ASTS,2026-06-15,,87.57,46,-3.327,False,12.7,-5,5,-34,7.75,66.21,up,-25.2,63.37,distribution,-1.97,67.85,distribution,-3,1
ASTS,2026-06-16,,82.25,44,-3.469,False,13.3,-7,-2,-38,-4.81,61.02,distribution,-21.37,62.43,distribution,-1.97,67.85,distribution,-14,-3
ASTS,2026-06-17,,85.43,46,-3.198,False,12.4,-2,-2,-36,-4.21,56.42,distribution,-21.37,62.43,distribution,-1.97,67.85,distribution,-8,-1
ASTS,2026-06-18,,80.66,43,-3.181,False,13,-17,-8,-39,-3.68,51.83,down,-21.37,62.43,distribution,-1.97,67.85,distribution,-31.8,-3
ASTS,2026-06-22,,73.19,40,-3.489,False,14.1,-11,-18,-45,-19.81,46.94,down,-33.51,59.92,distribution,-4.06,65.21,distribution,-32.6,-4
ASTS,2026-06-23,,72.87,40,-3.521,False,13.7,-17,-24,-45,-18.05,41.83,down,-33.51,59.92,distribution,-4.06,65.21,distribution,-44.6,-3
ASTS,2026-06-24,,68.01,37,-3.66,False,14.3,-17,-36,-49,-15.59,37.03,down,-33.51,59.92,distribution,-4.06,65.21,distribution,-54.2,-5
ASTS,2026-06-25,,65.62,36,-3.692,False,14.3,-23,-45,-51,-13.38,32.65,down,-40.02,56.05,distribution,-4.06,65.21,distribution,-68.6,-5
ASTS,2026-06-26,,71.45,41,-3.124,False,13,-11,-45,-46,2.22,29.71,accumulation,-40.02,56.05,distribution,-3.63,60.83,distribution,-51.2,2
ASTS,2026-06-29,,86.77,51,-1.595,False,11.2,19,-35,-35,1.94,29.92,up,-40.02,56.05,distribution,-3.63,60.83,distribution,-6.2,3.5
ASTS,2026-06-30,,88.86,52,-0.3856,False,10.8,22,-22,-33,5.81,31.46,up,-33.35,54.11,distribution,-3.63,60.83,distribution,7.8,1.5
ASTS,2026-07-01,,86.1,50,0.2517,True,11.1,27,-19,-35,-0.35,33.66,distribution,-33.35,54.11,distribution,-3.63,60.83,distribution,15.2,-1.5
ASTS,2026-07-02,,85.13,50,0.6107,True,11.1,30,-28,-36,-2.21,35.25,distribution,-33.35,54.11,distribution,-3.63,60.83,distribution,11.6,-1.5
ASTS,2026-07-06,,80.64,47,0.5504,True,11.6,13,-25,-39,-10.71,36.69,distribution,-36.61,53.95,distribution,18.23,58.64,up,-4.9,-0.5
ASTS,2026-07-07,,74.21,43,0.1054,True,12.4,-14,-31,-44,-9.25,36.89,distribution,-36.61,53.95,distribution,18.23,58.64,up,-42.1,-3
ASTS,2026-07-08,,74.95,43,-0.1001,False,11.8,-16,-20,-44,-6.48,36.86,distribution,-36.61,53.95,distribution,18.23,58.64,up,-37.7,-2
ASTS,2026-07-09,,73.88,43,-0.2599,False,11.5,-14,-20,-44,-5.62,36.13,distribution,-37.3,52.69,distribution,18.23,58.64,up,-35.3,-2
ASTS,2026-07-10,,73.32,42,-0.3497,False,11,-14,-17,-45,-6.04,35.55,distribution,-37.3,52.69,distribution,-2.62,56.2,distribution,-34.4,-3
ASTS,2026-07-13,,67.58,39,-0.7205,False,11.8,-16,-23,-49,-5.25,34.41,distribution,-37.3,52.69,distribution,-2.62,56.2,distribution,-41.6,-5
ASTS,2026-07-14,,68.82,40,-0.8011,False,11.3,-7,-29,-48,-1.82,33.87,distribution,-35.91,50.58,distribution,-2.62,56.2,distribution,-35.6,-3
ASTS,2026-07-15,,66.31,38,-0.9329,False,11.5,-12,-20,-50,-1.59,33,distribution,-35.91,50.58,distribution,-2.62,56.2,distribution,-34.4,-5
ASTS,2026-07-16,,55.01,32,-1.649,False,14.5,-26,-37,-59,-1.38,30.1,down,-35.91,50.58,distribution,-2.62,56.2,distribution,-65.8,-7
ASTS,2026-07-17,,57.8,35,-1.79,False,13.7,-21,-30,-57,6.53,27.98,accumulation,-30.07,47.27,distribution,-2.36,51.61,down,-51.7,1
ASTS,2026-07-20,,57.42,35,-1.763,False,13.3,-15,-33,-57,4.66,25.85,accumulation,-30.07,47.27,distribution,-2.36,51.61,down,-46.9,-2
AWX,2026-07-17,,2.58,53,0.01031,True,3,-1,4,-49,-2.58,86.27,distribution,-0.84,59.54,distribution,-1.96,49.12,distribution,1.5,-2
AWX,2026-07-20,,2.53,48,0.003373,True,3.2,-2,1,-50,-18.31,85.42,distribution,-0.84,59.54,distribution,-1.96,49.12,distribution,-2.6,-2
AWX,2026-07-21,,2.53,48,-0.001317,False,3.2,-1,4,-50,-16.02,82.73,distribution,-0.84,59.54,distribution,-1.96,49.12,distribution,-1,-2
AWX,2026-07-22,,2.51,45,-0.005624,False,3.2,-6,1,-50,-14.02,79.73,distribution,-3.62,61.56,distribution,-1.96,49.12,distribution,-9.4,-2
AWX,2026-07-23,,2.55,50,-0.005623,False,3.2,-4,2,-50,-12.26,78.44,distribution,-3.62,61.56,distribution,-1.96,49.12,distribution,-6.2,-2
AWX,2026-07-24,,2.58,54,-0.003547,False,3.1,0,4,-49,-1.18,76.74,distribution,-3.62,61.56,distribution,-1.71,51.79,distribution,0.2,1
AWX,2026-07-27,,2.56,51,-0.003463,False,3.1,1,3,-49,-7.4,76.46,distribution,-3.15,63.98,distribution,-1.71,51.79,distribution,0.6,0
AWX,2026-07-28,,2.59,55,-0.001432,False,3.1,2,4,-49,3.08,74.8,up,-3.15,63.98,distribution,-1.71,51.79,distribution,5.6,2
AWX,2026-07-29,,2.54,49,-0.003389,False,3.2,1,3,-50,-13.23,72.39,distribution,-3.15,63.98,distribution,-1.71,51.79,distribution,0.6,0
AWX,2026-07-30,,2.53,47,-0.005184,False,3.3,-1,2,-50,-11.57,68.96,distribution,-3.94,63.33,distribution,-1.71,51.79,distribution,-2.6,-2
AWX,2026-07-31,,2.56,51,-0.004218,False,3.3,-1,2,-49,-0.54,65.17,distribution,-3.94,63.33,distribution,-3.17,53.3,distribution,-2.6,-2
AWX,2026-08-03,,2.57,52,-0.002839,False,3.1,0,2,-49,-0.47,64.18,distribution,-3.94,63.33,distribution,-3.17,53.3,distribution,-1.4,1
AWX,2026-08-04,,2.52,46,-0.005096,False,3.2,-3,0,-50,-0.41,62.54,distribution,-3.83,61.66,distribution,-3.17,53.3,distribution,-6.6,-2
AWX,2026-08-05,,2.55,50,-0.004396,False,3.3,0,0,-50,-0.36,59.13,distribution,-3.83,61.66,distribution,-3.17,53.3,distribution,-3,0
AWX,2026-08-06,,2.56,51,-0.003147,False,3.2,1,-1,-49,-0.31,59.1,distribution,-3.83,61.66,distribution,-3.17,53.3,distribution,-2.6,1
AWX,2026-08-07,,2.6,56,0.0003033,True,3.1,2,0,-49,-0.28,62.37,distribution,-3.33,63.45,distribution,-2.76,56.54,distribution,2.4,1
AWX,2026-08-10,,2.8,71,0.01516,True,3.4,9,7,-45,62.72,73.02,up,-3.33,63.45,distribution,-2.76,56.54,distribution,20.4,-1.5
AWX,2026-08-11,CAVA_MACRO,2.86,74,0.02742,True,3.6,13,11,-43,73.77,80.26,up,-3.33,63.45,distribution,-2.76,56.54,distribution,28.4,-1.5
AWX,2026-08-12,CAVA_MACRO,2.75,62,0.0265,True,4,8,8,-46,29.92,85.04,up,2.84,73.4,up,-2.76,56.54,distribution,19,-1
AWX,2026-08-13,CAVA_MACRO,2.8,65,0.02752,True,4,9,5,-45,41.92,89.21,up,2.84,73.4,up,-2.76,56.54,distribution,17.8,-0.5
AWX,2026-08-14,CAVA_MACRO,2.78,63,0.02517,True,4.3,7,5,-45,30.38,91.06,up,2.84,73.4,up,12.4,66,up,16.9,1
AWX,2026-08-17,CAVA_MACRO,2.77,62,0.02141,True,4.4,-1,7,-45,23.44,93.31,up,3.25,79.65,up,12.4,66,up,8.9,1
AWX,2026-08-18,CAVA_MACRO,2.75,59,0.01627,True,4.5,-4,9,-46,14.21,94.01,up,3.25,79.65,up,12.4,66,up,6.9,1
AWX,2026-08-19,CAVA_MACRO,2.74,58,0.01115,True,4.4,0,8,-46,12.43,94.58,up,3.25,79.65,up,12.4,66,up,10.9,5
AWX,2026-08-20,CAVA_MACRO,2.68,52,0.003084,True,4.5,-4,7,-47,-8.08,94.41,distribution,-0.61,83.27,distribution,12.4,66,up,1.3,-1
AWX,2026-08-21,CAVA_MACRO,2.67,51,-0.003217,False,4.3,-4,5,-47,-10.23,94.32,distribution,-0.61,83.27,distribution,1.8,72.05,up,-2.3,0
AWX,2026-08-24,,2.77,59,-0.001056,False,4.1,0,7,-45,-8.95,95.14,distribution,-0.61,83.27,distribution,1.8,72.05,up,5.1,-1
AWX,2026-08-25,,2.71,54,-0.003913,False,4.1,-1,6,-46,-26.1,95.55,distribution,0.62,86.73,up,1.8,72.05,up,2.1,0
AWX,2026-08-26,,2.72,54,-0.005288,False,3.9,-1,5,-46,-22.84,95.63,distribution,0.62,86.73,up,1.8,72.05,up,1.3,1
AWX,2026-08-27,,2.7,52,-0.007566,False,3.8,1,6,-47,-26.05,94.29,distribution,0.62,86.73,up,1.8,72.05,up,4.5,2
AWX,2026-08-28,,2.67,50,-0.01091,False,3.7,0,6,-47,-23.1,90.69,distribution,-0.99,89.04,distribution,1.57,76.79,up,3.3,1
BBAR,2026-05-11,,15.56,54,0.06285,True,5.3,13,-5,-30,11.39,47.41,up,0.27,46.64,up,-1.32,51.92,distribution,13.6,2.5
BBAR,2026-05-12,,14.93,49,0.05541,True,5.5,3,-8,-33,-4.8,48.35,distribution,-3,47.77,distribution,-1.32,51.92,distribution,-3.8,-1
BBAR,2026-05-13,,14.44,45,0.01814,True,5.7,-8,-10,-35,-4.2,48,distribution,-3,47.77,distribution,-1.32,51.92,distribution,-18.6,-3
BBAR,2026-05-14,,14.81,48,0.01896,True,5.5,-4,-9,-34,-3.67,48.12,distribution,-3,47.77,distribution,-1.32,51.92,distribution,-13,-1
BBAR,2026-05-15,,14.26,44,-0.01514,False,5.7,-4,-14,-36,-16.21,47.24,distribution,-2.62,48.51,distribution,-5.91,49.46,distribution,-19,-3
BBAR,2026-05-18,,14.76,48,-0.0023,False,5.6,-5,-10,-34,-14.18,46.51,distribution,-2.62,48.51,distribution,-5.91,49.46,distribution,-17,-1
BBAR,2026-05-19,,13.97,43,-0.04303,False,5.9,-6,-17,-37,-30.01,45.54,distribution,-2.62,48.51,distribution,-5.91,49.46,distribution,-23.8,-4
BBAR,2026-05-20,,14.94,50,-0.002778,False,5.6,3,-10,-32,-25.31,45.77,distribution,3.06,49.56,up,-5.91,49.46,distribution,-7.4,0
BBAR,2026-05-21,,16.26,58,0.1085,True,5.5,10,5,-25,-21.46,50.06,distribution,3.06,49.56,up,-5.91,49.46,distribution,17,2.5
BBAR,2026-05-22,,15.28,52,0.1113,True,6,7,6,-29,-34.67,54.52,distribution,3.06,49.56,up,-5.17,48.19,distribution,12.2,0
BBAR,2026-05-26,,16.65,59,0.1958,True,5.7,13,15,-23,-29.08,59.92,distribution,2.68,52.83,up,-5.17,48.19,distribution,28.6,0.5
BBAR,2026-05-27,,17.5,62,0.2935,True,5.7,25,22,-17,-24.55,67.55,distribution,2.68,52.83,up,-5.17,48.19,distribution,48.6,-0.5
BBAR,2026-05-28,,17.62,63,0.3469,True,5.6,18,19,-16,-19.27,74.52,distribution,2.68,52.83,up,-5.17,48.19,distribution,37.8,0.5
BBAR,2026-05-29,,18.35,66,0.4081,True,5.4,13,29,-13,-6.95,80.77,distribution,2.34,59.12,up,-4.53,50.17,distribution,40.8,1.5
BBAR,2026-06-01,,18.81,68,0.4526,True,5.3,23,32,-11,-6.03,86.54,distribution,2.34,59.12,up,-4.53,50.17,distribution,55.2,1.5
BBAR,2026-06-02,,18.87,68,0.4579,True,5.2,13,39,-10,-4.47,90.9,distribution,2.34,59.12,up,-4.53,50.17,distribution,49.8,1.5
BBAR,2026-06-03,CONFIRMED_FLOW_LEADERS,17.71,59,0.3594,True,5.7,1,28,-16,-3.89,93.2,distribution,-2.05,65.73,distribution,-4.53,50.17,distribution,24.6,-1.5
BBAR,2026-06-04,CONFIRMED_FLOW_LEADERS,17.75,59,0.2768,True,5.5,1,23,-16,-2.85,94.26,distribution,-2.05,65.73,distribution,-4.53,50.17,distribution,20.6,-0.5
BBAR,2026-06-05,CONFIRMED_FLOW_LEADERS,17.5,57,0.1893,True,5.4,-5,12,-17,-5.83,94.12,distribution,-2.05,65.73,distribution,-9.48,53.69,distribution,4.6,1.5
BBAR,2026-06-08,CONFIRMED_FLOW_LEADERS,17.24,55,0.1022,True,5.4,-8,12,-18,-5.06,93.59,distribution,-4.81,70.01,distribution,-9.48,53.69,distribution,0,0.5
BBAR,2026-06-09,CONFIRMED_FLOW_LEADERS,18.14,60,0.09387,True,5.3,-4,22,-14,-4.4,93.73,distribution,-4.81,70.01,distribution,-9.48,53.69,distribution,13.8,0.5
BBAR,2026-06-10,CONFIRMED_FLOW_LEADERS,17.66,57,0.04695,True,5.3,0,13,-16,-9.84,93.46,distribution,-4.81,70.01,distribution,-9.48,53.69,distribution,11.4,0.5
BBAR,2026-06-11,CONFIRMED_FLOW_LEADERS,20.19,68,0.1703,True,5.2,14,35,-4,-8.51,95,distribution,-4.21,75.05,distribution,-9.48,53.69,distribution,47.8,-1.5
BBAR,2026-06-12,CONFIRMED_FLOW_LEADERS,20.62,69,0.2595,True,5,18,43,-2,-2.75,97.99,distribution,-4.21,75.05,distribution,-8.24,58.69,distribution,59,-1.5
BBAR,2026-06-15,CONFIRMED_FLOW_LEADERS,20.69,69,0.2991,True,4.8,20,40,-2,-1.69,100.55,distribution,-4.21,75.05,distribution,-8.24,58.69,distribution,59,-1.5
BBAR,2026-06-16,CONFIRMED_FLOW_LEADERS,20.58,69,0.2933,True,4.7,13,44,-2,-1.51,101.47,distribution,-1.56,80.7,distribution,-8.24,58.69,distribution,53.8,-1.5
BBAR,2026-06-17,CONFIRMED_FLOW_LEADERS,21.04,70,0.2951,True,4.9,19,43,0,-1.35,102.62,distribution,-1.56,80.7,distribution,-8.24,58.69,distribution,60.2,-2.5
BBAR,2026-06-18,CONFIRMED_FLOW_LEADERS,21.9,73,0.3265,True,4.8,8,57,0,8.66,103.75,up,-1.56,80.7,distribution,-8.24,58.69,distribution,61.2,0.5
BBAR,2026-06-22,CONFIRMED_FLOW_LEADERS,20.99,66,0.2609,True,5.1,2,40,-4,7.74,103.28,up,-1.39,85.72,distribution,-0.2,65.54,distribution,40.4,-0.5
BBAR,2026-06-23,CONFIRMED_FLOW_LEADERS,20.39,61,0.1573,True,5.2,-1,25,-7,-0.56,101.27,distribution,-1.39,85.72,distribution,-0.2,65.54,distribution,20.8,-0.5
BBAR,2026-06-24,CONFIRMED_FLOW_LEADERS,18.95,52,-0.01869,False,5.8,-8,24,-13,-18.78,98.06,distribution,-1.39,85.72,distribution,-0.2,65.54,distribution,7.6,1.5
BBAR,2026-06-25,CONFIRMED_FLOW_LEADERS,19.06,53,-0.1319,False,5.7,-9,14,-13,-15.15,93.89,distribution,-11.82,87.86,distribution,-0.2,65.54,distribution,-1.6,2.5
BBAR,2026-06-26,CONFIRMED_FLOW_LEADERS,19.23,54,-0.1957,False,5.6,-12,10,-12,-11.21,90.31,distribution,-11.82,87.86,distribution,-0.18,70.29,distribution,-8.4,2
BBAR,2026-06-29,,19.62,56,-0.2106,False,5.5,-7,11,-10,-9.7,88.05,distribution,-11.82,87.86,distribution,-0.18,70.29,distribution,0.4,2.5
BBAR,2026-06-30,,19.61,56,-0.2193,False,5.5,-4,7,-10,-8.53,85.61,distribution,-7.29,89.24,distribution,-0.18,70.29,distribution,0.8,1
BBAR,2026-07-01,,19.35,54,-0.2389,False,5.5,2,3,-12,-7.61,83.13,distribution,-7.29,89.24,distribution,-0.18,70.29,distribution,2.8,3
BBAR,2026-07-02,,19.45,54,-0.2409,False,5.4,2,3,-11,-5.48,80.82,distribution,-7.29,89.24,distribution,-0.18,70.29,distribution,2.8,4
BBAR,2026-07-06,,20.76,62,-0.154,False,5.3,8,17,-5,-4.95,79.51,distribution,-6.33,91.1,distribution,1.21,73.24,up,24.7,1.5
BBAR,2026-07-07,,20.08,57,-0.1426,False,5.5,2,13,-8,-4.45,79,distribution,-6.33,91.1,distribution,1.21,73.24,up,14.3,2.5
BBAR,2026-07-08,,19.49,53,-0.173,False,5.5,-1,11,-11,-11.99,77.16,distribution,-6.33,91.1,distribution,1.21,73.24,up,7.1,2.5
BBAR,2026-07-09,,19.4,52,-0.1957,False,5.5,0,13,-11,-11.84,74.6,distribution,-12.32,92.13,distribution,1.21,73.24,up,9.9,2.5
BBAR,2026-07-10,,21.16,62,-0.09393,False,5.3,9,17,-3,-10.71,73.78,distribution,-12.32,92.13,distribution,1.06,76.28,up,25.9,-0.5
BBAR,2026-07-13,,19.98,54,-0.1068,False,5.7,-4,13,-9,-24.76,73.53,distribution,-12.32,92.13,distribution,1.06,76.28,up,6.1,2.5
BBAR,2026-07-14,,20.05,54,-0.111,False,5.8,0,-1,-8,-20.77,72.76,distribution,-10.79,93,distribution,1.06,76.28,up,-0.3,4
BBAR,2026-07-15,,20.71,58,-0.07143,False,5.5,6,0,-5,-18.44,72.84,distribution,-10.79,93,distribution,1.06,76.28,up,8.7,4
BBAR,2026-07-16,,19.55,50,-0.1226,False,5.8,1,-6,-11,-30.76,71.72,distribution,-10.79,93,distribution,1.06,76.28,up,-4.1,3
BBAR,2026-07-17,,19.52,50,-0.1556,False,5.7,-8,-5,-11,-26.61,68.16,distribution,-12,93.32,distribution,-8.39,78.4,distribution,-15.6,2
BBAR,2026-07-20,,19.59,51,-0.1686,False,5.6,-2,-7,-11,-22.54,65.24,distribution,-12,93.32,distribution,-8.39,78.4,distribution,-10,2
BBAR,2026-07-21,,20.06,54,-0.1427,False,5.3,0,-8,-8,-13.82,64.11,distribution,-12,93.32,distribution,-8.39,78.4,distribution,-7.4,3
BBAR,2026-07-22,,20.87,58,-0.07153,False,5,1,-1,-5,-11.89,66.07,distribution,-10.55,93.73,distribution,-8.39,78.4,distribution,0.4,4
BBAR,2026-07-23,,18.86,46,-0.1556,False,5.9,-4,-8,-14,-31.21,64.95,distribution,-10.55,93.73,distribution,-8.39,78.4,distribution,-13.2,1
BBAR,2026-07-24,,18.86,46,-0.204,False,5.9,-3,0,-14,-26.28,61.82,distribution,-10.55,93.73,distribution,-7.27,79.25,distribution,-5.6,1
BBAR,2026-07-27,,19.17,48,-0.2072,False,5.6,-2,1,-12,-19.34,58.82,distribution,-16.91,93.16,distribution,-7.27,79.25,distribution,-3.6,2
BBAR,2026-07-28,,18.84,46,-0.2223,False,5.7,-6,-2,-14,-16.56,55.1,distribution,-16.91,93.16,distribution,-7.27,79.25,distribution,-10.8,1
BBAR,2026-07-29,,18.84,46,-0.2224,False,5.6,-10,-4,-14,-14.39,52.36,distribution,-16.91,93.16,distribution,-7.27,79.25,distribution,-17.2,2
BBAR,2026-07-30,,19.78,52,-0.1527,False,5.4,5,1,-10,-12.52,52.22,distribution,-11.98,91.63,distribution,-7.27,79.25,distribution,5.8,3
BBAR,2026-07-31,,18.93,47,-0.1568,False,5.7,0,-2,-14,-18.66,52.41,distribution,-11.98,91.63,distribution,-5.9,79.62,distribution,-3.6,3
BBAR,2026-08-03,,18.91,47,-0.1536,False,5.6,-1,-3,-14,-16.17,50.12,distribution,-11.98,91.63,distribution,-5.9,79.62,distribution,-5.6,2
BBAR,2026-08-04,,18.16,43,-0.1922,False,5.8,-4,-13,-17,-14.07,47.32,distribution,-10.46,89.69,distribution,-5.9,79.62,distribution,-17.2,-1
BBAR,2026-08-05,,17.86,41,-0.2258,False,5.9,-5,-11,-18,-12.41,43.16,distribution,-10.46,89.69,distribution,-5.9,79.62,distribution,-16.8,-1
CAT,2026-05-26,,908.55,61,-6.302,False,3.1,5,9,-2,-10.26,80.17,distribution,29.57,102.08,up,17.96,105.06,up,14.7,-1
CAT,2026-05-27,,909.93,61,-4.62,False,3,6,10,-2,-9.15,79.8,distribution,29.57,102.08,up,17.96,105.06,up,17.2,0
CAT,2026-05-28,,887.67,55,-4.985,False,3.1,2,9,-4,-8.15,78.69,distribution,29.57,102.08,up,17.96,105.06,up,10.1,1
CAT,2026-05-29,,875.87,52,-5.935,False,3.2,1,8,-6,-7.38,76.23,distribution,25.18,101.65,up,15.37,104.62,up,8.1,4
CAT,2026-06-01,,865.36,50,-7.106,False,3.2,-2,-3,-7,-13.14,71.89,distribution,25.18,101.65,up,15.37,104.62,up,-4.3,3
CAT,2026-06-02,,909.81,59,-4.831,False,3.1,0,2,-2,-11.85,70.47,distribution,25.18,101.65,up,15.37,104.62,up,3.1,2
CAT,2026-06-03,,926.18,62,-2.296,False,3.1,2,6,0,-0.51,71.73,distribution,40.26,101.3,up,15.37,104.62,up,8.7,0
CAT,2026-06-04,,940.48,64,0.1424,True,3.1,6,4,0,-0.46,73.8,distribution,40.26,101.3,up,15.37,104.62,up,13.9,0
CAT,2026-06-05,,904.28,55,-0.8309,False,3.3,3,-2,-4,-23.72,74.69,distribution,40.26,101.3,up,13.2,104.6,up,2.5,3
CAT,2026-06-08,,915.64,57,-0.8544,False,3.3,6,2,-3,-13.75,75.51,distribution,33.9,101.58,up,13.2,104.6,up,10.3,2
CAT,2026-06-09,,914.7,57,-1.065,False,3.5,1,2,-3,-12.15,75.9,distribution,33.9,101.58,up,13.2,104.6,up,4.3,3
CAT,2026-06-10,,856.16,45,-5.054,False,4,-8,-8,-9,-10.73,72.14,distribution,33.9,101.58,up,13.2,104.6,up,-15.5,3
CAT,2026-06-11,,897.63,52,-4.809,False,3.9,-5,-2,-5,20.86,69.68,up,28.79,100.59,up,13.2,104.6,up,-4.1,7
CAT,2026-06-12,,910.57,55,-3.733,False,3.7,1,1,-3,28.33,69.75,up,28.79,100.59,up,11.36,104.61,up,5.5,7
CAT,2026-06-15,,933.93,58,-1.519,False,3.6,2,1,-1,24.8,72.44,up,28.79,100.59,up,11.36,104.61,up,7.7,7
CAT,2026-06-16,,945.46,60,0.5413,True,3.5,3,6,0,21.71,75.73,up,40.73,100.52,up,11.36,104.61,up,14.9,4
CAT,2026-06-17,,955.92,61,2.327,True,3.5,12,11,0,27.09,79.64,up,40.73,100.52,up,11.36,104.61,up,29.7,2.5
CAT,2026-06-18,,985.82,65,5.083,True,3.4,10,15,0,24.12,84.61,up,40.73,100.52,up,11.36,104.61,up,30.5,3.5
CAT,2026-06-22,MIMO_SHADOW,1022.28,70,8.709,True,3.3,12,17,0,50.46,89.89,up,34.32,101.73,up,36.55,105.91,up,35.5,3.5
CAT,2026-06-23,MIMO_SHADOW,984.24,61,7.917,True,3.6,5,14,-4,46.56,91.85,up,34.32,101.73,up,36.55,105.91,up,23.7,2.5
CAT,2026-06-24,MIMO_SHADOW,994.45,63,7.457,True,3.5,5,13,-3,53.1,93.38,up,34.32,101.73,up,36.55,105.91,up,22.9,3.5
CAT,2026-06-25,MIMO_SHADOW,1057.01,69,10.55,True,3.5,11,16,0,49.75,96.38,up,38.99,103.2,up,36.55,105.91,up,33.5,2.5
CAT,2026-06-26,MIMO_SHADOW,997.47,59,7.903,True,3.9,1,10,-6,44.45,96.5,up,38.99,103.2,up,30.58,108.09,up,15.7,4
CAT,2026-06-29,MIMO_SHADOW,1033.19,62,7.847,True,3.8,1,16,-2,69.42,96.52,up,38.99,103.2,up,30.58,108.09,up,20.5,3.5
CAT,2026-06-30,MIMO_SHADOW,1064.9,65,9.149,True,3.7,8,22,0,57.41,97.92,up,32.92,105.12,up,30.58,108.09,up,33.7,3.5
CAT,2026-07-01,MIMO_SHADOW,991.41,54,4.498,True,4.3,0,15,-7,47.93,97.02,up,32.92,105.12,up,30.58,108.09,up,17.5,6.5
CAT,2026-07-02,MIMO_SHADOW,963.53,51,-0.7394,False,4.5,-9,6,-10,17.59,94.25,up,32.92,105.12,up,30.58,108.09,up,-2.5,6
CAT,2026-07-06,MIMO_SHADOW,969.92,52,-3.881,False,4.4,-3,5,-9,20.62,91.4,up,1.75,104.75,up,14.87,108.92,up,3.9,7
CAT,2026-07-07,MIMO_SHADOW,940.12,48,-7.845,False,4.6,-9,0,-12,17.69,86.69,up,1.75,104.75,up,14.87,108.92,up,-8.3,6
CAT,2026-07-08,MIMO_SHADOW,948.08,49,-9.69,False,4.5,-11,5,-11,21.65,82.52,up,1.75,104.75,up,14.87,108.92,up,-6.7,7
CAT,2026-07-09,MIMO_SHADOW,938.39,48,-11.21,False,4.6,-5,2,-12,18.45,79.48,up,1.55,102.15,up,14.87,108.92,up,-1.9,6
CAT,2026-07-10,MIMO_SHADOW,952.41,50,-10.92,False,4.4,-1,4,-11,26.62,75.71,up,1.55,102.15,up,12.78,107.79,up,4.5,7
CAT,2026-07-13,MIMO_SHADOW,931.47,47,-11.7,False,4.4,-4,9,-13,22.54,71.68,up,1.55,102.15,up,12.78,107.79,up,4.9,6
CAT,2026-07-14,MIMO_SHADOW,933.34,47,-11.64,False,4.4,-1,4,-12,19.18,68.77,up,-0.18,99.09,distribution,12.78,107.79,up,4.5,5
CAT,2026-07-15,,914.3,44,-12.36,False,4.5,-4,0,-14,16.39,64.54,up,-0.18,99.09,distribution,12.78,107.79,up,-2.3,4
CAT,2026-07-16,,877.17,40,-14.66,False,4.8,-7,-6,-18,14.05,58.7,accumulation,-0.18,99.09,distribution,12.78,107.79,up,-11.7,3
CAT,2026-07-17,,880.28,40,-15.22,False,4.8,-8,-7,-17,14.4,53.25,accumulation,-0.16,94.85,distribution,-12.71,104.73,distribution,-15.2,1
CAT,2026-07-20,,864.3,38,-15.85,False,4.9,-7,-10,-19,0.49,49.12,accumulation,-0.16,94.85,distribution,-12.71,104.73,distribution,-16.4,-1
CAT,2026-07-21,,889.97,43,-13.8,False,4.6,-5,-10,-16,0.43,46.1,up,-0.16,94.85,distribution,-12.71,104.73,distribution,-13,3
CAT,2026-07-22,,889.31,43,-11.82,False,4.6,-3,-13,-16,-0.11,44.03,distribution,2.92,90.41,up,-12.71,104.73,distribution,-16,0
CAT,2026-07-23,,894.54,44,-9.594,False,4.4,2,-9,-16,-0.09,43.24,distribution,2.92,90.41,up,-12.71,104.73,distribution,-6.8,1
CAT,2026-07-24,,888.73,43,-8.003,False,4.3,1,-11,-17,-4.33,42.28,distribution,2.92,90.41,up,-8.32,100.95,distribution,-9.6,1
CAT,2026-07-27,,873.28,41,-7.495,False,4.5,1,-17,-18,-3.79,40.93,distribution,-2.88,85.58,distribution,-8.32,100.95,distribution,-14.4,-1
CAT,2026-07-28,,840.85,36,-8.759,False,4.8,-6,-16,-21,-3.31,38.28,down,-2.88,85.58,distribution,-8.32,100.95,distribution,-23,-3
CAT,2026-07-29,,782.71,29,-12.69,False,5.4,-12,-24,-26,-2.9,34.09,down,-2.88,85.58,distribution,-8.32,100.95,distribution,-37.6,-5
CAT,2026-07-30,,809.14,35,-12.65,False,5.2,-10,-24,-24,19.52,31.7,accumulation,-2.52,79.32,distribution,-8.32,100.95,distribution,-31.2,3
CAT,2026-07-31,MIRROR_ESPEJO,814.81,36,-11.44,False,5.1,-8,-18,-23,21.79,30.85,accumulation,-2.52,79.32,distribution,-7.28,95.83,distribution,-24,0
CAT,2026-08-03,MIRROR_ESPEJO,830.03,40,-8.902,False,4.9,-5,-14,-22,19.1,30.22,up,-2.52,79.32,distribution,-7.28,95.83,distribution,-16.2,3
CAT,2026-08-04,MIRROR_ESPEJO,876.54,48,-3.661,False,5.2,4,-10,-18,16.74,33.67,up,21.94,75.15,up,-7.28,95.83,distribution,-2.2,3
CAT,2026-08-05,MIRROR_ESPEJO,871.08,47,-0.3046,False,5.1,11,-7,-18,10.38,36.29,up,21.94,75.15,up,-7.28,95.83,distribution,8.6,4.5
CAT,2026-08-06,MIRROR_ESPEJO,856.96,45,1.142,True,5,6,-10,-20,-1.9,38.23,distribution,21.94,75.15,up,-7.28,95.83,distribution,-0.8,2
CAT,2026-08-07,MIRROR_ESPEJO,842.19,43,1.271,True,5,3,-10,-21,-13.25,39.08,distribution,6.85,71.03,up,3.52,91.39,up,-2.9,1
CAT,2026-08-10,MIRROR_ESPEJO,837.58,42,1.214,True,4.8,1,-12,-21,-15.21,39.09,distribution,6.85,71.03,up,3.52,91.39,up,-6.9,2
CAT,2026-08-11,MIRROR_ESPEJO,843.37,43,1.703,True,4.7,-4,-9,-21,-13.31,39.46,distribution,6.85,71.03,up,3.52,91.39,up,-10.5,2
CAT,2026-08-12,MIRROR_ESPEJO,855.6,46,2.917,True,4.5,-2,-8,-20,-11.65,40.6,distribution,10.58,67.04,up,3.52,91.39,up,-7.3,3
CAT,2026-08-13,MIRROR_ESPEJO,854.6,46,3.671,True,4.3,0,-7,-20,-10.96,41.48,distribution,10.58,67.04,up,3.52,91.39,up,-4.1,4
CAT,2026-08-14,MIRROR_ESPEJO,856.57,46,4.277,True,4.2,2,-2,-20,-8.08,42.87,distribution,10.58,67.04,up,8.27,87.15,up,2.3,5
CAT,2026-08-17,MIRROR_ESPEJO,881.65,52,6.224,True,4,5,0,-17,-7.07,45.62,distribution,17.87,64.05,up,8.27,87.15,up,7.5,4
CAT,2026-08-18,MIRROR_ESPEJO,840.87,44,4.693,True,4.3,0,-3,-21,-6.18,46.94,distribution,17.87,64.05,up,8.27,87.15,up,-0.9,3
CAT,2026-08-19,MIRROR_ESPEJO,816.15,40,2.076,True,4.5,-5,-8,-23,-5.41,46.05,distribution,17.87,64.05,up,8.27,87.15,up,-10.9,1
CAT,2026-08-20,MIRROR_ESPEJO,815.39,40,0.4393,True,4.4,-5,-8,-23,-5.35,43.7,distribution,15.3,59.64,up,8.27,87.15,up,-10.9,2
CAT,2026-08-21,,827.9,43,0.3494,True,4.2,-3,-7,-22,5.4,42.58,up,15.3,59.64,up,7.24,83.14,up,-4.7,5
CAT,2026-08-24,,811.02,40,-0.6428,False,4.1,-8,-9,-24,4.73,40.32,up,15.3,59.64,up,7.24,83.14,up,-14.3,4
CAT,2026-08-25,,811.29,40,-1.053,False,4.1,-4,-7,-24,4.36,39.24,up,11.71,54.82,up,7.24,83.14,up,-7.9,4
CAT,2026-08-26,,821.93,43,-0.412,False,3.9,1,-2,-23,3.82,38.66,up,11.71,54.82,up,7.24,83.14,up,2.1,7
CAT,2026-08-27,,817,42,-0.1389,False,3.9,0,4,-23,-0.67,38.42,distribution,11.71,54.82,up,7.24,83.14,up,2.7,3
CAT,2026-08-28,,800.25,38,-0.8647,False,3.9,-3,-1,-25,-14.19,37.38,distribution,6.29,49.46,accumulation,-4,78.64,distribution,-6.4,-1
COIN,2026-04-14,,184.41,53,0.5409,True,6.1,5,-6,-56,14.39,38.63,up,-9.75,33.04,distribution,0.98,31.99,up,3.7,3
COIN,2026-04-15,,195.9,59,1.935,True,5.8,12,-4,-53,12.6,42.02,up,-9.75,33.04,distribution,0.98,31.99,up,15.7,1.5
COIN,2026-04-16,,199.83,61,2.995,True,5.7,18,-5,-52,22.53,46.76,up,-8.52,35.88,distribution,0.98,31.99,up,22.1,1.5
COIN,2026-04-17,,206.33,64,3.948,True,5.7,23,2,-51,19.71,53.19,up,-8.52,35.88,distribution,0.89,33.48,up,33.7,0.5
COIN,2026-04-20,,211.63,67,4.698,True,5.6,21,4,-50,32.28,58.67,up,-8.52,35.88,distribution,0.89,33.48,up,33.9,1.5
COIN,2026-04-21,,195.95,55,3.932,True,6.2,6,-1,-53,28.24,62.38,up,-7.62,39.78,distribution,0.89,33.48,up,8.9,3
COIN,2026-04-22,,206.24,60,3.905,True,6.1,5,3,-51,56.23,66.1,up,-7.62,39.78,distribution,0.89,33.48,up,11.9,2
COIN,2026-04-23,,197.93,55,3.145,True,6.3,-1,9,-53,23.75,68.35,up,-7.62,39.78,distribution,0.89,33.48,up,8.5,2
COIN,2026-04-24,,199.77,56,2.607,True,6,-3,10,-52,26.42,70.3,up,-4.25,43.7,distribution,-0.39,35.74,distribution,7.4,1
COIN,2026-04-27,,196.68,54,1.916,True,6,-7,13,-53,23.11,71.67,up,-4.25,43.7,distribution,-0.39,35.74,distribution,4,0.5
COIN,2026-04-28,,194.1,52,1.193,True,5.9,-1,20,-54,12.2,71.48,up,-4.25,43.7,distribution,-0.39,35.74,distribution,16.8,1.5
COIN,2026-04-29,,181.73,45,-0.139,False,6.5,-12,13,-57,10.67,69.74,up,-3.8,45.98,distribution,-0.39,35.74,distribution,-5,0.5
COIN,2026-04-30,,187.77,49,-0.6083,False,6.2,-5,8,-55,29.41,68.51,up,-3.8,45.98,distribution,-0.39,35.74,distribution,-0.6,1
COIN,2026-05-01,,191.25,51,-0.6741,False,5.9,-4,11,-54,37.3,68.44,up,-3.8,45.98,distribution,-1.95,37.48,distribution,4,1.5
COIN,2026-05-04,,202.99,57,0.04521,True,5.7,3,18,-52,32.63,69.96,up,13.02,48.2,up,-1.95,37.48,distribution,21,2.5
COIN,2026-05-05,,197.75,54,0.1351,True,6,2,13,-53,12.15,71.04,up,13.02,48.2,up,-1.95,37.48,distribution,14.8,1.5
COIN,2026-05-06,,197.96,54,0.1734,True,5.8,9,13,-53,11.29,70.53,up,13.02,48.2,up,-1.95,37.48,distribution,23.2,2.5
COIN,2026-05-07,,192.96,51,-0.1557,False,5.8,3,10,-54,9.88,68.95,up,11.64,51.08,up,-1.95,37.48,distribution,11.6,1
COIN,2026-05-08,,201.16,55,0.145,True,5.8,5,19,-52,8.64,67.63,up,11.64,51.08,up,-1.75,39.88,distribution,23.2,1.5
COIN,2026-05-11,CONFIRMED_FLOW_LEADERS,216.6,63,1.286,True,5.8,7,29,-48,7.56,69.53,up,11.64,51.08,up,-1.75,39.88,distribution,34.6,-0.5
COIN,2026-05-12,CONFIRMED_FLOW_LEADERS,207.64,57,1.335,True,6.3,5,19,-51,-19.02,71.05,distribution,10.41,54.13,up,-1.75,39.88,distribution,20.2,-0.5
COIN,2026-05-13,CONFIRMED_FLOW_LEADERS,201.8,53,0.8917,True,6.4,2,9,-52,-33.35,70.94,distribution,10.41,54.13,up,-1.75,39.88,distribution,7.6,-1
COIN,2026-05-14,CONFIRMED_FLOW_LEADERS,212.01,58,1.186,True,6.5,10,8,-49,-29.18,71.93,distribution,10.41,54.13,up,-1.75,39.88,distribution,17.4,-0.5
COIN,2026-05-15,CONFIRMED_FLOW_LEADERS,195.43,49,0.2146,True,7.3,-3,-2,-53,-70.69,70.86,distribution,9.29,57.51,up,-1.6,43.02,distribution,-7.2,-1
COIN,2026-05-18,CONFIRMED_FLOW_LEADERS,189.44,47,-0.8238,False,7.4,-13,-8,-55,-78.16,67.07,distribution,9.29,57.51,up,-1.6,43.02,distribution,-26,-1
COIN,2026-05-19,CONFIRMED_FLOW_LEADERS,193.45,49,-1.21,False,7.1,-7,-9,-54,-57.47,64,distribution,9.29,57.51,up,-1.6,43.02,distribution,-19.6,-1
COIN,2026-05-20,CONFIRMED_FLOW_LEADERS,191.29,48,-1.557,False,6.9,-5,-2,-54,-56.17,61.72,distribution,4.59,58.8,up,-1.6,43.02,distribution,-11.6,0
COIN,2026-05-21,CONFIRMED_FLOW_LEADERS,193.56,49,-1.577,False,6.7,-9,-6,-54,-42.97,59.26,distribution,4.59,58.8,up,-1.6,43.02,distribution,-19.6,0
COIN,2026-05-22,CONFIRMED_FLOW_LEADERS,184.99,44,-2.077,False,6.9,-5,-7,-56,-37.6,56.31,distribution,4.59,58.8,up,-3.59,45.22,distribution,-15.6,-2
COIN,2026-05-26,CONFIRMED_FLOW_LEADERS,180.01,42,-2.619,False,6.9,-5,-10,-57,-45.51,52.25,distribution,-5.66,59.29,distribution,-3.59,45.22,distribution,-18,-3
COIN,2026-05-27,CONFIRMED_FLOW_LEADERS,173.78,39,-3.233,False,6.9,-10,-12,-59,-37.68,47.37,distribution,-5.66,59.29,distribution,-3.59,45.22,distribution,-25.6,-5
COIN,2026-05-28,CONFIRMED_FLOW_LEADERS,182.25,45,-2.914,False,6.7,-5,-6,-57,-31.49,43.87,distribution,-5.66,59.29,distribution,-3.59,45.22,distribution,-14.8,-1
COIN,2026-05-29,CONFIRMED_FLOW_LEADERS,189.03,49,-2.128,False,6.5,-2,4,-55,-26.51,43.02,distribution,-4.98,58.78,distribution,-2.36,46.56,distribution,-3.2,-1
COIN,2026-06-01,CONFIRMED_FLOW_LEADERS,182.61,45,-1.928,False,6.7,-1,-3,-56,-35.89,41.19,distribution,-4.98,58.78,distribution,-2.36,46.56,distribution,-7.6,-2
COIN,2026-06-02,CONFIRMED_FLOW_LEADERS,173.99,41,-2.242,False,7,-3,-9,-59,-30.06,38.72,distribution,-4.98,58.78,distribution,-2.36,46.56,distribution,-14.8,-3
COIN,2026-06-03,CONFIRMED_FLOW_LEADERS,163.22,37,-2.994,False,7.4,-6,-20,-61,-25.35,35.42,down,-4.38,56.39,distribution,-2.36,46.56,distribution,-28.2,-5
COIN,2026-06-04,CONFIRMED_FLOW_LEADERS,164.13,37,-3.229,False,7,-10,-17,-61,-19.58,31.57,down,-4.38,56.39,distribution,-2.36,46.56,distribution,-30.6,-4
COIN,2026-06-05,CONFIRMED_FLOW_LEADERS,152.4,33,-3.926,False,7.8,-19,-23,-64,-16.73,27.44,down,-4.38,56.39,distribution,-2.08,45.99,distribution,-46.2,-6
COIN,2026-06-08,CONFIRMED_FLOW_LEADERS,162.11,39,-3.5,False,7.3,-11,-16,-61,7.51,25.58,accumulation,-3.84,52.06,distribution,-2.08,45.99,distribution,-28,1
COIN,2026-06-09,CONFIRMED_FLOW_LEADERS,155.5,37,-3.425,False,7.8,-11,-23,-63,6.57,23.63,accumulation,-3.84,52.06,distribution,-2.08,45.99,distribution,-33.6,-3
COIN,2026-06-10,CONFIRMED_FLOW_LEADERS,153.97,36,-3.242,False,7.7,-6,-29,-63,2.11,21.65,accumulation,-3.84,52.06,distribution,-2.08,45.99,distribution,-32.4,-2
COIN,2026-06-11,,160.43,41,-2.485,False,7.3,-2,-23,-62,1.85,20.78,accumulation,-4.98,48.02,distribution,-2.08,45.99,distribution,-22.8,0
COIN,2026-06-12,,159.78,40,-1.854,False,7.3,5,-21,-62,0.14,21.02,up,-4.98,48.02,distribution,0.11,44.4,up,-10.3,2
COIN,2026-06-15,,169.62,47,-0.6627,False,7,5,-20,-60,0.12,23.46,up,-4.98,48.02,distribution,0.11,44.4,up,-9.5,3
COIN,2026-06-16,,169.27,46,0.1689,True,6.8,9,-13,-60,-0.65,25.84,distribution,4.19,45.51,up,0.11,44.4,up,-0.1,1.5
COIN,2026-06-17,,164.92,44,0.4758,True,6.9,7,-13,-61,-0.57,27.41,distribution,4.19,45.51,up,0.11,44.4,up,-2.5,-1
COIN,2026-06-18,,163.26,43,0.6084,True,6.9,2,-16,-61,-0.5,27.98,distribution,4.19,45.51,up,0.11,44.4,up,-10.9,-1
COIN,2026-06-22,,164.84,44,0.8301,True,6.9,3,-14,-61,3.09,29.33,up,3.73,43.69,up,1.02,43.75,up,-5.1,2
COIN,2026-06-23,,158.18,41,0.5683,True,7.1,-7,-18,-62,-12.14,29.17,distribution,3.73,43.69,up,1.02,43.75,up,-23.3,-2
COIN,2026-06-24,,150.11,36,-0.07416,False,7.4,-11,-19,-64,-10.58,28.22,down,3.73,43.69,up,1.02,43.75,up,-31.9,-3
COIN,2026-06-25,,142.52,33,-0.8906,False,7.8,-14,-21,-66,-26,26.36,down,-19.77,40.6,distribution,1.02,43.75,up,-37.1,-5
COIN,2026-06-26,,149.06,38,-0.8697,False,7.4,-9,-14,-64,-22.04,25.11,distribution,-19.77,40.6,distribution,0.89,42.08,up,-24.5,-3
COIN,2026-06-29,,151.65,40,-0.575,False,7.1,-8,-17,-64,-13.61,25.2,distribution,-19.77,40.6,distribution,0.89,42.08,up,-25.7,-2
COIN,2026-06-30,,146.19,38,-0.6366,False,7.3,-8,-23,-65,-11.71,24.84,distribution,-17.7,37.54,distribution,0.89,42.08,up,-30.5,-4
COIN,2026-07-01,,159.24,47,0.2644,True,7,6,-13,-62,-10.33,26.88,distribution,-17.7,37.54,distribution,0.89,42.08,up,-3.7,0
COIN,2026-07-02,,165.48,51,1.286,True,6.9,16,-5,-61,3.05,31.59,up,-17.7,37.54,distribution,0.89,42.08,up,17.7,3.5
COIN,2026-07-06,,168.87,53,2.146,True,6.8,13,3,-60,9.42,35.59,up,-15.22,36.8,distribution,5.6,41.19,up,20.5,3.5
COIN,2026-07-07,,163.51,49,2.295,True,6.8,8,0,-61,-2.43,39.13,distribution,-15.22,36.8,distribution,5.6,41.19,up,9.1,-1
COIN,2026-07-08,,159.36,47,2.063,True,6.8,9,5,-62,-10.9,40.84,distribution,-15.22,36.8,distribution,5.6,41.19,up,14.3,-0.5
COIN,2026-07-09,,158.44,46,1.806,True,6.7,-1,-2,-62,-9.71,42.08,distribution,-21.79,36.46,distribution,5.6,41.19,up,-3.3,0
COIN,2026-07-10,,159.07,47,1.641,True,6.6,-4,2,-62,-8.63,45.03,distribution,-21.79,36.46,distribution,3.06,41.06,up,-3.7,0
COIN,2026-07-13,,157.37,46,1.39,True,6.5,-7,2,-63,-11.34,45.66,distribution,-21.79,36.46,distribution,3.06,41.06,up,-7.3,0
COIN,2026-07-14,,161.5,49,1.468,True,6.1,-1,1,-62,-10.1,47.48,distribution,-18.56,36.18,distribution,3.06,41.06,up,-0.9,0
COIN,2026-07-15,,167.21,53,1.845,True,5.8,5,5,-60,-8.94,50.94,distribution,-18.56,36.18,distribution,3.06,41.06,up,10.5,1
COIN,2026-07-16,,160.49,48,1.592,True,6,1,-5,-62,-21.41,53.44,distribution,-18.56,36.18,distribution,3.06,41.06,up,-2.3,1
COIN,2026-07-17,,157.12,46,1.168,True,6.1,-1,-7,-63,-18.25,53.19,distribution,-15.87,35.11,distribution,2.72,40.31,up,-7.3,-1
COIN,2026-07-20,,160.43,48,1.082,True,5.9,2,-3,-62,-9.07,53.81,distribution,-15.87,35.11,distribution,2.72,40.31,up,0.5,2
CORZ,2026-04-13,,18.71,64,0.3756,True,6.1,15,15,-18,57.52,72.09,up,23.12,54.97,up,2.16,58.67,up,34.5,3.5
CORZ,2026-04-14,,18.68,64,0.3808,True,6,11,13,-18,46.95,77.37,up,23.12,54.97,up,2.16,58.67,up,29.1,4.5
CORZ,2026-04-15,,19.08,66,0.3889,True,5.8,8,12,-17,60.04,81.56,up,23.12,54.97,up,2.16,58.67,up,25.7,4.5
CORZ,2026-04-16,,19.44,67,0.3948,True,5.7,8,18,-15,48.86,85.63,up,31.15,59.21,up,2.16,58.67,up,30.5,5.5
CORZ,2026-04-17,,19.85,69,0.4014,True,5.4,8,21,-13,40.3,90.02,up,31.15,59.21,up,18.4,61.79,up,32.9,5.5
CORZ,2026-04-20,,19.87,69,0.3823,True,5.2,6,21,-13,34.42,93.9,up,31.15,59.21,up,18.4,61.79,up,30.5,5.5
CORZ,2026-04-21,,20.77,73,0.4034,True,5.2,11,31,-9,28.88,97.84,up,27.26,64.98,up,18.4,61.79,up,45.5,4.5
CORZ,2026-04-22,,21.19,75,0.4169,True,5,11,28,-7,40.17,101.7,up,27.26,64.98,up,18.4,61.79,up,43.1,5.5
CORZ,2026-04-23,,20.81,71,0.3731,True,5.2,7,24,-9,33.47,103.59,up,27.26,64.98,up,18.4,61.79,up,35.1,4.5
CORZ,2026-04-24,,20.88,71,0.3234,True,5.2,5,22,-9,30.53,105.26,up,25.39,70.96,up,15.86,66.8,up,31.1,4.5
CORZ,2026-04-27,,21.1,72,0.2816,True,5,6,34,-8,25.73,105.84,up,25.39,70.96,up,15.86,66.8,up,41.9,5.5
CORZ,2026-04-28,,20.02,61,0.1632,True,5.6,-4,33,-13,-14.64,103.84,distribution,25.39,70.96,up,15.86,66.8,up,24.1,1.5
CORZ,2026-04-29,,19.56,56,0.04224,True,5.6,-8,41,-15,-28.64,101.73,distribution,3.74,74.54,up,15.86,66.8,up,25.7,3.5
CORZ,2026-04-30,,20,59,-0.01664,False,5.5,-4,34,-13,-25.06,99.99,distribution,3.74,74.54,up,15.86,66.8,up,22.9,2.5
CORZ,2026-05-01,,20.35,61,-0.03923,False,5.4,-3,33,-11,-10.15,98.68,distribution,3.74,74.54,up,8.47,71.2,up,23.3,2.5
CORZ,2026-05-04,,21.1,66,-0.01227,False,5.3,0,30,-8,-8.88,97.97,distribution,24.49,78.33,up,8.47,71.2,up,26.5,2.5
CORZ,2026-05-05,,22.19,71,0.06605,True,5.1,11,36,-3,27.6,98.4,up,24.49,78.33,up,8.47,71.2,up,49.5,3.5
CORZ,2026-05-06,,24.63,78,0.2585,True,5.1,26,46,0,24.15,101.16,up,24.49,78.33,up,8.47,71.2,up,75.5,2.5
CORZ,2026-05-07,,22.36,62,0.2111,True,6.4,12,27,-9,-45.23,100.08,distribution,20.8,83.36,up,8.47,71.2,up,38.5,0.5
CORZ,2026-05-08,HIGH_CONVICTION,22.92,64,0.1961,True,6.2,13,27,-7,-23.21,99.71,distribution,20.8,83.36,up,7.46,76.19,up,39.7,2.5
CORZ,2026-05-11,HIGH_CONVICTION,22.95,64,0.1679,True,6.3,9,25,-7,-19.43,98.87,distribution,20.8,83.36,up,7.46,76.19,up,33.3,1.5
CORZ,2026-05-12,HIGH_CONVICTION,22.79,63,0.1204,True,6.3,3,22,-7,-21.68,97.25,distribution,22.86,87.68,up,7.46,76.19,up,23.7,1.5
CORZ,2026-05-13,HIGH_CONVICTION,24,68,0.1504,True,6,-3,28,-3,-18.97,97.81,distribution,22.86,87.68,up,7.46,76.19,up,23.3,0.5
CORZ,2026-05-14,HIGH_CONVICTION,24.92,71,0.2086,True,5.8,11,31,0,-16.6,98.77,distribution,22.86,87.68,up,7.46,76.19,up,42.5,0.5
CORZ,2026-05-15,HIGH_CONVICTION,24.21,66,0.1769,True,6,6,25,-3,-33.51,99.1,distribution,19.45,92.03,up,17.71,81.3,up,31.7,-0.5
CORZ,2026-05-18,HIGH_CONVICTION,23.57,61,0.09461,True,6.2,3,19,-5,-29.32,98.65,distribution,19.45,92.03,up,17.71,81.3,up,21.3,1.5
CORZ,2026-05-19,HIGH_CONVICTION,22.92,57,-0.01595,False,6.5,1,15,-8,-25.65,96.73,distribution,19.45,92.03,up,17.71,81.3,up,13.7,3.5
CORZ,2026-05-20,HIGH_CONVICTION,23.18,59,-0.08033,False,6.2,-3,12,-7,-15.1,95.36,distribution,5.49,94.65,up,17.71,81.3,up,6.5,2.5
CORZ,2026-05-21,HIGH_CONVICTION,24.82,65,-0.02413,False,5.9,0,17,0,-13.22,95.28,distribution,5.49,94.65,up,17.71,81.3,up,15.1,0.5
CORZ,2026-05-22,HIGH_CONVICTION,25.26,67,0.02817,True,5.8,4,21,0,0.04,96.21,up,5.49,94.65,up,23.89,85.68,up,29.1,3.5
CORZ,2026-05-26,HIGH_CONVICTION,26.37,70,0.118,True,5.5,12,26,0,0.04,98.24,up,4.85,97.73,up,23.89,85.68,up,42.7,3.5
CORZ,2026-05-27,HIGH_CONVICTION,27.2,72,0.2085,True,5.4,19,29,0,21,99.79,up,4.85,97.73,up,23.89,85.68,up,53.5,3.5
CORZ,2026-05-28,HIGH_CONVICTION,27.76,74,0.2769,True,5.3,20,39,0,32.53,102.22,up,4.85,97.73,up,23.89,85.68,up,62.7,3.5
CORZ,2026-05-29,HIGH_CONVICTION,26.85,68,0.2335,True,5.4,8,37,-3,5.47,103.01,up,4.34,101.24,up,20.3,90.66,up,46.7,2.5
CORZ,2026-06-01,HIGH_CONVICTION,28.55,72,0.2883,True,5.4,13,43,0,4.78,103.83,up,4.34,101.24,up,20.3,90.66,up,57.5,2.5
CORZ,2026-06-02,HIGH_CONVICTION,29.05,74,0.3246,True,5.4,10,43,0,4.19,105.75,up,4.34,101.24,up,20.3,90.66,up,53.9,2.5
CORZ,2026-06-03,HIGH_CONVICTION,28.93,73,0.307,True,5.3,6,37,0,0.86,106.26,up,3.87,104.46,up,20.3,90.66,up,44.3,3.5
CORZ,2026-06-04,HIGH_CONVICTION,27.91,66,0.1985,True,5.5,1,26,-4,-23.07,105.03,distribution,3.87,104.46,up,20.3,90.66,up,26.5,-0.5
CORZ,2026-06-05,HIGH_CONVICTION,25.85,55,-0.02823,False,6.3,-4,5,-11,-20.18,102.01,distribution,3.87,104.46,up,17.32,94.75,up,-2.3,3
CORZ,2026-06-08,HIGH_CONVICTION,27.15,59,-0.1026,False,5.9,-5,21,-7,15.12,99.68,up,-14.19,105.8,distribution,17.32,94.75,up,15.3,4.5
CORZ,2026-06-09,HIGH_CONVICTION,27.01,59,-0.1692,False,6.4,-7,18,-7,13.23,98.36,up,-14.19,105.8,distribution,17.32,94.75,up,9.5,3.5
CORZ,2026-06-10,HIGH_CONVICTION,25.69,52,-0.3025,False,6.9,-11,12,-12,-21.88,95.7,distribution,-14.19,105.8,distribution,17.32,94.75,up,-5.1,2.5
CORZ,2026-06-11,,27.22,58,-0.2879,False,6.6,-2,19,-6,19.63,93.56,up,-13.05,106.7,distribution,17.32,94.75,up,16.3,6.5
CORZ,2026-06-12,,27.6,59,-0.2542,False,6.3,7,15,-5,26.81,92.77,up,-13.05,106.7,distribution,27.76,97.63,up,23.9,4.5
CORZ,2026-06-15,,28.22,61,-0.1944,False,6.1,4,13,-3,23.46,92.47,up,-13.05,106.7,distribution,27.76,97.63,up,18.7,2.5
CORZ,2026-06-16,,28.08,61,-0.1693,False,5.9,4,16,-3,17.05,92.18,up,-2.53,107.58,distribution,27.76,97.63,up,22.1,2.5
CORZ,2026-06-17,,28.38,62,-0.139,False,5.9,10,20,-2,16.1,92.11,up,-2.53,107.58,distribution,27.76,97.63,up,32.5,1.5
CORZ,2026-06-18,,29.16,64,-0.0759,False,5.7,7,27,0,14.76,93.25,up,-2.53,107.58,distribution,27.76,97.63,up,34.5,2.5
CORZ,2026-06-22,,29.08,64,-0.05036,False,5.8,5,25,0,10.77,94.27,up,-2.31,108.56,distribution,34.3,100.54,up,30.5,1.5
CORZ,2026-06-23,,29.16,64,-0.03935,False,5.8,3,17,0,11.58,93.22,up,-2.31,108.56,distribution,34.3,100.54,up,21.7,1.5
CORZ,2026-06-24,,27.79,56,-0.1305,False,6.2,-1,10,-5,10.13,91.84,up,-2.31,108.56,distribution,34.3,100.54,up,10.3,5
CORZ,2026-06-25,,27.27,53,-0.2263,False,6.3,-4,3,-6,-5.87,89.49,distribution,-22.77,108.1,distribution,34.3,100.54,up,-2.9,2
CORZ,2026-06-26,,27.2,52,-0.2908,False,6.4,-7,0,-7,-5.13,85.44,distribution,-22.77,108.1,distribution,28.78,101.93,up,-8.9,2
CORZ,2026-06-29,,25.94,46,-0.4076,False,7,-11,-7,-11,-40.29,80.92,distribution,-22.77,108.1,distribution,28.78,101.93,up,-20.3,2
CORZ,2026-06-30,,25.59,44,-0.492,False,6.9,-12,-5,-12,-35.25,73.92,distribution,-20.59,106.35,distribution,28.78,101.93,up,-19.9,2
CORZ,2026-07-01,,23.71,36,-0.6482,False,7.9,-15,-17,-19,-30.84,66.01,down,-20.59,106.35,distribution,28.78,101.93,up,-34.1,-2
CORZ,2026-07-02,,21.43,30,-0.8653,False,9,-21,-26,-27,-26.99,57.86,down,-20.59,106.35,distribution,28.78,101.93,up,-49.5,-4
CORZ,2026-07-06,,22.8,37,-0.8742,False,8.4,-16,-21,-22,23.49,51.58,accumulation,-19.13,102.43,distribution,-17.39,100.34,distribution,-37,3
CORZ,2026-07-07,,21.54,34,-0.9181,False,9,-17,-23,-26,20.56,45.47,accumulation,-19.13,102.43,distribution,-17.39,100.34,distribution,-40.8,-3
CORZ,2026-07-08,,23.5,43,-0.774,False,8.4,-8,-9,-19,17.99,41.6,accumulation,-19.13,102.43,distribution,-17.39,100.34,distribution,-17.8,1
CORZ,2026-07-09,,23.74,44,-0.6276,False,8,0,-13,-19,23.75,40,up,-2.7,98.08,distribution,-17.39,100.34,distribution,-10.4,3
CORZ,2026-07-10,,23.49,43,-0.5173,False,7.9,10,-13,-19,12.44,37.87,up,-2.7,98.08,distribution,-0.02,97.56,distribution,1.6,2.5
CORZ,2026-07-13,,22.71,40,-0.4681,False,8.1,0,-12,-22,11.16,35.02,accumulation,-2.7,98.08,distribution,-0.02,97.56,distribution,-10.6,1
CORZ,2026-07-14,,22.09,38,-0.4484,False,8.3,3,-19,-24,-12.45,32.65,distribution,-28.22,93.74,distribution,-0.02,97.56,distribution,-14.6,-2
CORZ,2026-07-15,,22.72,41,-0.3675,False,8,-3,-18,-22,-11.12,30.35,distribution,-28.22,93.74,distribution,-0.02,97.56,distribution,-21,0
CORZ,2026-07-16,,21.02,36,-0.4003,False,8.7,-11,-26,-28,-73.75,27.95,distribution,-28.22,93.74,distribution,-0.02,97.56,distribution,-38,-4
CORZ,2026-07-17,,20.94,36,-0.3983,False,8.6,-11,-25,-28,-66.99,25.44,distribution,-25.14,88.35,distribution,-18.83,94,distribution,-37.2,-3
CORZ,2026-07-20,,22.4,43,-0.2755,False,8.1,-1,-21,-23,-60.64,25.43,distribution,-25.14,88.35,distribution,-18.83,94,distribution,-21,0
CORZ,2026-07-21,,24.01,50,-0.07322,False,7.7,9,-18,-18,-53.45,27.39,distribution,-25.14,88.35,distribution,-18.83,94,distribution,-6.6,1.5
CORZ,2026-07-22,,23.62,49,0.04086,True,7.6,4,-19,-19,-62.18,30.13,distribution,-22.35,84.75,distribution,-18.83,94,distribution,-11.4,1
CORZ,2026-07-23,,23.96,50,0.1401,True,7.3,14,-18,-18,-57.94,32.92,distribution,-22.35,84.75,distribution,-18.83,94,distribution,1.4,1.5
CORZ,2026-07-24,,22.75,45,0.1257,True,7.6,9,-18,-22,-49.22,34.49,distribution,-22.35,84.75,distribution,-16.48,91.29,distribution,-4.6,0.5
CORZ,2026-07-27,,20.74,38,-0.01057,False,8.6,-7,-24,-29,-40.57,34.47,distribution,-65.7,80.47,distribution,-16.48,91.29,distribution,-31.6,-4
CORZ,2026-07-28,,20.745,39,-0.08747,False,8.6,-14,-24,-29,-33.79,32.59,distribution,-65.7,80.47,distribution,-16.48,91.29,distribution,-40,-4
CORZ,2026-07-29,,18.12,32,-0.2908,False,10.3,-23,-30,-38,-28.37,29.35,down,-65.7,80.47,distribution,-16.48,91.29,distribution,-56.6,-6
CORZ,2026-07-30,,21.81,46,-0.1589,False,9.4,-9,-15,-25,130.78,28.99,accumulation,-58.21,74.83,distribution,-16.48,91.29,distribution,-23.8,5
CORZ,2026-07-31,MIRROR_ESPEJO,20.72,43,-0.1287,False,10,-9,-13,-29,68.47,30.4,up,-58.21,74.83,distribution,-14.42,87.21,distribution,-22.2,0
CORZ,2026-08-03,MIRROR_ESPEJO,22.83,50,0.04086,True,9.4,10,7,-22,59.91,32.13,up,-58.21,74.83,distribution,-14.42,87.21,distribution,19.6,3.5
CORZ,2026-08-04,MIRROR_ESPEJO,22.81,50,0.1528,True,9.1,10,0,-22,51.65,36.29,up,-35.77,70.86,distribution,-14.42,87.21,distribution,14,3.5
CORZ,2026-08-05,MIRROR_ESPEJO,21.77,47,0.1573,True,9.3,20,1,-25,5.4,39.02,up,-35.77,70.86,distribution,-14.42,87.21,distribution,26.8,2.5
CORZ,2026-08-06,MIRROR_ESPEJO,21.05,45,0.1142,True,9.2,-3,-10,-28,-22.83,39.92,distribution,-35.77,70.86,distribution,-14.42,87.21,distribution,-13.6,0
CORZ,2026-08-07,MIRROR_ESPEJO,21.01,45,0.08685,True,9,1,-11,-28,-19.98,40.23,distribution,-59.09,66.92,distribution,-10.45,84.09,distribution,-9.6,0
CORZ,2026-08-10,,19.44,40,-0.02717,False,9.6,-15,-17,-33,-17.48,38.53,distribution,-59.09,66.92,distribution,-10.45,84.09,distribution,-35.6,-4
CORZ,2026-08-11,,19.76,41,-0.06881,False,9.2,-13,-13,-32,-2.04,36.64,distribution,-59.09,66.92,distribution,-10.45,84.09,distribution,-30,-3
CORZ,2026-08-12,,20.87,46,-0.01235,False,8.7,-4,-6,-28,-1.78,37.09,distribution,-51.71,62.28,distribution,-10.45,84.09,distribution,-13.6,0
CORZ,2026-08-13,,19.78,42,-0.03772,False,9.2,-6,-13,-32,-44.32,36.47,distribution,-51.71,62.28,distribution,-10.45,84.09,distribution,-21.6,-4
CORZ,2026-08-14,,20.18,44,-0.01788,False,8.7,-4,-4,-31,-23.09,35.46,distribution,-51.71,62.28,distribution,-15.34,80.29,distribution,-12,-2
CORZ,2026-08-17,,20.13,44,0.000587,True,8.4,4,-4,-31,-20.2,35.52,distribution,-56.63,57.48,distribution,-15.34,80.29,distribution,-0.4,0
CORZ,2026-08-18,,18.85,40,-0.06128,False,8.9,-5,-16,-35,-17.68,34.61,distribution,-56.63,57.48,distribution,-15.34,80.29,distribution,-22.8,-3
CORZ,2026-08-19,,18.72,39,-0.09672,False,8.8,-10,-22,-36,-20.93,32.94,distribution,-56.63,57.48,distribution,-15.34,80.29,distribution,-33.6,-4
CORZ,2026-08-20,,18.39,38,-0.1263,False,8.8,-7,-22,-37,-18.31,30.96,distribution,-49.55,51.59,down,-15.34,80.29,distribution,-30,-5
CORZ,2026-08-21,,17.81,36,-0.1663,False,9.1,-12,-26,-39,-16.02,28.41,down,-49.55,51.59,down,-31.09,75.58,distribution,-40.2,-5
CORZ,2026-08-24,,17.27,35,-0.2078,False,9,-14,-24,-41,-37.86,24.81,down,-49.55,51.59,down,-31.09,75.58,distribution,-41,-4
CORZ,2026-08-25,,18.03,39,-0.1646,False,8.3,-4,-13,-38,0.42,22.86,accumulation,-49.43,46.25,down,-31.09,75.58,distribution,-17.2,2
CORZ,2026-08-26,,17.42,37,-0.1577,False,8.3,-7,-16,-40,-26.56,20.99,down,-49.43,46.25,down,-31.09,75.58,distribution,-26.2,-5
CORZ,2026-08-27,,17.62,38,-0.1219,False,8.1,-4,-3,-40,-23.24,20.46,distribution,-49.43,46.25,down,-31.09,75.58,distribution,-11.2,-3
CORZ,2026-08-28,,16.51,34,-0.153,False,8.6,-7,-24,-43,-62.98,19.11,distribution,-44.63,41.22,down,-36.9,69.79,distribution,-31.6,-6
CRON,2026-07-28,,2.85,59,0.006428,True,2.8,2,1,-13,14.42,74.61,up,-1.64,77.16,distribution,0.5,74.14,up,9.2,5
CRON,2026-07-29,,2.86,60,0.007814,True,2.7,3,0,-13,12.62,77.72,up,-1.64,77.16,distribution,0.5,74.14,up,9.6,6
CRON,2026-07-30,,2.89,63,0.01003,True,2.6,5,4,-12,22.49,81.77,up,-0.61,80.09,distribution,0.5,74.14,up,15.2,5
CRON,2026-07-31,,2.83,55,0.006878,True,2.7,1,-1,-13,-3.21,83.97,distribution,-0.61,80.09,distribution,0.44,74.7,up,2.4,4
CRON,2026-08-03,,2.83,55,0.004345,True,2.7,-1,-1,-13,-2.81,85.45,distribution,-0.61,80.09,distribution,0.44,74.7,up,0,2
CRON,2026-08-04,,2.81,52,0.001045,True,2.7,-1,2,-14,-2.46,85.01,distribution,-0.53,82.12,distribution,0.44,74.7,up,2.4,2
CRON,2026-08-05,,2.72,42,-0.007032,False,2.9,-5,-1,-17,-2.15,80.55,distribution,-0.53,82.12,distribution,0.44,74.7,up,-6.8,0
CRON,2026-08-06,,3.07,68,0.01042,True,3.3,6,12,-6,-1.88,86.07,distribution,-0.53,82.12,distribution,0.44,74.7,up,21.3,0.5
CRON,2026-08-07,,3.1,69,0.0225,True,3.3,10,12,-5,8.9,91.41,up,-0.47,85.84,distribution,0.38,77.46,up,29.1,3.5
CRON,2026-08-10,,3,61,0.02225,True,3.5,6,9,-8,-27.38,93.51,distribution,-0.47,85.84,distribution,0.38,77.46,up,17.9,0
CRON,2026-08-11,,3.08,64,0.0257,True,3.3,10,12,-6,4.18,95.17,up,-0.47,85.84,distribution,0.38,77.46,up,28.1,4.5
CRON,2026-08-12,,3.17,68,0.03189,True,3.3,17,15,-3,3.66,97.42,up,1.46,91.39,up,0.38,77.46,up,39.9,2.5
CRON,2026-08-13,,3.16,67,0.033,True,3.4,3,15,-3,-0.22,100.1,distribution,1.46,91.39,up,0.38,77.46,up,20.1,-0.5
CRON,2026-08-14,,3.14,65,0.03017,True,3.5,1,14,-4,-7.03,100.45,distribution,1.46,91.39,up,2.47,82.05,up,15.9,-0.5
CRON,2026-08-17,,3.15,66,0.02686,True,3.4,5,13,-4,-6.15,100.75,distribution,0.75,96.39,up,2.47,82.05,up,20.9,0.5
CRON,2026-08-18,,3.21,69,0.02654,True,3.3,4,15,-2,15.06,101.16,up,0.75,96.39,up,2.47,82.05,up,24.3,3.5
CRON,2026-08-19,,3.29,72,0.02934,True,3.2,4,18,0,13.18,102.25,up,0.75,96.39,up,2.47,82.05,up,26.7,3.5
CRON,2026-08-20,,3.22,66,0.02431,True,3.2,2,16,-2,-11.73,102.92,distribution,2.6,100.41,up,2.47,82.05,up,19.7,-0.5
CRON,2026-08-21,,3.31,69,0.02478,True,3.1,5,21,0,-10.27,103.66,distribution,2.6,100.41,up,11.25,86.19,up,27.3,0.5
CRON,2026-08-24,MIMO_SHADOW,3.41,73,0.02927,True,3.2,8,21,0,-9,105.31,distribution,2.6,100.41,up,11.25,86.19,up,30.9,-0.5
CRON,2026-08-25,MIMO_SHADOW,3.51,76,0.03596,True,3.2,9,23,0,-7.87,107.91,distribution,2.31,104.8,up,11.25,86.19,up,33.7,-0.5
CRON,2026-08-26,MIMO_SHADOW,3.55,77,0.03978,True,3.1,8,25,0,5.32,109.94,up,2.31,104.8,up,11.25,86.19,up,37.1,3.5
CRON,2026-08-27,MIMO_SHADOW,3.39,64,0.02874,True,3.5,5,19,-5,4.66,110.14,up,2.31,104.8,up,11.25,86.19,up,27.7,4.5
CRON,2026-08-28,MIMO_SHADOW,3.38,64,0.01848,True,3.5,2,17,-5,0.88,108.75,up,-1.34,108.35,distribution,9.85,90.98,up,22.5,3.5
CVE,2026-04-20,,24.91,48,-0.3269,False,3.8,-5,0,-8,11.2,77.22,up,4.31,114.38,up,15.52,113.33,up,-2.5,6
CVE,2026-04-21,,25.6,53,-0.2826,False,3.7,0,2,-6,9.67,74.37,up,3.77,111.89,up,15.52,113.33,up,5.1,9
CVE,2026-04-22,,25.92,55,-0.2255,False,3.5,2,5,-5,13.45,73.42,up,3.77,111.89,up,15.52,113.33,up,9.9,9
CVE,2026-04-23,,26.45,59,-0.1495,False,3.3,2,4,-3,11.58,73.68,up,3.77,111.89,up,15.52,113.33,up,10.1,5
CVE,2026-04-24,,26.29,57,-0.1093,False,3.2,7,1,-3,7.56,73.52,up,16.03,110.32,up,41.29,113.06,up,13.7,5
CVE,2026-04-27,,26.78,60,-0.05196,False,3.1,8,3,-2,6.55,75,up,16.03,110.32,up,41.29,113.06,up,16.5,3
CVE,2026-04-28,,27.42,64,0.02286,True,3.1,7,2,0,14.97,78.11,up,16.03,110.32,up,41.29,113.06,up,16.5,2
CVE,2026-04-29,,28.75,70,0.1487,True,3.1,11,8,0,12.86,82.71,up,14.03,110.51,up,41.29,113.06,up,27.1,2.5
CVE,2026-04-30,,29.24,72,0.2459,True,3,11,10,0,17.51,87.49,up,14.03,110.51,up,41.29,113.06,up,29.2,3.5
CVE,2026-05-01,,29.27,72,0.2902,True,3,11,13,0,14.99,91.29,up,14.03,110.51,up,34.35,113.95,up,31.6,2.5
CVE,2026-05-04,,29.98,75,0.3418,True,3,12,13,0,21.69,95.41,up,33.03,111.45,up,34.35,113.95,up,32.8,2.5
CVE,2026-05-05,,30.45,77,0.3791,True,3,11,13,0,18.48,99.47,up,33.03,111.45,up,34.35,113.95,up,31.6,2.5
CVE,2026-05-06,,29.02,63,0.2834,True,3.4,1,7,-5,15.8,99.85,up,33.03,111.45,up,34.35,113.95,up,13.3,5
CVE,2026-05-07,,28.46,59,0.1642,True,3.5,-3,10,-7,6.8,98.66,up,28.9,111.44,up,34.35,113.95,up,10.9,4
CVE,2026-05-08,,28.4,58,0.06804,True,3.5,-3,11,-7,5.17,97.58,up,28.9,111.44,up,28.82,114.98,up,11.7,6.5
CVE,2026-05-11,,29.13,62,0.04168,True,3.4,-3,13,-4,4.5,97.16,up,28.9,111.44,up,28.82,114.98,up,13.3,3.5
CVE,2026-05-12,,30.01,66,0.0699,True,3.2,-1,14,-1,14.06,97.54,up,52.84,110.94,up,28.82,114.98,up,17.5,3.5
CVE,2026-05-13,,29.67,64,0.05283,True,3.3,2,15,-3,12.09,98.06,up,52.84,110.94,up,28.82,114.98,up,20.9,2.5
CVE,2026-05-14,,30.15,66,0.06048,True,3.2,6,18,-1,15.75,98.68,up,52.84,110.94,up,28.82,114.98,up,29.1,3.5
CVE,2026-05-15,HIGH_CONVICTION,30.82,69,0.09522,True,3.1,9,19,0,13.52,99.81,up,46.24,110.97,up,53.5,115.88,up,33.5,3.5
CVE,2026-05-18,HIGH_CONVICTION,31.57,72,0.15,True,3.1,8,29,0,11.68,101.23,up,46.24,110.97,up,53.5,115.88,up,40.3,2.5
CVE,2026-05-19,HIGH_CONVICTION,31.8,72,0.1809,True,3,6,28,0,12.42,102.69,up,46.24,110.97,up,53.5,115.88,up,37.6,3.5
CVE,2026-05-20,HIGH_CONVICTION,30.53,62,0.09918,True,3.3,3,19,-4,10.7,102.65,up,40.46,111.02,up,53.5,115.88,up,25.3,2.5
CVE,2026-05-21,HIGH_CONVICTION,30.3,60,0.01721,True,3.4,0,17,-5,6.88,101.18,up,40.46,111.02,up,53.5,115.88,up,20.1,4.5
CVE,2026-05-22,HIGH_CONVICTION,30.05,58,-0.06191,False,3.3,-2,14,-6,3.39,98.59,up,40.46,111.02,up,43.88,116.73,up,13.3,7.5
CVE,2026-05-26,HIGH_CONVICTION,28.92,50,-0.1911,False,3.5,-8,10,-9,2.96,93.91,up,7.27,109.36,up,43.88,116.73,up,1.9,6
CVE,2026-05-27,HIGH_CONVICTION,28.19,46,-0.319,False,3.6,-11,5,-11,-5.25,88.48,distribution,7.27,109.36,up,43.88,116.73,up,-9.7,3
CVE,2026-05-28,HIGH_CONVICTION,28.04,45,-0.4015,False,3.6,-8,2,-12,-6.2,84,distribution,7.27,109.36,up,43.88,116.73,up,-8.5,3
CVE,2026-05-29,HIGH_CONVICTION,27.57,42,-0.4709,False,3.6,-9,-4,-13,-5.49,78.05,distribution,-17.23,105.15,distribution,8.53,115.14,up,-14.5,1
CVE,2026-06-01,HIGH_CONVICTION,28.24,47,-0.4545,False,3.5,-6,-3,-11,-4.85,73.55,distribution,-17.23,105.15,distribution,8.53,115.14,up,-10.1,3
CVE,2026-06-02,HIGH_CONVICTION,29.27,54,-0.3613,False,3.4,1,0,-8,7.02,70.45,up,-17.23,105.15,distribution,8.53,115.14,up,4.7,8
CVE,2026-06-03,HIGH_CONVICTION,29.48,55,-0.2762,False,3.3,5,-2,-7,6.19,69.36,up,-15.08,102.47,distribution,8.53,115.14,up,7.9,7
CVE,2026-06-04,HIGH_CONVICTION,29.79,57,-0.1937,False,3.4,6,-2,-6,5.42,67.7,up,-15.08,102.47,distribution,8.53,115.14,up,10.1,6
CVE,2026-06-05,HIGH_CONVICTION,28.22,46,-0.2367,False,3.7,2,-3,-11,-12.32,65.02,distribution,-15.08,102.47,distribution,7.38,114.01,up,-0.5,4
CVE,2026-06-08,HIGH_CONVICTION,28.72,50,-0.2235,False,3.6,2,1,-10,-5.35,62.2,distribution,-25.61,100.06,distribution,7.38,114.01,up,3.7,5
CVE,2026-06-09,HIGH_CONVICTION,27.65,44,-0.2754,False,3.9,-6,-3,-13,-4.68,57.57,distribution,-25.61,100.06,distribution,7.38,114.01,up,-10.1,1
CVE,2026-06-10,HIGH_CONVICTION,28.37,48,-0.2505,False,3.8,-4,-3,-11,4.04,54.49,up,-25.61,100.06,distribution,7.38,114.01,up,-4.7,6
CVE,2026-06-11,,28.48,49,-0.2172,False,3.7,-4,-5,-10,3.53,53.2,up,-22.41,96.8,distribution,7.38,114.01,up,-5.3,6
CVE,2026-06-12,,28.27,48,-0.2002,False,3.7,0,-5,-11,3.09,50.85,up,-22.41,96.8,distribution,6.4,112.07,up,-1.5,7
CVE,2026-06-15,,27.11,41,-0.2546,False,4.1,-6,-10,-15,-10.44,46.72,distribution,-22.41,96.8,distribution,6.4,112.07,up,-15.7,0
CVE,2026-06-16,,26.25,37,-0.3311,False,4.2,-5,-15,-17,-9.21,42.69,down,-19.61,92.38,distribution,6.4,112.07,up,-19.5,-1
CVE,2026-06-17,,25.6,35,-0.4033,False,4.3,-10,-19,-19,-15.83,38.5,down,-19.61,92.38,distribution,6.4,112.07,up,-28.7,-2
CVE,2026-06-18,,25.16,33,-0.4547,False,4.3,-12,-21,-21,-13.94,34.3,down,-19.61,92.38,distribution,6.4,112.07,up,-32.7,-3
CVE,2026-06-22,,25.67,37,-0.4287,False,4.1,-9,-16,-19,-6.11,31.44,down,-27.53,86.63,distribution,-29.65,108.02,distribution,-26.6,-2
CVE,2026-06-23,,25.74,37,-0.3827,False,4,-5,-15,-19,-4.55,29.42,down,-27.53,86.63,distribution,-29.65,108.02,distribution,-21,-1
CVE,2026-06-24,,24.69,33,-0.3971,False,4.2,-6,-18,-22,-4.09,26.65,down,-27.53,86.63,distribution,-29.65,108.02,distribution,-24.6,-4
CVE,2026-06-25,,24.68,33,-0.3814,False,4.1,-4,-15,-22,-3.66,24.07,down,-24.09,80.18,distribution,-29.65,108.02,distribution,-19.8,-2
CVE,2026-06-26,,24.81,34,-0.3378,False,3.9,-1,-12,-22,-1.46,22.27,down,-24.09,80.18,distribution,-25.94,103.1,distribution,-13.8,-2
CVE,2026-06-29,,24.99,36,-0.275,False,3.7,-3,-11,-21,1.33,21.57,accumulation,-24.09,80.18,distribution,-25.94,103.1,distribution,-12.4,4
CVE,2026-06-30,,24.81,35,-0.2259,False,3.7,-4,-10,-22,-1.51,21.18,down,-18.66,73.36,distribution,-25.94,103.1,distribution,-15.8,-2
CVE,2026-07-01,,24.5,33,-0.1957,False,3.6,-1,-13,-23,-6.04,20.42,down,-18.66,73.36,distribution,-25.94,103.1,distribution,-14.6,-2
CVE,2026-07-02,,24.65,35,-0.1492,False,3.5,0,-16,-22,-5.35,19.75,down,-18.66,73.36,distribution,-25.94,103.1,distribution,-15.8,-1
CVE,2026-07-06,,24.36,33,-0.1225,False,3.4,-2,-17,-23,-4.74,19.29,down,-24.7,66.65,distribution,-24.54,97.83,distribution,-19,-2
CVE,2026-07-07,,25.21,42,-0.03673,False,3.4,1,-15,-21,9.23,20.14,up,-24.7,66.65,distribution,-24.54,97.83,distribution,-9.8,1
CVE,2026-07-08,,26.63,53,0.1181,True,3.4,7,-6,-16,8.19,23.68,up,-24.7,66.65,distribution,-24.54,97.83,distribution,6.6,2
CVE,2026-07-09,,25.98,48,0.1757,True,3.4,6,-10,-18,-2.72,27.26,distribution,-21.61,62.25,distribution,-24.54,97.83,distribution,-0.8,0
CVE,2026-07-10,,26.4,51,0.2373,True,3.3,7,-5,-17,-2.38,31.16,distribution,-21.61,62.25,distribution,-21.47,93.32,distribution,4.4,1
CVE,2026-07-13,,27.61,58,0.3479,True,3.3,13,-3,-13,16.34,36.47,up,-21.61,62.25,distribution,-21.47,93.32,distribution,17.2,3.5
CVE,2026-07-14,,27.51,57,0.3992,True,3.3,9,-3,-13,14.56,42.22,up,7.77,60.25,up,-21.47,93.32,distribution,12.4,4.5
CVE,2026-07-15,,27.36,56,0.4064,True,3.3,3,-3,-14,10.58,47.32,up,7.77,60.25,up,-21.47,93.32,distribution,5.2,6
CVE,2026-07-16,,27.23,55,0.386,True,3.2,5,0,-14,7.32,52.42,up,7.77,60.25,up,-21.47,93.32,distribution,9,6
CVE,2026-07-17,,27.95,60,0.4027,True,3.1,6,6,-12,6.5,57.72,up,14.47,59.42,up,-2.15,91.19,distribution,16,4
CVE,2026-07-20,,28.26,62,0.4147,True,3.1,2,10,-11,5.91,62.99,up,14.47,59.42,up,-2.15,91.19,distribution,14.4,2
CVE,2026-07-21,,28.79,64,0.4363,True,2.9,5,14,-9,14.33,69.03,up,14.47,59.42,up,-2.15,91.19,distribution,22.7,3.5
CVE,2026-07-22,EARLY_ROTATION,28.99,66,0.4406,True,2.9,6,13,-9,12.8,74.73,up,12.66,59.63,up,-2.15,91.19,distribution,24.1,2.5
CVE,2026-07-23,EARLY_ROTATION|MIMO_SHADOW,29.72,69,0.4667,True,2.9,9,15,-7,11.46,80.13,up,12.66,59.63,up,-2.15,91.19,distribution,29.3,2.5
CVE,2026-07-24,EARLY_ROTATION|MIMO_SHADOW,29.28,65,0.4294,True,2.9,5,19,-8,10.28,84.07,up,12.66,59.63,up,-1.88,90.73,distribution,26.7,2.5
CVE,2026-07-27,EARLY_ROTATION|MIMO_SHADOW,28.04,54,0.3023,True,3.1,-1,14,-12,9.2,84.63,up,11.08,60.28,up,-1.88,90.73,distribution,13,4.5
CVE,2026-07-28,EARLY_ROTATION|MIMO_SHADOW,27.66,51,0.1797,True,3.2,-4,11,-13,0.83,83.42,up,11.08,60.28,up,-1.88,90.73,distribution,7,4.5
CVE,2026-07-29,EARLY_ROTATION|MIMO_SHADOW,29.07,60,0.1802,True,3.3,0,16,-9,27.88,84.36,up,11.08,60.28,up,-1.88,90.73,distribution,17.8,2.5
CVE,2026-07-30,EARLY_ROTATION,30.32,65,0.2473,True,3.3,2,22,-5,45.87,85.66,up,9.7,61.54,up,-1.88,90.73,distribution,25,2.5
CVE,2026-07-31,EARLY_ROTATION,30.19,64,0.2638,True,3.3,3,23,-5,36.76,87.57,up,9.7,61.54,up,-1.65,90.95,distribution,27,2.5
CVE,2026-08-03,,29.57,60,0.216,True,3.4,5,20,-7,31.8,87.42,up,9.7,61.54,up,-1.65,90.95,distribution,27,2.5
CVE,2026-08-04,,28.73,54,0.1159,True,3.5,4,18,-10,27.55,86.16,up,-17.07,62.76,distribution,-1.65,90.95,distribution,23.2,3.5
CVE,2026-08-05,,27.73,48,-0.02237,False,3.7,-5,10,-13,23.9,83.62,up,-17.07,62.76,distribution,-1.65,90.95,distribution,3,3
CVE,2026-08-06,,28.25,51,-0.08013,False,3.6,-7,6,-11,30.02,81,up,-17.07,62.76,distribution,-1.65,90.95,distribution,-2.6,4
CVE,2026-08-07,,28.25,51,-0.1175,False,3.5,-6,9,-11,25.79,78.29,up,-14.94,62.26,distribution,-20.72,90.17,distribution,1,4
CVE,2026-08-10,,29.56,58,-0.05612,False,3.5,0,12,-7,21.88,77.44,up,-14.94,62.26,distribution,-20.72,90.17,distribution,12.6,3.5
CVE,2026-08-11,,29.84,59,-0.001789,False,3.4,4,8,-6,18.94,77.8,up,-14.94,62.26,distribution,-20.72,90.17,distribution,14.2,3
CVE,2026-08-12,,30.17,61,0.04851,True,3.3,9,10,-5,16.42,78.6,up,18.31,63.26,up,-20.72,90.17,distribution,23.8,3.5
CVE,2026-08-13,,30.6,63,0.09992,True,3.2,8,12,-4,21.02,80.18,up,18.31,63.26,up,-20.72,90.17,distribution,24.2,1.5
CVE,2026-08-14,,31.01,65,0.1478,True,3.2,10,14,-2,18.21,83.71,up,18.31,63.26,up,9.3,90.25,up,29.7,2.5
CVE,2026-08-17,,32.13,69,0.236,True,3.1,9,15,0,31.99,87.95,up,16.03,66.25,up,9.3,90.25,up,30.3,3.5
CVE,2026-08-18,,32.52,71,0.2976,True,3,9,15,0,32.57,92.19,up,16.03,66.25,up,9.3,90.25,up,30.8,3.5
CVE,2026-08-19,,32.48,71,0.3113,True,2.9,8,13,0,27.85,95.39,up,16.03,66.25,up,9.3,90.25,up,28,3.5
CVE,2026-08-20,,32.48,71,0.2961,True,2.9,6,12,0,23.89,98.07,up,19.39,70.95,up,9.3,90.25,up,24.8,2.5
CVE,2026-08-21,,32.93,72,0.2915,True,2.8,6,11,0,26.28,100.16,up,19.39,70.95,up,27.21,91.99,up,24,3.5
CVE,2026-08-24,,32.17,65,0.216,True,2.9,0,10,-2,22.41,101.07,up,19.39,70.95,up,27.21,91.99,up,15,2
CVE,2026-08-25,,30.76,54,0.05807,True,3.2,-5,10,-7,19.17,99.49,up,16.97,73.78,up,27.21,91.99,up,7.5,6
CVE,2026-08-26,MIMO_SHADOW,31.48,58,-0.007505,False,3.3,-3,14,-4,25.91,97.54,up,16.97,73.78,up,27.21,91.99,up,12.1,4.5
CVE,2026-08-27,MIMO_SHADOW,31.71,59,-0.04299,False,3.2,-2,9,-4,25.06,96.45,up,16.97,73.78,up,27.21,91.99,up,9.3,3
CVE,2026-08-28,MIMO_SHADOW,31.58,58,-0.08064,False,3.2,-4,4,-4,21.56,95.09,up,28.14,75.32,up,23.81,92.33,up,2.9,4
CVS,2026-06-01,,90.62,55,-0.8835,False,2.5,-3,9,-8,2.02,89.32,up,-37.82,89.16,distribution,-2.81,83.37,distribution,6.1,3
CVS,2026-06-02,,89.5,51,-1.012,False,2.5,-1,9,-9,1.77,84.71,up,-37.82,89.16,distribution,-2.81,83.37,distribution,8.5,3
CVS,2026-06-03,,91.37,56,-0.9507,False,2.6,-1,11,-7,1.55,80.8,up,-30.24,90.52,distribution,-2.81,83.37,distribution,11.1,3.5
CVS,2026-06-04,,94.82,63,-0.6695,False,2.6,2,18,-3,1.35,78.84,up,-30.24,90.52,distribution,-2.81,83.37,distribution,20.3,-0.5
CVS,2026-06-05,,95.93,65,-0.4135,False,2.5,5,10,-2,8.34,78.49,up,-30.24,90.52,distribution,-2.46,86.57,distribution,17.5,0
CVS,2026-06-08,,97.08,67,-0.183,False,2.5,7,11,-1,15.02,78.94,up,-26.46,92.61,distribution,-2.46,86.57,distribution,21.7,-0.5
CVS,2026-06-09,,97.06,67,-0.055,False,2.4,8,7,-1,13.41,80.25,up,-26.46,92.61,distribution,-2.46,86.57,distribution,19.7,0
CVS,2026-06-10,,98.02,69,0.06479,True,2.4,7,6,0,11.95,82.6,up,-26.46,92.61,distribution,-2.46,86.57,distribution,19.7,-1
CVS,2026-06-11,,100.48,73,0.2687,True,2.4,6,6,0,10.81,86.02,up,-23.15,95.06,distribution,-2.46,86.57,distribution,18.5,0
CVS,2026-06-12,,101.96,75,0.4516,True,2.4,6,4,0,20.14,90.28,up,-23.15,95.06,distribution,-2.15,90.35,distribution,16.9,0
CVS,2026-06-15,,100.68,70,0.4344,True,2.5,4,4,-1,8.99,92.81,up,-23.15,95.06,distribution,-2.15,90.35,distribution,14.5,1
CVS,2026-06-16,,100.72,70,0.3761,True,2.5,4,5,-1,8.7,94.58,up,-18.66,97.91,distribution,-2.15,90.35,distribution,15.3,1
CVS,2026-06-17,,99.16,64,0.192,True,2.5,1,3,-3,8.09,95.02,up,-18.66,97.91,distribution,-2.15,90.35,distribution,9.1,1
CVS,2026-06-18,,98.32,61,-0.0157,False,2.4,-2,4,-4,7.49,94.01,up,-18.66,97.91,distribution,-2.15,90.35,distribution,4.3,0
CVS,2026-06-22,,101.3,67,0.01648,True,2.5,-1,9,-1,35.9,94.63,up,-16.33,100.14,distribution,-17.93,93.22,distribution,12.5,-1
CVS,2026-06-23,,101.57,67,0.02434,True,2.4,1,9,0,37.12,95.7,up,-16.33,100.14,distribution,-17.93,93.22,distribution,14.9,0
CVS,2026-06-24,,101.87,68,0.01841,True,2.4,1,9,0,35.7,96.17,up,-16.33,100.14,distribution,-17.93,93.22,distribution,14.9,-1
CVS,2026-06-25,,104.66,73,0.163,True,2.4,6,15,0,32.97,97.34,up,7.95,102.25,up,-17.93,93.22,distribution,25.7,0.5
CVS,2026-06-26,MIMO_SHADOW,104.34,71,0.1955,True,2.4,6,13,0,28.85,98.61,up,7.95,102.25,up,-15.69,96.38,distribution,24.1,0.5
CVS,2026-06-29,MIMO_SHADOW,103.58,68,0.1276,True,2.4,2,11,-1,16.18,98.54,up,7.95,102.25,up,-15.69,96.38,distribution,17.7,0.5
CVS,2026-06-30,MIMO_SHADOW,103.45,68,0.04014,True,2.3,2,14,-1,14.16,97.97,up,-1.05,104.14,distribution,-15.69,96.38,distribution,20.1,0.5
CVS,2026-07-01,MIMO_SHADOW,104.81,70,0.04005,True,2.3,3,16,0,12.39,97.37,up,-1.05,104.14,distribution,-15.69,96.38,distribution,22.9,-0.5
CVS,2026-07-02,MIMO_SHADOW,104.72,70,0.002089,True,2.2,0,17,0,9.78,96.74,up,-1.05,104.14,distribution,-15.69,96.38,distribution,20.1,0.5
CVS,2026-07-06,MIMO_SHADOW,102.08,59,-0.2204,False,2.4,-2,12,-3,8.56,94.97,up,-9.99,104.87,distribution,-12.15,99.4,distribution,10.7,-0.5
CVS,2026-07-07,MIMO_SHADOW,104.33,64,-0.2342,False,2.3,1,10,0,34.69,93.66,up,-9.99,104.87,distribution,-12.15,99.4,distribution,12.7,0
CVS,2026-07-08,MIMO_SHADOW,104.47,65,-0.2507,False,2.3,1,9,0,32.04,93.12,up,-9.99,104.87,distribution,-12.15,99.4,distribution,11.9,-1
CVS,2026-07-09,MIMO_SHADOW,102.81,58,-0.3823,False,2.4,-2,6,-2,27.82,91.91,up,-3.91,105.38,distribution,-12.15,99.4,distribution,5.9,1
CVS,2026-07-10,MIMO_SHADOW,104.15,62,-0.3868,False,2.4,-1,7,-1,23.52,91.86,up,-3.91,105.38,distribution,-10.63,101.33,distribution,7.9,-1
CVS,2026-07-13,MIMO_SHADOW,105.9,65,-0.2844,False,2.3,4,8,0,38.67,92.8,up,-3.91,105.38,distribution,-10.63,101.33,distribution,14.7,1
CVS,2026-07-14,MIMO_SHADOW,106.18,66,-0.2134,False,2.3,2,6,0,32.27,94.21,up,-3.42,105.87,distribution,-10.63,101.33,distribution,11.7,0
CVS,2026-07-15,MIMO_SHADOW,105.91,65,-0.2006,False,2.4,1,4,0,24.53,94.96,up,-3.42,105.87,distribution,-10.63,101.33,distribution,7.9,1
CVS,2026-07-16,MIMO_SHADOW,106.5,66,-0.1695,False,2.4,4,6,0,20.82,96.66,up,-3.42,105.87,distribution,-10.63,101.33,distribution,14.1,0
CVS,2026-07-17,MIMO_SHADOW,107.47,68,-0.1039,False,2.4,3,7,0,26.61,98.15,up,5.27,106.46,up,-9.3,103.14,distribution,13.7,1
CVS,2026-07-20,MIMO_SHADOW,107.61,69,-0.07295,False,2.3,2,9,0,22.53,99.73,up,5.27,106.46,up,-9.3,103.14,distribution,14.1,1
CVS,2026-07-21,MIMO_SHADOW,110.6,74,0.1168,True,2.3,4,12,0,19.18,102.11,up,5.27,106.46,up,-9.3,103.14,distribution,20.9,0.5
CVS,2026-07-22,MIMO_SHADOW,108.08,64,0.04418,True,2.4,2,7,-2,-4.8,103.41,distribution,4.61,107.71,up,-9.3,103.14,distribution,10.5,-1
CVS,2026-07-23,MIMO_SHADOW,106.89,59,-0.1043,False,2.4,0,5,-3,-14.38,101.74,distribution,4.61,107.71,up,-9.3,103.14,distribution,4.5,0
CVS,2026-07-24,MIMO_SHADOW,107.74,61,-0.1621,False,2.3,0,6,-3,-5.31,100.92,distribution,4.61,107.71,up,-7.05,104.72,distribution,5.3,0
CVS,2026-07-27,MIMO_SHADOW,107.07,59,-0.2566,False,2.3,-1,2,-3,-4.65,98.85,distribution,-2.4,108.11,distribution,-7.05,104.72,distribution,0.9,-3
CVS,2026-07-28,MIMO_SHADOW,109.34,64,-0.1811,False,2.3,-1,5,-1,15.49,98.4,up,-2.4,108.11,distribution,-7.05,104.72,distribution,6.3,-1
CVS,2026-07-29,MIMO_SHADOW,105.92,53,-0.3656,False,2.5,-2,2,-4,13.55,97.35,up,-2.4,108.11,distribution,-7.05,104.72,distribution,1.7,1
CVS,2026-07-30,MIMO_SHADOW,105.22,51,-0.529,False,2.5,-2,2,-5,11.66,92.3,up,-2.1,107.7,distribution,-7.05,104.72,distribution,1.7,3
CVS,2026-07-31,MIMO_SHADOW,104.43,49,-0.6751,False,2.4,-3,0,-6,3.24,87.87,up,-2.1,107.7,distribution,-19.56,104.89,distribution,-1.1,4
CVS,2026-08-03,MIMO_SHADOW,105.37,52,-0.6908,False,2.3,-2,1,-5,10.9,83.79,up,-2.1,107.7,distribution,-19.56,104.89,distribution,0.9,4
CVS,2026-08-04,MIMO_SHADOW,104.42,49,-0.743,False,2.3,-4,2,-6,9.41,79.31,up,-7.02,106.46,distribution,-19.56,104.89,distribution,-0.7,3
CVS,2026-08-05,,99.12,37,-1.091,False,3.1,-6,-5,-10,8.13,69.02,accumulation,-7.02,106.46,distribution,-19.56,104.89,distribution,-10.2,0
CVS,2026-08-06,,96.22,32,-1.451,False,3.3,-9,-8,-13,-18.82,62.23,down,-7.02,106.46,distribution,-19.56,104.89,distribution,-20.2,-2
CVS,2026-08-07,,95.7,32,-1.644,False,3.2,-8,-7,-13,-16.46,54.81,down,-6.14,101.54,distribution,-17.12,102.59,distribution,-18.2,-1
CVS,2026-08-10,,95.67,32,-1.688,False,3.1,-9,-8,-13,-14.68,48.82,down,-6.14,101.54,distribution,-17.12,102.59,distribution,-20.2,-1
CVS,2026-08-11,,93.5,28,-1.768,False,3.2,-10,-12,-15,-12.84,43.59,down,-6.14,101.54,distribution,-17.12,102.59,distribution,-24.6,-3
CVS,2026-08-12,,94.72,33,-1.646,False,3.1,-4,-11,-14,-11.24,39.64,down,-12.31,95.88,distribution,-17.12,102.59,distribution,-16.6,-1
CVS,2026-08-13,,94.99,34,-1.462,False,3,-1,-10,-14,-7.38,37.06,distribution,-12.31,95.88,distribution,-17.12,102.59,distribution,-10.7,-1
CVS,2026-08-14,,97.16,41,-1.123,False,2.9,2,-9,-12,-6.46,35.84,distribution,-12.31,95.88,distribution,-8.53,98.82,distribution,-6.3,1
CVS,2026-08-17,,94.01,35,-1.041,False,3.1,-2,-13,-15,-33.62,34.33,distribution,-15.79,90.45,distribution,-8.53,98.82,distribution,-14.8,-1
CVS,2026-08-18,,94.91,38,-0.8653,False,2.9,2,-12,-14,-21.42,33.01,distribution,-15.79,90.45,distribution,-8.53,98.82,distribution,-8.7,0
CVS,2026-08-19,,93.65,35,-0.7748,False,3,-1,-15,-15,-29.93,32.01,distribution,-15.79,90.45,distribution,-8.53,98.82,distribution,-14.7,-1
CVS,2026-08-20,,93.65,35,-0.6606,False,2.8,-1,-13,-15,-26.19,30.5,distribution,-16.36,84.59,distribution,-8.53,98.82,distribution,-13.1,0
CVS,2026-08-21,,93.02,34,-0.5761,False,2.8,-4,-13,-16,-28.51,28.97,distribution,-16.36,84.59,distribution,-25.75,94.49,distribution,-16.7,-3
CVS,2026-08-24,,94.11,38,-0.4036,False,2.7,0,-13,-15,-24.95,28.24,distribution,-16.36,84.59,distribution,-25.75,94.49,distribution,-11.9,0
CVS,2026-08-25,,92.9,35,-0.3309,False,2.6,-2,-13,-16,-32.45,28.09,distribution,-19.62,78.45,distribution,-25.75,94.49,distribution,-14.3,-1
CVS,2026-08-26,,94.32,40,-0.1559,False,2.6,1,-14,-15,-28.39,28.15,distribution,-19.62,78.45,distribution,-25.75,94.49,distribution,-11.5,0
CVS,2026-08-27,,92.92,37,-0.1056,False,2.5,-1,-12,-16,-36.94,28.37,distribution,-19.62,78.45,distribution,-25.75,94.49,distribution,-12.3,-1
CVS,2026-08-28,,93.06,38,-0.03763,False,2.4,0,-12,-16,-31.12,28.55,distribution,-16.19,72.92,distribution,-22.36,90.3,distribution,-11.1,-1
DHR,2026-07-13,,200.16,65,0.7233,True,2.6,3,9,-17,-2.92,93.61,distribution,-6.25,47.43,distribution,17.18,38.6,up,13.8,-1
DHR,2026-07-14,,199.05,63,0.6342,True,2.6,3,10,-18,-2.55,94.49,distribution,-5.43,53.73,distribution,17.18,38.6,up,14.6,-1
DHR,2026-07-15,,200.79,64,0.6186,True,2.5,5,11,-17,-2.22,95.39,distribution,-5.43,53.73,distribution,17.18,38.6,up,17.8,0.5
DHR,2026-07-16,,205.01,68,0.8068,True,2.5,5,13,-15,10.11,96.46,up,-5.43,53.73,distribution,17.18,38.6,up,23.4,3.5
DHR,2026-07-17,,203.83,66,0.7663,True,2.5,2,12,-16,8.85,97.36,up,-4.72,60.32,distribution,15.03,43.48,up,19,2.5
DHR,2026-07-20,,201.11,61,0.4847,True,2.5,0,13,-17,7.74,97.02,up,-4.72,60.32,distribution,15.03,43.48,up,16.4,2.5
DHR,2026-07-21,,179.01,38,-1.171,False,4,-10,1,-26,6.77,88.07,accumulation,-4.72,60.32,distribution,15.03,43.48,up,-10.7,0
DHR,2026-07-22,,179.14,38,-2.18,False,4,-11,1,-26,6.35,81.18,accumulation,-4.1,61.57,distribution,15.03,43.48,up,-11.9,1
DHR,2026-07-23,,192.5,51,-1.882,False,4,-6,8,-20,5.56,77.65,up,-4.1,61.57,distribution,15.03,43.48,up,1.7,5
DHR,2026-07-24,,191.5,50,-1.692,False,3.9,-6,1,-21,1.82,76.01,up,-4.1,61.57,distribution,13.15,45.5,up,-3.9,5
DHR,2026-07-27,,196.5,54,-1.193,False,3.7,-2,2,-19,16.81,75.09,up,27.17,63.27,up,13.15,45.5,up,1.7,6
DHR,2026-07-28,,199.05,56,-0.6799,False,3.9,11,1,-18,14.71,76.7,up,27.17,63.27,up,13.15,45.5,up,17.5,5.5
DHR,2026-07-29,,196.49,54,-0.5097,False,3.9,10,2,-19,5.18,76.88,up,27.17,63.27,up,13.15,45.5,up,16.1,5.5
DHR,2026-07-30,,196.17,54,-0.4192,False,3.8,2,3,-19,3.57,75.7,up,23.19,66.58,up,13.15,45.5,up,7.3,8
DHR,2026-07-31,,194.98,52,-0.4379,False,3.8,2,1,-19,-0.45,74.76,distribution,23.19,66.58,up,24.48,49.05,up,2.7,4
DHR,2026-08-03,,197.5,55,-0.2863,False,3.6,1,0,-18,7.18,74.55,up,23.19,66.58,up,24.48,49.05,up,3.7,8
DHR,2026-08-04,,194.78,52,-0.3697,False,3.7,-2,1,-20,6.28,73.73,up,17.83,68.71,up,24.48,49.05,up,0.9,5
DHR,2026-08-05,,199.66,56,-0.1101,False,3.6,2,3,-18,20.37,73.25,up,17.83,68.71,up,24.48,49.05,up,8.3,8
DHR,2026-08-06,,199.98,57,0.06005,True,3.5,2,5,-17,18.8,73.3,up,17.83,68.71,up,24.48,49.05,up,11.9,8
DHR,2026-08-07,CAVA_MACRO,204.76,61,0.4497,True,3.4,5,4,-15,16.45,74.36,up,33.28,71.22,up,57.88,53.38,up,14.7,6
DHR,2026-08-10,CAVA_MACRO,209.37,65,0.9447,True,3.4,6,5,-14,14.39,77.45,up,33.28,71.22,up,57.88,53.38,up,16.7,5
DHR,2026-08-11,CAVA_MACRO,207.44,62,1.06,True,3.3,6,4,-14,6.97,80.42,up,33.28,71.22,up,57.88,53.38,up,15.9,6
DHR,2026-08-12,CAVA_MACRO,205.79,60,0.9473,True,3.3,3,3,-15,6.1,81.72,up,30.94,74.47,up,57.88,53.38,up,11.5,6
DHR,2026-08-13,CAVA_MACRO,203.89,57,0.679,True,3.3,2,2,-16,-0.24,82.43,distribution,30.94,74.47,up,57.88,53.38,up,6.5,4
DHR,2026-08-14,CAVA_MACRO,202.45,55,0.3551,True,3.2,-1,-1,-16,-0.21,81.84,distribution,30.94,74.47,up,42.04,58.46,up,-0.5,3
DHR,2026-08-17,CAVA_MACRO,202.63,56,0.1161,True,3.1,-3,-1,-16,-0.18,80.24,distribution,21.48,77.11,up,42.04,58.46,up,-1.9,3
DHR,2026-08-18,CAVA_MACRO,199.58,51,-0.2638,False,3,-4,-1,-18,-9.16,79.19,distribution,21.48,77.11,up,42.04,58.46,up,-5.6,3
DHR,2026-08-19,CAVA_MACRO,211.5,63,0.2441,True,3.1,3,18,-13,-8.02,80.35,distribution,21.48,77.11,up,42.04,58.46,up,20.5,1.5
DHR,2026-08-20,CAVA_MACRO,215.91,66,0.8018,True,3.2,6,21,-11,-7.01,82.75,distribution,18.79,80.46,up,42.04,58.46,up,27.5,1.5
DHR,2026-08-21,CAVA_MACRO,218.85,68,1.266,True,3.2,8,14,-10,1.89,85.42,up,18.79,80.46,up,36.78,64.46,up,28.3,4.5
DHR,2026-08-24,CAVA_MACRO,215.11,63,1.218,True,3.2,6,12,-11,-8.56,87.65,distribution,18.79,80.46,up,36.78,64.46,up,19.3,1.5
DHR,2026-08-25,CAVA_MACRO,215.97,64,1.142,True,3.1,8,10,-11,-5.14,88.78,distribution,16.54,83.91,up,36.78,64.46,up,20.1,2
DHR,2026-08-26,CAVA_MACRO,215.36,63,0.9566,True,3,2,8,-11,-4.5,89.68,distribution,16.54,83.91,up,36.78,64.46,up,11.8,3
DHR,2026-08-27,MIMO_SHADOW|CAVA_MACRO,215.68,63,0.7691,True,3,0,10,-11,-3.94,90.52,distribution,16.54,83.91,up,36.78,64.46,up,11,1
DHR,2026-08-28,MIMO_SHADOW|CAVA_MACRO,216.07,64,0.5929,True,2.9,-1,10,-11,-2.47,90.56,distribution,14.64,86.2,up,22.6,70.53,up,9.8,2
DPM.TO,2026-07-13,,47,49,0.1146,True,5.3,-8,6,-21,-48.47,73.51,distribution,9.42,47.58,up,7.88,63.02,up,-3.3,2
DPM.TO,2026-07-14,,47.78,51,0.04349,True,5.1,-2,7,-20,-42.41,73.54,distribution,9.42,47.58,up,7.88,63.02,up,4.7,3
DPM.TO,2026-07-15,,47.32,50,-0.03762,False,5.1,3,-1,-20,-45.21,73.16,distribution,9.42,47.58,up,7.88,63.02,up,2.3,4
DPM.TO,2026-07-16,,46.19,47,-0.1634,False,5.2,-8,-6,-22,-59.45,70.97,distribution,5.08,47.71,up,7.88,63.02,up,-14.9,2
DPM.TO,2026-07-17,,46.99,49,-0.1871,False,5.1,-4,0,-21,-52.02,68.72,distribution,5.08,47.71,up,0.62,60.91,up,-5.3,3
DPM.TO,2026-07-20,,46.93,49,-0.2,False,4.9,0,4,-21,-45.52,67.87,distribution,5.08,47.71,up,0.62,60.91,up,2.7,5
DPM.TO,2026-07-21,,50.58,58,0.03178,True,4.8,6,11,-15,-39.83,70.24,distribution,4.48,49.02,up,0.62,60.91,up,18.5,4.5
DPM.TO,2026-07-22,,51.09,59,0.2043,True,4.7,8,7,-14,-26.65,74.27,distribution,4.48,49.02,up,0.62,60.91,up,17.7,2
DPM.TO,2026-07-23,,50.92,59,0.2868,True,4.6,10,8,-14,-23.32,75.95,distribution,4.48,49.02,up,0.62,60.91,up,20.9,2.5
DPM.TO,2026-07-24,,52.45,62,0.4163,True,4.5,12,17,-12,-20.4,78.73,distribution,3.95,53.44,up,0.54,60.49,up,30.5,2.5
DPM.TO,2026-07-27,,51.05,57,0.3806,True,4.7,9,14,-14,-39.78,80.79,distribution,3.95,53.44,up,0.54,60.49,up,24.5,3.5
DPM.TO,2026-07-28,,50,54,0.2647,True,4.8,-1,8,-16,-51.25,80.66,distribution,3.95,53.44,up,0.54,60.49,up,6.7,2
DPM.TO,2026-07-29,,49.3,52,0.1263,True,4.8,-4,8,-17,-44.84,79.25,distribution,-7.88,57.33,distribution,0.54,60.49,up,3.1,1
DPM.TO,2026-07-30,,52.3,59,0.217,True,4.6,3,14,-12,8.41,79.42,up,-7.88,57.33,distribution,0.54,60.49,up,20.3,4.5
DPM.TO,2026-07-31,,49.28,51,0.06169,True,5.6,-6,1,-17,7.36,80.18,up,-7.88,57.33,distribution,-8.49,61.81,distribution,-3.4,1
DPM.TO,2026-08-04,,53.54,60,0.2249,True,5.4,5,5,-10,6.44,80.95,up,8.55,62.23,up,-8.49,61.81,distribution,15,4
DPM.TO,2026-08-05,,56.59,64,0.5014,True,5.2,13,11,-5,52.96,84.56,up,8.55,62.23,up,-8.49,61.81,distribution,29.4,3.5
DPM.TO,2026-08-06,MIMO_SHADOW,57.99,66,0.7281,True,5,18,19,-2,68.06,87.87,up,8.55,62.23,up,-8.49,61.81,distribution,42.8,1.5
DPM.TO,2026-08-07,MIMO_SHADOW,61.62,71,1.052,True,5,18,34,0,59.55,92.35,up,35.76,70.02,up,27.57,66,up,56.3,2.5
DPM.TO,2026-08-10,MIMO_SHADOW,61.89,71,1.204,True,4.8,26,24,0,56.05,94.88,up,35.76,70.02,up,27.57,66,up,57.9,3.5
DPM.TO,2026-08-11,MIMO_SHADOW,62.28,72,1.244,True,4.6,16,27,0,54.74,96.8,up,35.76,70.02,up,27.57,66,up,48.3,3.5
DPM.TO,2026-08-12,MIMO_SHADOW,62.73,72,1.213,True,4.5,11,33,0,54.47,98.42,up,33.94,77,up,27.57,66,up,47.1,3.5
DPM.TO,2026-08-13,MIMO_SHADOW,61.35,68,1.02,True,4.4,6,28,-2,27.51,98.95,up,33.94,77,up,27.57,66,up,37.1,3.5
DPM.TO,2026-08-14,MIMO_SHADOW,62.32,69,0.8829,True,4.2,1,32,-1,24.07,98.99,up,33.94,77,up,26.14,71.48,up,34.3,3.5
DPM.TO,2026-08-17,MIMO_SHADOW,63.51,71,0.8001,True,4.1,3,37,0,38.17,99.56,up,31.25,82.29,up,26.14,71.48,up,40.7,3.5
DPM.TO,2026-08-18,MIMO_SHADOW,62.2,67,0.5944,True,4.1,0,32,-2,33.4,99.7,up,31.25,82.29,up,26.14,71.48,up,33.1,2.5
DPM.TO,2026-08-19,MIMO_SHADOW,66.36,72,0.6701,True,4.1,6,41,0,29.22,101.26,up,31.25,82.29,up,26.14,71.48,up,47.5,2.5
DPM.TO,2026-08-20,MIMO_SHADOW,67.53,74,0.7259,True,4,10,34,0,25.57,102.69,up,26.46,87.34,up,26.14,71.48,up,46.7,3.5
DPM.TO,2026-08-21,MIMO_SHADOW,70.15,77,0.8572,True,3.9,13,37,0,56.83,105.06,up,26.46,87.34,up,45.12,77.45,up,52.7,3.5
DPM.TO,2026-08-24,MIMO_SHADOW,69.79,75,0.8367,True,4,10,37,-1,46.43,107.2,up,26.46,87.34,up,45.12,77.45,up,49.1,2.5
DPM.TO,2026-08-25,MIMO_SHADOW,69.74,75,0.7401,True,3.9,12,33,-1,37.84,107.61,up,22.51,92.62,up,45.12,77.45,up,48.3,3.5
DPM.TO,2026-08-26,MIMO_SHADOW,66.88,66,0.4199,True,4.1,1,31,-5,-0.64,106.55,distribution,22.51,92.62,up,45.12,77.45,up,30.5,1.5
DPM.TO,2026-08-27,MIMO_SHADOW,67.16,66,0.1756,True,4,-1,34,-4,-0.56,104.41,distribution,22.51,92.62,up,45.12,77.45,up,30.5,0.5
DPM.TO,2026-08-28,MIMO_SHADOW,64.73,59,-0.1815,False,4.2,-8,31,-8,-29.05,101.69,distribution,19.23,95,up,37.53,82.28,up,16.7,1.5
EOS.AX,2026-08-03,,6.94,41,-0.02081,False,8.5,-7,-32,-43,11.06,17.39,up,8.07,43.5,accumulation,-16.3,60.26,distribution,-35,-1
EOS.AX,2026-08-04,,7.56,48,0.05542,True,7.9,10,-24,-38,9.68,20.41,up,65.18,40.43,accumulation,-16.3,60.26,distribution,-6.2,2.5
EOS.AX,2026-08-05,,7.65,48,0.1121,True,7.5,15,-20,-38,11.51,24.53,up,65.18,40.43,accumulation,-16.3,60.26,distribution,3,2.5
EOS.AX,2026-08-06,,7.74,49,0.1533,True,7.3,27,-13,-37,10.07,29.13,up,65.18,40.43,accumulation,-16.3,60.26,distribution,23,2.5
EOS.AX,2026-08-07,,7.74,49,0.1766,True,7,16,-14,-37,8.81,33.7,up,60.62,39.57,up,6.12,55.89,up,10.5,4.5
EOS.AX,2026-08-10,,7.51,47,0.1723,True,7.2,8,-11,-39,7.71,36.93,up,60.62,39.57,up,6.12,55.89,up,3.3,3
EOS.AX,2026-08-11,,8,53,0.1966,True,7,6,0,-35,23.61,40.62,up,60.62,39.57,up,6.12,55.89,up,9.7,5
EOS.AX,2026-08-12,,8.59,58,0.2433,True,6.6,12,8,-30,20.66,46.31,up,49.31,40.06,up,6.12,55.89,up,24.3,5.5
EOS.AX,2026-08-13,,8.51,57,0.2585,True,6.7,10,3,-31,18.08,53.16,up,49.31,40.06,up,6.12,55.89,up,17.9,3.5
EOS.AX,2026-08-14,,8.47,57,0.2549,True,6.7,9,11,-31,14.52,57.71,up,49.31,40.06,up,5.35,53.95,up,23.1,3.5
EOS.AX,2026-08-17,,8.95,61,0.2725,True,6.4,19,27,-27,12.71,63.26,up,40.64,42.31,up,5.35,53.95,up,47.9,3.5
EOS.AX,2026-08-18,,8.57,56,0.2469,True,6.6,7,24,-30,-0.52,67.94,distribution,40.64,42.31,up,5.35,53.95,up,28.1,1.5
EOS.AX,2026-08-19,,8.7,58,0.2275,True,6.5,1,22,-29,-0.45,71.69,distribution,40.64,42.31,up,5.35,53.95,up,19.3,2.5
EOS.AX,2026-08-20,,9.09,61,0.2291,True,6.4,7,27,-26,-0.4,75.39,distribution,37.43,44.47,up,5.35,53.95,up,30.5,0.5
EOS.AX,2026-08-21,,8.9,59,0.2062,True,6.5,5,23,-27,-5.83,77.75,distribution,37.43,44.47,up,12.31,53.9,up,24.9,-0.5
EOS.AX,2026-08-24,,8.6,55,0.1618,True,6.8,-4,25,-30,-5.1,79.28,distribution,37.43,44.47,up,12.31,53.9,up,14.7,1.5
EOS.AX,2026-08-25,,10.58,70,0.2512,True,6.5,23,42,-14,-4.46,83.23,distribution,31.29,48.46,up,12.31,53.9,up,63.7,2.5
EOS.AX,2026-08-26,CAVA_MACRO,11.24,73,0.3351,True,6.4,29,63,-8,12.12,87.79,up,31.29,48.46,up,12.31,53.9,up,91.7,5.5
EOS.AX,2026-08-27,CAVA_MACRO,11.01,70,0.3536,True,6.8,21,65,-10,5.07,92.04,up,31.29,48.46,up,12.31,53.9,up,83.7,4.5
EOS.AX,2026-08-28,CAVA_MACRO,10.05,60,0.2826,True,7.7,13,65,-18,-19.25,93.52,distribution,15.46,53.72,up,10.77,56.69,up,69.1,0.5
EOSE,2026-05-04,,6.38,48,-0.001599,False,9.8,-11,28,-67,-10.64,77.61,distribution,-8.51,23.87,distribution,-19.54,33.42,distribution,5.2,-1.5
EOSE,2026-05-05,,6.23,46,-0.03286,False,9.8,-9,29,-68,-11.04,74.33,distribution,-8.51,23.87,distribution,-19.54,33.42,distribution,8.4,-1.5
EOSE,2026-05-06,,6.54,50,-0.03162,False,9.2,3,46,-66,-9.53,71.85,distribution,-8.51,23.87,distribution,-19.54,33.42,distribution,36.4,-0.5
EOSE,2026-05-07,,6.36,48,-0.04128,False,9.5,-5,39,-67,-8.24,70.02,distribution,-7.45,26.17,distribution,-19.54,33.42,distribution,21.2,-1.5
EOSE,2026-05-08,,8.01,63,0.05962,True,8.5,24,35,-58,-7.14,71.26,distribution,-7.45,26.17,distribution,-17.7,32.92,distribution,55.8,-1.5
EOSE,2026-05-11,,8.57,66,0.1548,True,8.6,34,52,-55,-0.98,75.48,distribution,-7.45,26.17,distribution,-17.7,32.92,distribution,82.4,-3.5
EOSE,2026-05-12,,8.1,61,0.1754,True,9.2,30,31,-58,-5.23,78,distribution,-6.52,30,distribution,-17.7,32.92,distribution,59.8,-3.5
EOSE,2026-05-13,,8.28,62,0.1892,True,10,27,31,-57,-4.55,83.19,distribution,-6.52,30,distribution,-17.7,32.92,distribution,56.2,-3.5
EOSE,2026-05-14,,8.17,61,0.179,True,10.3,28,15,-57,-4.94,83.59,distribution,-6.52,30,distribution,-17.7,32.92,distribution,44.6,-3.5
EOSE,2026-05-15,,7.865,58,0.1416,True,10.5,-2,11,-59,-6.99,83.36,distribution,-5.7,35.5,distribution,-15.98,34.32,distribution,5.4,-1.5
EOSE,2026-05-18,,7.43,53,0.0804,True,10.9,-13,4,-61,-6.07,82.04,distribution,-5.7,35.5,distribution,-15.98,34.32,distribution,-14.4,-2
EOSE,2026-05-19,,6.88,48,-2.096e-05,False,11.6,-15,-4,-64,-10.29,78.9,distribution,-5.7,35.5,distribution,-15.98,34.32,distribution,-25.2,-2
EOSE,2026-05-20,,7.11,50,-0.03849,False,11,-14,1,-63,-6.82,76,distribution,-16.73,39.23,distribution,-15.98,34.32,distribution,-20,-1
EOSE,2026-05-21,,8.17,59,0.004401,True,9.9,0,11,-57,-5.92,75.5,distribution,-16.73,39.23,distribution,-15.98,34.32,distribution,7.8,-2.5
EOSE,2026-05-22,,8.06,58,0.02137,True,9.9,2,16,-58,-5.99,77.18,distribution,-16.73,39.23,distribution,-11.26,35.39,distribution,14.2,-1.5
EOSE,2026-05-26,,8.73,62,0.07093,True,9.3,17,14,-55,-5.2,79.64,distribution,-14.64,43.61,distribution,-11.26,35.39,distribution,30.6,-2.5
EOSE,2026-05-27,,8.61,61,0.08774,True,9.3,25,20,-55,-5.37,81.67,distribution,-14.64,43.61,distribution,-11.26,35.39,distribution,45,-3.5
EOSE,2026-05-28,,8.99,64,0.1148,True,8.9,26,32,-53,-4.67,84.13,distribution,-14.64,43.61,distribution,-11.26,35.39,distribution,55.8,-2.5
EOSE,2026-05-29,CONFIRMED_FLOW_LEADERS,8.43,57,0.08674,True,9.4,3,33,-56,-7.77,84.75,distribution,-16.39,48.76,distribution,-4.52,37.29,distribution,29,-1.5
EOSE,2026-06-01,CONFIRMED_FLOW_LEADERS,8.97,61,0.09551,True,8.9,11,34,-53,-6.74,84.96,distribution,-16.39,48.76,distribution,-4.52,37.29,distribution,39.4,-2.5
EOSE,2026-06-02,CONFIRMED_FLOW_LEADERS,9.42,64,0.121,True,8.6,8,46,-51,-5.87,86.59,distribution,-16.39,48.76,distribution,-4.52,37.29,distribution,45.4,-2.5
EOSE,2026-06-03,CONFIRMED_FLOW_LEADERS,8.2,53,0.04868,True,10.3,-5,29,-57,-12.13,85.6,distribution,-14.05,53.66,distribution,-4.52,37.29,distribution,15.2,-1.5
EOSE,2026-06-04,CONFIRMED_FLOW_LEADERS,8.08,52,-0.01097,False,10.1,-10,30,-58,-11.16,83.44,distribution,-14.05,53.66,distribution,-4.52,37.29,distribution,8,-0.5
EOSE,2026-06-05,CONFIRMED_FLOW_LEADERS,7.08,44,-0.1157,False,12,-16,8,-63,-9.65,79.69,distribution,-14.05,53.66,distribution,-3.98,38.96,distribution,-16.8,-3
EOSE,2026-06-08,CONFIRMED_FLOW_LEADERS,6.69,42,-0.204,False,12.6,-25,5,-65,-10.89,75.22,distribution,-29.97,56.68,distribution,-3.98,38.96,distribution,-30,-3
EOSE,2026-06-09,CONFIRMED_FLOW_LEADERS,6.26,39,-0.2795,False,13.8,-34,-22,-67,-9.64,69.87,distribution,-29.97,56.68,distribution,-3.98,38.96,distribution,-62.4,-5
EOSE,2026-06-10,CONFIRMED_FLOW_LEADERS,6.07,38,-0.3271,False,13.8,-26,-29,-68,-9.9,64.05,distribution,-29.97,56.68,distribution,-3.98,38.96,distribution,-58.4,-5
EOSE,2026-06-11,,6.2,39,-0.3334,False,13,-23,-23,-68,-8.77,58.8,distribution,-25.28,57.57,distribution,-3.98,38.96,distribution,-50,-4
EOSE,2026-06-12,,6.06,38,-0.3301,False,12.9,-14,-27,-68,-8.74,54.4,distribution,-25.28,57.57,distribution,-21.51,39.71,distribution,-42.4,-4
EOSE,2026-06-15,,6.38,42,-0.2908,False,12,-5,-22,-67,-5.55,50.92,distribution,-25.28,57.57,distribution,-21.51,39.71,distribution,-27.6,-2
EOSE,2026-06-16,,6.81,46,-0.2233,False,11.4,9,-13,-65,-4.91,49.98,distribution,-14.18,58.38,distribution,-21.51,39.71,distribution,-3.6,-0.5
EOSE,2026-06-17,,7.6,53,-0.1182,False,10.7,25,2,-60,-4.33,50.7,distribution,-14.18,58.38,distribution,-21.51,39.71,distribution,27.6,-0.5
EOSE,2026-06-18,,7.65,53,-0.04198,False,10.8,23,11,-60,-3.56,52.9,distribution,-14.18,58.38,distribution,-21.51,39.71,distribution,32.4,-1.5
EOSE,2026-06-22,,7.34,50,-0.01075,False,11,21,3,-62,-5.18,53.98,distribution,-12.19,60.42,distribution,-19.05,41.12,distribution,23.6,-1.5
EOSE,2026-06-23,,6.49,43,-0.04378,False,12.6,2,-21,-66,-4.66,52.63,distribution,-12.19,60.42,distribution,-19.05,41.12,distribution,-18.4,-3
EOSE,2026-06-24,,6.06,40,-0.08847,False,13.2,-11,-25,-68,-7.42,50.34,distribution,-12.19,60.42,distribution,-19.05,41.12,distribution,-37.2,-4
EOSE,2026-06-25,,6.09,41,-0.1085,False,12.7,-20,-30,-68,-6.32,47.89,distribution,-23.82,60.43,distribution,-19.05,41.12,distribution,-52,-3
EOSE,2026-06-26,,5.93,39,-0.124,False,12.6,-22,-31,-69,-5.56,45.54,distribution,-23.82,60.43,distribution,-41.43,42.17,distribution,-55.2,-4
EOSE,2026-06-29,,6.09,41,-0.1151,False,11.9,-17,-32,-68,-3.62,44.22,distribution,-23.82,60.43,distribution,-41.43,42.17,distribution,-50,-3
EOSE,2026-06-30,,5.88,40,-0.1148,False,12.2,-9,-30,-69,-3.2,43.02,distribution,-20.24,59.41,distribution,-41.43,42.17,distribution,-38.8,-4
EOSE,2026-07-01,,5.55,37,-0.1271,False,12.5,-8,-38,-71,-5.57,41.69,distribution,-20.24,59.41,distribution,-41.43,42.17,distribution,-44,-5
EOSE,2026-07-02,,5.23,35,-0.1459,False,13.2,-14,-44,-73,-4.89,39.88,distribution,-20.24,59.41,distribution,-41.43,42.17,distribution,-56,-5
EOSE,2026-07-06,,5.06,33,-0.1579,False,13.4,-15,-38,-74,-4.31,37.72,distribution,-25.65,57.54,distribution,-46.71,42.41,distribution,-52.4,-6
EOSE,2026-07-07,,4.74,31,-0.1741,False,14.6,-22,-41,-75,-3.8,35.05,down,-25.65,57.54,distribution,-46.71,42.41,distribution,-64.2,-6
EOSE,2026-07-08,,4.505,30,-0.1863,False,15,-23,-36,-77,-5.86,31.86,down,-25.65,57.54,distribution,-46.71,42.41,distribution,-61.4,-6
EOSE,2026-07-09,,4.58,31,-0.1752,False,14.3,-17,-32,-76,-5.25,28.19,down,-21.75,54.82,distribution,-46.71,42.41,distribution,-51,-5
EOSE,2026-07-10,,4.4,29,-0.1659,False,14.4,-16,-30,-77,-6.54,24.09,down,-21.75,54.82,distribution,-41.36,41.94,distribution,-48.2,-6
EOSE,2026-07-13,,4.35,29,-0.1496,False,14.1,-14,-28,-77,-5.68,20.27,down,-21.75,54.82,distribution,-41.36,41.94,distribution,-44.2,-5
EOSE,2026-07-14,,4.29,29,-0.13,False,13.8,-9,-31,-78,-5.56,17.79,down,-21.6,51.32,distribution,-41.36,41.94,distribution,-40.6,-5
EOSE,2026-07-15,,4.37,30,-0.1001,False,13.3,-3,-28,-77,-4.92,16.68,distribution,-21.6,51.32,distribution,-41.36,41.94,distribution,-30,-4
EOSE,2026-07-16,,3.96,27,-0.09647,False,14.9,-14,-38,-79,-4.34,15.41,down,-21.6,51.32,distribution,-41.36,41.94,distribution,-52.2,-6
EOSE,2026-07-17,,4.13,30,-0.07217,False,14.3,-6,-39,-78,-1.84,14.04,down,-18.4,47.25,distribution,-36.45,40.55,distribution,-43.4,-5
EOSE,2026-07-20,,4.06,30,-0.05138,False,13.9,-7,-47,-79,-2.42,12.87,down,-18.4,47.25,distribution,-36.45,40.55,distribution,-51,-5
EXK,2026-07-29,,7.56,42,0.0159,True,6.6,-9,-8,-46,-27.33,39.26,distribution,-3.82,29.43,distribution,1.32,42.61,up,-17.7,-2
EXK,2026-07-30,,7.77,46,0.01886,True,6.5,-2,-6,-45,-5.9,37.59,distribution,-3.34,27.9,distribution,1.32,42.61,up,-7.7,0
EXK,2026-07-31,,7.52,42,0.00572,True,6.7,-4,-10,-47,-28.72,35.59,distribution,-3.34,27.9,distribution,1.16,41,up,-13.3,-2
EXK,2026-08-03,,7.73,46,0.01251,True,6.4,-3,-10,-45,-5.66,34.29,distribution,-3.34,27.9,distribution,1.16,41,up,-12.1,0
EXK,2026-08-04,,8.33,54,0.0563,True,6.2,7,-2,-41,-4.95,37.45,distribution,7.13,27.82,up,1.16,41,up,6.3,1
EXK,2026-08-05,,8.96,61,0.1228,True,5.9,19,12,-37,51.71,44.32,up,7.13,27.82,up,1.16,41,up,36.9,2.5
EXK,2026-08-06,,8.83,59,0.1512,True,5.9,14,14,-37,34.05,50.16,up,7.13,27.82,up,1.16,41,up,32.5,1.5
EXK,2026-08-07,,9.54,66,0.2075,True,5.6,27,16,-32,30.09,57.25,up,27.97,31.55,up,51.06,41.54,up,50.7,2.5
EXK,2026-08-10,,10.24,71,0.2773,True,5.4,32,27,-27,26.65,63.94,up,27.97,31.55,up,51.06,41.54,up,65.5,3.5
EXK,2026-08-11,,10.59,73,0.3289,True,5.2,27,35,-25,50.23,69.98,up,27.97,31.55,up,51.06,41.54,up,66.9,4.5
EXK,2026-08-12,,10.61,73,0.3446,True,5.1,18,31,-25,42.73,75.55,up,24.48,37.89,up,51.06,41.54,up,52.9,4.5
EXK,2026-08-13,,10.31,68,0.3157,True,5.2,17,30,-27,15.08,78.62,up,24.48,37.89,up,51.06,41.54,up,49.9,2.5
EXK,2026-08-14,,10.66,71,0.3011,True,5.1,12,42,-25,36.3,81.92,up,24.48,37.89,up,42,44.99,up,54.5,4.5
EXK,2026-08-17,,10.14,63,0.2402,True,5.6,-1,37,-28,30.38,82.86,up,21.42,43.31,up,42,44.99,up,32.9,2.5
EXK,2026-08-18,,9.66,57,0.1553,True,5.8,-9,29,-32,-6.22,82.85,distribution,21.42,43.31,up,42,44.99,up,13.9,0.5
EXK,2026-08-19,,10.99,66,0.175,True,5.6,4,34,-22,-5.44,84.59,distribution,21.42,43.31,up,42,44.99,up,35.5,1.5
EXK,2026-08-20,,10.97,66,0.1727,True,5.7,6,32,-22,-4.76,86.95,distribution,18.74,49.2,up,42,44.99,up,36.3,0.5
EXK,2026-08-21,,10.62,62,0.1353,True,6,0,34,-25,-4.17,88.36,distribution,18.74,49.2,up,34.92,49.4,up,29.7,0.5
EXK,2026-08-24,MIMO_SHADOW,10.76,63,0.1088,True,6,6,38,-24,5.06,88.65,up,18.74,49.2,up,34.92,49.4,up,43.1,3.5
EXK,2026-08-25,MIMO_SHADOW,11.09,65,0.1024,True,5.9,15,40,-21,24.61,88.57,up,16.4,55.85,up,34.92,49.4,up,55.5,4.5
EXK,2026-08-26,MIMO_SHADOW,10.89,63,0.07485,True,5.8,-1,41,-23,9.14,88.79,up,16.4,55.85,up,34.92,49.4,up,37.1,4.5
EXK,2026-08-27,MIMO_SHADOW,11.3,66,0.07428,True,5.5,3,49,-20,7.91,89.2,up,16.4,55.85,up,34.92,49.4,up,49.3,4.5
EXK,2026-08-28,MIMO_SHADOW,10.76,59,0.02985,True,6,1,38,-24,6.85,88.91,up,9.25,60.9,up,31.82,55.49,up,37.1,3.5
FCX,2026-07-09,,60.53,44,-0.6834,False,4.7,0,-5,-16,39.45,33.26,accumulation,-3,68.93,distribution,12.44,83.23,up,-2.5,5
FCX,2026-07-10,,61.52,46,-0.457,False,4.5,1,-4,-14,46.56,32.97,up,-3,68.93,distribution,10.72,79.69,up,0.5,9
FCX,2026-07-13,,59.97,43,-0.3813,False,4.6,-2,-3,-16,41.2,32.73,accumulation,-3,68.93,distribution,10.72,79.69,up,-3.3,3
FCX,2026-07-14,,61.95,48,-0.1779,False,4.5,4,-7,-14,61.14,33.93,up,1.74,65.97,up,10.72,79.69,up,1.7,9
FCX,2026-07-15,,60.97,46,-0.09368,False,4.6,6,-11,-15,52.25,34.78,up,1.74,65.97,up,10.72,79.69,up,0.9,6
FCX,2026-07-16,,58.56,41,-0.1796,False,4.9,-3,-16,-18,43.22,33.72,accumulation,1.74,65.97,up,10.72,79.69,up,-14.9,4
FCX,2026-07-17,,58.38,41,-0.2249,False,5,-5,-17,-19,37.04,32.13,accumulation,1.54,62.06,up,-0.63,75.53,distribution,-19.6,2
FCX,2026-07-20,,58.79,42,-0.2042,False,4.7,-2,-15,-18,35.9,31.87,accumulation,1.54,62.06,up,-0.63,75.53,distribution,-14.4,3
FCX,2026-07-21,,62.56,52,0.07167,True,4.5,1,-9,-13,30.06,33.49,up,1.54,62.06,up,-0.63,75.53,distribution,-3,6
FCX,2026-07-22,,65,57,0.4079,True,4.3,7,-6,-9,25.35,37.27,up,22.75,60.12,up,-0.63,75.53,distribution,8.6,5
FCX,2026-07-23,,63.5,53,0.5121,True,4.5,8,-1,-11,21.82,40.77,up,22.75,60.12,up,-0.63,75.53,distribution,11.8,4
FCX,2026-07-24,,62.6,51,0.5024,True,4.5,7,1,-13,10.38,43.06,up,22.75,60.12,up,12.68,72.86,up,13.7,6
FCX,2026-07-27,,62.72,51,0.4859,True,4.5,7,0,-13,10.23,45.99,up,12.36,59.13,up,12.68,72.86,up,12.9,6
FCX,2026-07-28,,61.64,49,0.3882,True,4.5,-1,-1,-14,8.84,47.59,up,12.36,59.13,up,12.68,72.86,up,2.5,6
FCX,2026-07-29,,59.99,45,0.2075,True,4.7,-8,-3,-16,7.65,47.02,up,12.36,59.13,up,12.68,72.86,up,-7.5,5
FCX,2026-07-30,,63.44,53,0.3092,True,4.6,0,1,-12,39.58,49.38,up,10.67,57.32,up,12.68,72.86,up,5.3,9
FCX,2026-07-31,,62.63,51,0.3101,True,4.6,0,3,-13,27.03,51.37,up,10.67,57.32,up,11.01,70.97,up,6.9,8
FCX,2026-08-03,CAVA_MACRO,63.64,53,0.3632,True,4.5,1,4,-11,33.39,53.47,up,10.67,57.32,up,11.01,70.97,up,8.9,9
FCX,2026-08-04,CAVA_MACRO,67.3,61,0.6145,True,4.4,9,10,-6,29.21,59.36,up,20.73,57.54,up,11.01,70.97,up,25.3,5.5
FCX,2026-08-05,CAVA_MACRO,69.39,64,0.8752,True,4.3,16,17,-3,25.69,66.02,up,20.73,57.54,up,11.01,70.97,up,39.3,3.5
FCX,2026-08-06,CAVA_MACRO,68.18,61,0.9156,True,4.2,7,19,-5,11.96,70.71,up,20.73,57.54,up,11.01,70.97,up,30.1,5.5
FCX,2026-08-07,MIMO_SHADOW|CAVA_MACRO,69.62,63,0.9828,True,4.1,11,15,-3,23.51,74.96,up,17.68,60.93,up,29.86,71.84,up,31.7,3.5
FCX,2026-08-10,MIMO_SHADOW|CAVA_MACRO,70.51,65,1.026,True,4,11,15,-2,20.56,78.37,up,17.68,60.93,up,29.86,71.84,up,31.7,3.5
FCX,2026-08-11,MIMO_SHADOW|CAVA_MACRO,68.87,60,0.888,True,4.1,2,15,-4,18.02,80.3,up,17.68,60.93,up,29.86,71.84,up,20.9,2.5
FCX,2026-08-12,MIMO_SHADOW|CAVA_MACRO,69.22,61,0.7687,True,3.9,0,12,-3,18.81,82.09,up,14.04,64.59,up,29.86,71.84,up,16.1,3.5
FCX,2026-08-13,MIMO_SHADOW|CAVA_MACRO,66.83,54,0.4908,True,4,-2,10,-7,16.08,82.28,up,14.04,64.59,up,29.86,71.84,up,11.1,6
FCX,2026-08-14,MIMO_SHADOW|CAVA_MACRO,66.49,53,0.2576,True,4,-4,14,-7,10.77,81.22,up,14.04,64.59,up,16.49,73.72,up,11.9,6.5
FCX,2026-08-17,MIMO_SHADOW|CAVA_MACRO,68.38,57,0.2066,True,3.8,-3,17,-5,9.3,81.07,up,9.8,66.4,up,16.49,73.72,up,16.5,7.5
FCX,2026-08-18,MIMO_SHADOW|CAVA_MACRO,66.32,52,0.01974,True,3.9,-4,13,-8,8.04,80.5,up,9.8,66.4,up,16.49,73.72,up,11.1,6.5
FCX,2026-08-19,MIMO_SHADOW|CAVA_MACRO,69.09,58,0.06579,True,3.9,0,10,-4,6.97,81.14,up,9.8,66.4,up,16.49,73.72,up,14.5,4
FCX,2026-08-20,MIMO_SHADOW|CAVA_MACRO,71.22,62,0.2144,True,3.9,7,10,-1,6.05,82.57,up,8.47,68.42,up,16.49,73.72,up,22.9,2
FCX,2026-08-21,MIMO_SHADOW|CAVA_MACRO,76.66,69,0.6303,True,3.9,15,21,0,5.25,86.95,up,8.47,68.42,up,14.14,76.8,up,42.3,2.5
FCX,2026-08-24,MIMO_SHADOW|CAVA_MACRO,77.8,71,0.916,True,3.8,14,24,0,12.86,91.26,up,8.47,68.42,up,14.14,76.8,up,43.5,3.5
FCX,2026-08-25,MIMO_SHADOW|CAVA_MACRO,79.91,73,1.165,True,3.7,20,27,0,25.73,94.75,up,7.34,74.06,up,14.14,76.8,up,53.1,3.5
FCX,2026-08-26,MIMO_SHADOW|CAVA_MACRO,79,70,1.182,True,3.7,14,28,-1,21.82,98.05,up,7.34,74.06,up,14.14,76.8,up,46.7,2.5
FCX,2026-08-27,CAVA_MACRO,78.42,69,1.072,True,3.6,10,31,-2,14.76,99.88,up,7.34,74.06,up,14.14,76.8,up,44.3,3.5
FCX,2026-08-28,MIMO_SHADOW|CAVA_MACRO,76.45,63,0.7969,True,3.7,0,21,-4,12.68,99.99,up,-1.55,78.48,distribution,12.16,81.61,up,23.3,1.5
GGAL,2026-05-19,,39.95,38,-0.08029,False,5.1,-5,-17,-37,16.42,31.02,up,8.48,38.61,accumulation,38.27,42.24,accumulation,-18.6,1
GGAL,2026-05-20,,42.02,47,0.007594,True,5,1,-12,-34,14.37,31.78,up,7.46,37.49,up,38.27,42.24,accumulation,-5.4,4
GGAL,2026-05-21,,44.01,53,0.1986,True,4.9,5,-5,-30,54.8,34.81,up,7.46,37.49,up,38.27,42.24,accumulation,5,6
GGAL,2026-05-22,,43.55,51,0.2875,True,4.9,7,0,-31,38.19,39.3,up,7.46,37.49,up,32.77,40.99,up,11.9,3
GGAL,2026-05-26,,45.91,58,0.487,True,4.7,9,6,-27,33.41,45.32,up,6.72,38.35,up,32.77,40.99,up,20.1,5.5
GGAL,2026-05-27,,48.18,63,0.7384,True,4.6,21,12,-21,29.24,53.76,up,6.72,38.35,up,32.77,40.99,up,40.3,4.5
GGAL,2026-05-28,,48.83,65,0.9043,True,4.5,16,12,-20,38.05,62.4,up,6.72,38.35,up,32.77,40.99,up,34.3,4.5
GGAL,2026-05-29,,50.69,68,1.083,True,4.3,15,19,-17,68.97,70.28,up,6.04,43.97,up,28.89,43.19,up,39.7,4.5
GGAL,2026-06-01,,51.16,69,1.169,True,4.3,17,24,-16,69.36,77.13,up,6.04,43.97,up,28.89,43.19,up,46.1,3.5
GGAL,2026-06-02,,50.33,66,1.107,True,4.3,10,25,-17,44.77,81.99,up,6.04,43.97,up,28.89,43.19,up,38.5,3.5
GGAL,2026-06-03,,48.33,58,0.8782,True,4.5,0,20,-20,0.81,84.79,up,-7.51,50.3,distribution,28.89,43.19,up,21.5,4.5
GGAL,2026-06-04,,48.62,59,0.701,True,4.3,0,20,-20,6.28,86.63,up,-7.51,50.3,distribution,28.89,43.19,up,21.5,3.5
GGAL,2026-06-05,,47.81,56,0.4936,True,4.3,-6,10,-21,-10.05,87.49,distribution,-7.51,50.3,distribution,-3.41,46.76,distribution,1.8,0
GGAL,2026-06-08,,48.04,57,0.3434,True,4.3,-6,11,-21,-8.79,88.13,distribution,-8.33,54.43,distribution,-3.41,46.76,distribution,2.6,0.5
GGAL,2026-06-09,,49.99,62,0.3459,True,4.3,-1,19,-18,-7.69,89.57,distribution,-8.33,54.43,distribution,-3.41,46.76,distribution,15,-1.5
GGAL,2026-06-10,,49.62,61,0.2952,True,4.2,3,14,-18,-13.52,91.16,distribution,-8.33,54.43,distribution,-3.41,46.76,distribution,15.8,-0.5
GGAL,2026-06-11,,55.41,72,0.6062,True,4.3,14,31,-9,-11.83,94.54,distribution,-7.38,60.33,distribution,-3.41,46.76,distribution,44.6,-0.5
GGAL,2026-06-12,,55.16,71,0.7408,True,4.2,15,32,-9,-14.46,98.15,distribution,-7.38,60.33,distribution,-2.98,51.83,distribution,46.6,0.5
GGAL,2026-06-15,CONFIRMED_FLOW_LEADERS,55.96,72,0.823,True,4.1,16,34,-8,0.49,101.23,up,-7.38,60.33,distribution,-2.98,51.83,distribution,52.4,2.5
GGAL,2026-06-16,CONFIRMED_FLOW_LEADERS,54.44,66,0.7183,True,4.2,9,33,-10,-24.54,102.72,distribution,-11.45,66.72,distribution,-2.98,51.83,distribution,40.2,-0.5
GGAL,2026-06-17,CONFIRMED_FLOW_LEADERS,55.55,68,0.668,True,4.3,12,31,-9,-21.47,103.88,distribution,-11.45,66.72,distribution,-2.98,51.83,distribution,42.2,-0.5
GGAL,2026-06-18,CONFIRMED_FLOW_LEADERS,56.37,70,0.6344,True,4.2,2,41,-7,-5.59,105.06,distribution,-11.45,66.72,distribution,-2.98,51.83,distribution,38.2,0.5
GGAL,2026-06-22,CONFIRMED_FLOW_LEADERS,53.33,59,0.3653,True,4.6,-3,27,-12,-4.89,103.9,distribution,-10.21,71.34,distribution,7.82,58.77,up,20.5,0.5
GGAL,2026-06-23,CONFIRMED_FLOW_LEADERS,51.35,53,0.02951,True,4.8,-8,17,-16,-37.97,101.06,distribution,-10.21,71.34,distribution,7.82,58.77,up,5.5,1.5
GGAL,2026-06-24,CONFIRMED_FLOW_LEADERS,49.1,47,-0.3478,False,5,-10,13,-19,-33.22,97.15,distribution,-10.21,71.34,distribution,7.82,58.77,up,-2.1,1.5
GGAL,2026-06-25,CONFIRMED_FLOW_LEADERS,49.42,48,-0.5665,False,4.8,-11,8,-19,-23.38,93.12,distribution,-29.79,72.97,distribution,7.82,58.77,up,-7.3,2
GGAL,2026-06-26,CONFIRMED_FLOW_LEADERS,49.97,50,-0.6584,False,4.7,-11,4,-18,-20.45,89.4,distribution,-29.79,72.97,distribution,-48.29,62.99,distribution,-12,1
GGAL,2026-06-29,,50.9,52,-0.6403,False,4.6,-5,4,-16,-17.9,86.81,distribution,-29.79,72.97,distribution,-48.29,62.99,distribution,-4.8,1
GGAL,2026-06-30,,50.03,50,-0.6675,False,4.6,-3,-1,-18,-30.69,83.84,distribution,-23.64,73.95,distribution,-48.29,62.99,distribution,-6.4,0
GGAL,2026-07-01,,49.05,47,-0.7272,False,4.8,0,-4,-19,-26.86,79.96,distribution,-23.64,73.95,distribution,-48.29,62.99,distribution,-5.2,2
GGAL,2026-07-02,,50.37,51,-0.6558,False,4.6,2,0,-17,-0.24,76.41,distribution,-23.64,73.95,distribution,-48.29,62.99,distribution,0.4,3
GGAL,2026-07-06,,53.02,58,-0.4195,False,4.5,6,10,-13,-0.21,74.79,distribution,-20.78,75.6,distribution,-38.81,65.3,distribution,14.2,2
GGAL,2026-07-07,,51.1,52,-0.3829,False,4.7,0,5,-16,-32.33,73.19,distribution,-20.78,75.6,distribution,-38.81,65.3,distribution,2,2
GGAL,2026-07-08,,50.25,50,-0.4043,False,4.6,0,5,-17,-28.45,70.43,distribution,-20.78,75.6,distribution,-38.81,65.3,distribution,2,3
GGAL,2026-07-09,,49.39,48,-0.4607,False,4.7,1,3,-19,-39.62,66.74,distribution,-37.19,76.61,distribution,-38.81,65.3,distribution,1.6,2
GGAL,2026-07-10,,53.73,58,-0.203,False,4.6,7,7,-12,-33.97,65.29,distribution,-37.19,76.61,distribution,-33.96,67.92,distribution,13,2
GGAL,2026-07-13,,51.41,52,-0.1867,False,4.8,-3,4,-15,-59.9,64.79,distribution,-37.19,76.61,distribution,-33.96,67.92,distribution,-2.4,1
GGAL,2026-07-14,,50.8,51,-0.2128,False,4.9,-1,-8,-16,-48.76,63.58,distribution,-32.82,77.87,distribution,-33.96,67.92,distribution,-9.6,0
GGAL,2026-07-15,,52.67,55,-0.1055,False,4.7,5,-5,-13,-40.54,63.11,distribution,-32.82,77.87,distribution,-33.96,67.92,distribution,0,3
GGAL,2026-07-16,,50.18,49,-0.1982,False,5,2,-10,-17,-60.12,61.65,distribution,-32.82,77.87,distribution,-33.96,67.92,distribution,-7.6,0
GGAL,2026-07-17,,49.94,48,-0.2674,False,4.9,-7,-8,-18,-51.23,58.37,distribution,-28.93,78.35,distribution,-29.71,69.68,distribution,-16.8,1
GGAL,2026-07-20,,49.95,48,-0.3015,False,4.7,-3,-10,-18,-42.04,55.64,distribution,-28.93,78.35,distribution,-29.71,69.68,distribution,-13.6,1
GGAL,2026-07-21,,50.94,51,-0.2488,False,4.6,0,-10,-16,-34.95,54.66,distribution,-28.93,78.35,distribution,-29.71,69.68,distribution,-10,1
GGAL,2026-07-22,,53.24,56,-0.06013,False,4.4,1,0,-12,-30.03,56.51,distribution,-8.15,79.04,distribution,-29.71,69.68,distribution,0.2,4
GGAL,2026-07-23,,50.15,49,-0.14,False,4.8,0,-2,-18,-49.79,57.08,distribution,-8.15,79.04,distribution,-29.71,69.68,distribution,-3.6,2
GGAL,2026-07-24,,49.3,47,-0.2408,False,4.8,-1,0,-19,-41.01,55.71,distribution,-8.15,79.04,distribution,-31.56,70.38,distribution,-3.2,0
GGAL,2026-07-27,,50,48,-0.2499,False,4.6,0,1,-18,-29.22,54.22,distribution,-24.76,79.21,distribution,-31.56,70.38,distribution,-1.2,3
GGAL,2026-07-28,,49.19,46,-0.2969,False,4.6,-3,-2,-19,-24.67,51.4,distribution,-24.76,79.21,distribution,-31.56,70.38,distribution,-7.2,0
GGAL,2026-07-29,,49.15,46,-0.3153,False,4.6,-8,-3,-19,-21.44,49.36,distribution,-24.76,79.21,distribution,-31.56,70.38,distribution,-14,0
GGAL,2026-07-30,,51.61,53,-0.1546,False,4.5,3,3,-15,-18.45,49.34,distribution,-21.65,78.17,distribution,-31.56,70.38,distribution,4,4
GGAL,2026-07-31,,49.77,48,-0.1641,False,4.7,1,1,-18,-27.64,50.63,distribution,-21.65,78.17,distribution,-23.53,70.83,distribution,0,2
GGAL,2026-08-03,,50.51,50,-0.1148,False,4.4,1,0,-17,-19.09,51.02,distribution,-21.65,78.17,distribution,-23.53,70.83,distribution,-0.8,3
GGAL,2026-08-04,,48.92,46,-0.1796,False,4.6,-1,-8,-20,-16.66,50.02,distribution,-31.8,77.04,distribution,-23.53,70.83,distribution,-9.6,0
GGAL,2026-08-05,,48.36,45,-0.2465,False,4.6,-2,-5,-20,-18.12,47.32,distribution,-31.8,77.04,distribution,-23.53,70.83,distribution,-8.4,0
GS,2026-05-26,,994.52,66,3.827,True,2.6,5,7,0,5.04,96.25,up,11.18,76.48,up,24.23,80,up,19.6,3
GS,2026-05-27,,996.47,66,3.787,True,2.6,7,6,0,4.38,96.99,up,11.18,76.48,up,24.23,80,up,21.2,2
GS,2026-05-28,,1008.37,68,4.149,True,2.6,3,9,0,3.81,97.93,up,11.18,76.48,up,24.23,80,up,18.8,2
GS,2026-05-29,,1025.56,71,5.072,True,2.5,4,13,0,10.58,99.63,up,9.76,81.2,up,30.33,84.01,up,23.2,3.5
GS,2026-06-01,,1048.58,75,6.658,True,2.6,5,14,0,9.14,101.53,up,9.76,81.2,up,30.33,84.01,up,25.2,2.5
GS,2026-06-02,,1064.58,77,8.114,True,2.5,7,15,0,14.25,104.33,up,9.76,81.2,up,30.33,84.01,up,28.4,3.5
GS,2026-06-03,,1041.02,68,6.869,True,2.6,4,15,-2,12.25,104.9,up,8.62,85.9,up,30.33,84.01,up,24.8,2.5
GS,2026-06-04,,1092.61,75,8.777,True,2.7,8,19,0,10.56,106.15,up,8.62,85.9,up,30.33,84.01,up,32.8,2.5
GS,2026-06-05,,1038.68,60,5.806,True,3,1,11,-5,9.14,106.31,up,8.62,85.9,up,26.07,88.65,up,17,4.5
GS,2026-06-08,,1045,61,3.766,True,3,0,13,-4,10.35,105.18,up,7.61,90.21,up,26.07,88.65,up,17.4,2.5
GS,2026-06-09,,1032.01,58,1.174,True,3.2,-3,10,-6,8.94,103.23,up,7.61,90.21,up,26.07,88.65,up,10.9,6
GS,2026-06-10,,1001.29,51,-2.761,False,3.3,-4,6,-8,-4.13,99.48,distribution,7.61,90.21,up,26.07,88.65,up,0.5,3
GS,2026-06-11,,1035.64,57,-3.174,False,3.2,-5,9,-5,-3.62,96.24,distribution,6.71,92.77,up,26.07,88.65,up,2.7,4
GS,2026-06-12,,1062.75,61,-1.811,False,3.2,2,11,-3,7.07,95.11,up,6.71,92.77,up,29.76,92.35,up,15.7,2.5
GS,2026-06-15,,1076.17,63,-0.2767,False,3.1,3,11,-2,6.14,95.24,up,6.71,92.77,up,29.76,92.35,up,16.9,3.5
GS,2026-06-16,,1090.67,65,1.354,True,3,6,15,0,10.69,96.02,up,24.68,95.53,up,29.76,92.35,up,26.2,3.5
GS,2026-06-17,,1099.14,66,2.572,True,3,10,16,0,9.39,97.1,up,24.68,95.53,up,29.76,92.35,up,32.8,2.5
GS,2026-06-18,,1096.56,65,2.757,True,3,6,18,0,8.25,97.36,up,24.68,95.53,up,29.76,92.35,up,28.6,2.5
GS,2026-06-22,MIMO_SHADOW,1106.37,67,3.068,True,2.9,4,13,0,10.79,96.74,up,21.19,98.41,up,35.31,96.8,up,23.2,3.5
GS,2026-06-23,MIMO_SHADOW,1094.44,63,2.048,True,3,2,11,-1,9.41,94.52,up,21.19,98.41,up,35.31,96.8,up,18.2,2.5
GS,2026-06-24,MIMO_SHADOW,1076.91,59,-0.115,False,3,-1,8,-3,1.75,92.13,up,21.19,98.41,up,35.31,96.8,up,10.2,2
GS,2026-06-25,MIMO_SHADOW,1065.09,56,-2.516,False,3.1,-3,7,-4,1.55,89.46,up,4.76,99.57,up,35.31,96.8,up,6.5,4
GS,2026-06-26,MIMO_SHADOW,1019.61,46,-7.083,False,3.3,-7,2,-8,1.38,84.05,up,4.76,99.57,up,29.94,98.61,up,-3.3,6
GS,2026-06-29,MIMO_SHADOW,1020.21,46,-9.812,False,3.2,-8,1,-8,1.48,78.25,up,4.76,99.57,up,29.94,98.61,up,-5.3,7
GS,2026-06-30,MIMO_SHADOW,1011.37,44,-11.82,False,3.2,-8,-1,-9,1.31,72.12,up,4.15,98.62,up,29.94,98.61,up,-6.9,5
GS,2026-07-01,MIMO_SHADOW,1019.61,46,-12.17,False,3.1,-5,-3,-8,4.66,66.9,up,4.15,98.62,up,29.94,98.61,up,-4.9,7
GS,2026-07-02,MIMO_SHADOW,1021,47,-11.85,False,3.1,-4,-4,-8,4.73,62.8,up,4.15,98.62,up,29.94,98.61,up,-4.5,6
GS,2026-07-06,MIMO_SHADOW,1055.29,55,-9.018,False,3,3,1,-5,4.22,60.17,up,18.64,97.75,up,25.92,98.18,up,8.4,9
GS,2026-07-07,,1042.98,52,-7.704,False,3,2,-5,-6,-1.58,57.8,distribution,18.64,97.75,up,25.92,98.18,up,-0.6,5
GS,2026-07-08,,1029.64,49,-7.462,False,3,2,-1,-7,-1.41,54.08,distribution,18.64,97.75,up,25.92,98.18,up,2.6,5
GS,2026-07-09,,1055.97,54,-5.355,False,3,4,1,-5,10.76,52.59,up,16.28,97.18,up,25.92,98.18,up,9.6,8
GS,2026-07-10,,1055.18,54,-3.907,False,2.9,3,2,-5,9.11,52.03,up,16.28,97.18,up,31.65,98.04,up,9.2,9
GS,2026-07-13,,1045.91,52,-3.482,False,2.9,-1,4,-5,8.03,51.05,up,16.28,97.18,up,31.65,98.04,up,6,6
GS,2026-07-14,,1140,67,2.884,True,3,9,10,0,7.08,55.12,up,14.05,97.95,up,31.65,98.04,up,26.8,2.5
GS,2026-07-15,,1152.07,69,7.4,True,3,12,8,0,11.27,60.66,up,14.05,97.95,up,31.65,98.04,up,28.8,2.5
GS,2026-07-16,,1095.46,57,6.119,True,3.4,4,2,-5,-14.33,64.11,distribution,14.05,97.95,up,31.65,98.04,up,9.9,5
GS,2026-07-17,,1065.22,51,2.941,True,3.5,1,-2,-8,-25.62,63.96,distribution,12.15,98.31,up,26.73,98.67,up,2.1,5
GS,2026-07-20,,1055.03,50,0.01355,True,3.5,1,-4,-8,-26.93,63.42,distribution,12.15,98.31,up,26.73,98.67,up,0.5,5
GS,2026-07-21,,1085.56,54,-0.005038,False,3.4,-5,-1,-6,-23.65,63.78,distribution,12.15,98.31,up,26.73,98.67,up,-6.3,4
GS,2026-07-22,,1098.2,56,0.659,True,3.3,-5,-1,-5,-15.36,64.94,distribution,21.17,97.47,up,26.73,98.67,up,-3.3,4
GS,2026-07-23,,1074.72,52,-0.5906,False,3.4,-2,-2,-7,-13.56,64.64,distribution,21.17,97.47,up,26.73,98.67,up,-3.5,3
GS,2026-07-24,,1061.23,50,-2.335,False,3.4,0,-1,-8,-18.04,63.6,distribution,21.17,97.47,up,21.65,98.51,up,-0.3,5
GS,2026-07-27,,1048.23,48,-4.262,False,3.6,-1,-2,-9,-16.01,62.23,distribution,18.37,95.28,up,21.65,98.51,up,-2.3,3
GS,2026-07-28,,1033.34,45,-6.313,False,3.6,-5,1,-10,-21.03,59.22,distribution,18.37,95.28,up,21.65,98.51,up,-4.7,3
GS,2026-07-29,,980.75,38,-10.73,False,3.9,-11,-4,-15,-18.6,54.44,down,18.37,95.28,up,21.65,98.51,up,-17.9,1
GS,2026-07-30,,1024.86,46,-10.19,False,3.8,-5,1,-11,5.46,51.2,up,15.8,91.34,up,21.65,98.51,up,-2.7,7
GS,2026-07-31,,1018.38,45,-9.79,False,3.8,-4,0,-12,1.56,49.5,up,15.8,91.34,up,18.52,96.77,up,-2.3,6
GS,2026-08-03,,1027.06,46,-8.504,False,3.7,-2,1,-11,1.41,47.23,up,15.8,91.34,up,18.52,96.77,up,0.9,7
GS,2026-08-04,,1052.98,51,-5.61,False,3.6,2,0,-9,1.26,47.18,up,22.75,88.17,up,18.52,96.77,up,5.9,9
GS,2026-08-05,,1060.38,52,-3.03,False,3.5,8,2,-8,5.09,48.38,up,22.75,88.17,up,18.52,96.77,up,14.7,7
GS,2026-08-06,,1032.58,47,-3.021,False,3.6,1,0,-10,4.56,48.47,up,22.75,88.17,up,18.52,96.77,up,4.7,8
GS,2026-08-07,CAVA_MACRO,1039.61,49,-2.394,False,3.4,2,-2,-10,8.12,47.94,up,15.28,85.61,up,21.58,95.28,up,4.3,9
GS,2026-08-10,CAVA_MACRO,1034.51,48,-2.182,False,3.3,1,-2,-10,7.34,46.85,up,15.28,85.61,up,21.58,95.28,up,3.1,9
GS,2026-08-11,CAVA_MACRO,1034.41,48,-1.917,False,3.2,-2,-1,-10,6.64,45.37,up,15.28,85.61,up,21.58,95.28,up,0.3,7
GS,2026-08-12,,1037.21,48,-1.442,False,3.1,-2,-9,-10,7.78,45.08,up,13.19,82.87,up,21.58,95.28,up,-6.1,7
GS,2026-08-13,,1042.63,50,-0.6916,False,3,1,-9,-9,10.56,45.22,up,13.19,82.87,up,21.58,95.28,up,-2,7
GS,2026-08-14,,1039.42,49,-0.356,False,2.9,0,-5,-10,9.49,45.14,up,13.19,82.87,up,18.5,93.93,up,0,9
GS,2026-08-17,,1051.31,52,0.6662,True,2.8,2,-1,-9,16.68,46.12,up,15.77,80.47,up,18.5,93.93,up,7.6,9
GS,2026-08-18,,1040.47,49,0.6132,True,2.8,1,-1,-10,14.94,46.7,up,15.77,80.47,up,18.5,93.93,up,6.4,8
GS,2026-08-19,,1021.65,45,-0.6218,False,2.8,-2,-6,-11,13.35,46.14,up,15.77,80.47,up,18.5,93.93,up,-4.2,6
GS,2026-08-20,,1001.95,41,-2.587,False,2.9,-4,-9,-13,-3.06,43.46,distribution,13.66,76.49,up,18.5,93.93,up,-12,2
GS,2026-08-21,,1039.28,50,-1.263,False,2.9,0,-3,-10,-2.74,43.2,distribution,13.66,76.49,up,15.89,91.97,up,-1.4,5
GS,2026-08-24,,1036.28,49,-0.516,False,2.8,-1,-2,-10,-4.79,44.1,distribution,13.66,76.49,up,15.89,91.97,up,-1.8,4
GS,2026-08-25,,1058.88,54,1.464,True,2.7,2,1,-8,-4.28,46.82,distribution,11.85,73.87,up,15.89,91.97,up,6.2,6
GS,2026-08-26,,1040.46,50,1.493,True,2.7,2,1,-10,-18.79,49.39,distribution,11.85,73.87,up,15.89,91.97,up,6.2,5
GS,2026-08-27,,1040.87,50,1.495,True,2.7,4,6,-10,-16.68,50.91,distribution,11.85,73.87,up,15.89,91.97,up,12.6,4
GS,2026-08-28,,1033.99,48,1.011,True,2.6,-1,1,-10,-20.72,51.99,distribution,2.76,72.02,up,12.34,90.29,up,2.6,4
HIMS,2026-05-26,,23.85,46,-0.4208,False,8,7,-22,-64,-2.11,47.97,distribution,-1.54,61.78,distribution,-12.98,36.72,distribution,-13.2,-2
HIMS,2026-05-27,,25.2,51,-0.2555,False,7.6,12,-14,-62,-1.84,48.65,distribution,-1.54,61.78,distribution,-12.98,36.72,distribution,-0.8,-0.5
HIMS,2026-05-28,,25.38,52,-0.126,False,7.4,10,-9,-62,-0.67,49.95,distribution,-1.54,61.78,distribution,-12.98,36.72,distribution,0.8,-0.5
HIMS,2026-05-29,,26.15,55,0.01224,True,7.4,9,-1,-60,-0.59,51.73,distribution,-1.35,63.82,distribution,-5.27,39.12,distribution,8,-1.5
HIMS,2026-06-01,,27.76,60,0.2023,True,7.2,17,2,-58,-0.52,54.53,distribution,-1.35,63.82,distribution,-5.27,39.12,distribution,21,-2.5
HIMS,2026-06-02,,27.51,58,0.2956,True,7.1,15,0,-58,-1.63,59.06,distribution,-1.35,63.82,distribution,-5.27,39.12,distribution,17,-0.5
HIMS,2026-06-03,,27.51,59,0.3388,True,7.2,9,1,-58,-1.43,62.59,distribution,2.41,66.38,up,-5.27,39.12,distribution,10.6,-2.5
HIMS,2026-06-04,,28.01,60,0.3793,True,7.2,10,6,-58,-1.25,66.88,distribution,2.41,66.38,up,-5.27,39.12,distribution,15.8,-2.5
HIMS,2026-06-05,,26.19,52,0.2672,True,7.9,0,-3,-60,-9.38,68.39,distribution,2.41,66.38,up,-4.58,42.39,distribution,-4.4,1
HIMS,2026-06-08,,27.17,55,0.2434,True,7.4,-2,6,-59,-3.72,70.42,distribution,2.11,69.15,up,-4.58,42.39,distribution,0.4,0
HIMS,2026-06-09,,28.98,61,0.3285,True,7.2,5,3,-56,-3.33,73.97,distribution,2.11,69.15,up,-4.58,42.39,distribution,7.4,-1
HIMS,2026-06-10,,27.78,56,0.2847,True,7.5,1,-5,-58,-8.29,77.71,distribution,2.11,69.15,up,-4.58,42.39,distribution,-3.8,1
HIMS,2026-06-11,,28.87,59,0.3078,True,7.3,3,15,-56,-2.48,80.19,distribution,6.39,71.82,up,-4.58,42.39,distribution,14.6,-1.5
HIMS,2026-06-12,,26.82,51,0.1706,True,8,2,11,-59,-2.22,81.52,distribution,6.39,71.82,up,-2.43,45.76,distribution,9.2,-0.5
HIMS,2026-06-15,,30.17,61,0.2842,True,7.4,11,24,-54,-1.98,83.99,distribution,6.39,71.82,up,-2.43,45.76,distribution,31.4,-1.5
HIMS,2026-06-16,,31.47,64,0.4178,True,7.1,9,26,-52,4.27,87.64,up,5.59,74.99,up,-2.43,45.76,distribution,33.6,0.5
HIMS,2026-06-17,CONFIRMED_FLOW_LEADERS,31.89,64,0.4996,True,7,15,43,-52,3.83,91.39,up,5.59,74.99,up,-2.43,45.76,distribution,54.4,0.5
HIMS,2026-06-18,CONFIRMED_FLOW_LEADERS,35.47,71,0.7453,True,6.6,23,58,-46,3.54,95.46,up,5.59,74.99,up,-2.43,45.76,distribution,77,0.5
HIMS,2026-06-22,CONFIRMED_FLOW_LEADERS,33.54,64,0.7275,True,7.1,25,46,-49,-5.87,98.04,distribution,4.89,79.3,up,-2.12,50.21,distribution,65.8,-2.5
HIMS,2026-06-23,CONFIRMED_FLOW_LEADERS,32.96,62,0.6299,True,7.2,9,37,-50,-8.5,98.6,distribution,4.89,79.3,up,-2.12,50.21,distribution,39.4,-2.5
HIMS,2026-06-24,CONFIRMED_FLOW_LEADERS,32.7,61,0.5064,True,7.2,4,38,-51,-7.8,98.36,distribution,4.89,79.3,up,-2.12,50.21,distribution,34.2,-2.5
HIMS,2026-06-25,CONFIRMED_FLOW_LEADERS,32.71,61,0.3893,True,7.3,3,37,-51,-7.14,97.3,distribution,2.37,82.02,up,-2.12,50.21,distribution,32.2,-2.5
HIMS,2026-06-26,CONFIRMED_FLOW_LEADERS,33.94,64,0.3593,True,7.3,-4,35,-49,-6.57,97.18,distribution,2.37,82.02,up,-4.68,55.48,distribution,22.2,-2.5
HIMS,2026-06-29,CONFIRMED_FLOW_LEADERS,33.39,62,0.271,True,7.5,0,32,-50,-9.28,97.37,distribution,2.37,82.02,up,-4.68,55.48,distribution,24.6,-2.5
HIMS,2026-06-30,CONFIRMED_FLOW_LEADERS,34.67,65,0.267,True,7.4,5,33,-48,-0.5,96.61,distribution,2.07,84.94,up,-4.68,55.48,distribution,31.4,-1.5
HIMS,2026-07-01,CONFIRMED_FLOW_LEADERS|MIMO_SHADOW,37.57,71,0.4188,True,7,15,35,-43,-0.46,97.76,distribution,2.07,84.94,up,-4.68,55.48,distribution,46,-1.5
HIMS,2026-07-02,CONFIRMED_FLOW_LEADERS|MIMO_SHADOW,36.8,68,0.4251,True,7.1,13,34,-44,-5.32,99.02,distribution,2.07,84.94,up,-4.68,55.48,distribution,42.8,-2.5
HIMS,2026-07-06,CONFIRMED_FLOW_LEADERS|MIMO_SHADOW,38.28,70,0.4825,True,6.8,13,39,-42,4.92,100.56,up,1.81,88.91,up,1.2,61.01,up,51.3,2.5
HIMS,2026-07-07,CONFIRMED_FLOW_LEADERS|MIMO_SHADOW,36.17,62,0.3388,True,7.2,8,29,-45,-9.83,100.98,distribution,1.81,88.91,up,1.2,61.01,up,33.3,-1.5
HIMS,2026-07-08,CONFIRMED_FLOW_LEADERS|MIMO_SHADOW,36.07,62,0.204,True,7.1,4,38,-45,-9.06,99.33,distribution,1.81,88.91,up,1.2,61.01,up,35.7,-0.5
HIMS,2026-07-09,CONFIRMED_FLOW_LEADERS|MIMO_SHADOW,35.45,60,0.04823,True,6.9,-6,30,-46,-12.87,97.7,distribution,-3.97,91.87,distribution,1.2,61.01,up,17.3,-1.5
HIMS,2026-07-10,CONFIRMED_FLOW_LEADERS|MIMO_SHADOW,34.38,56,-0.1414,False,7.3,-7,19,-48,-11.42,94.74,distribution,-3.97,91.87,distribution,-3.42,65.9,distribution,3.8,-1.5
HIMS,2026-07-13,CONFIRMED_FLOW_LEADERS|MIMO_SHADOW,34.38,56,-0.2736,False,7.2,-10,24,-48,-9.85,91.72,distribution,-3.97,91.87,distribution,-3.42,65.9,distribution,4.2,-0.5
HIMS,2026-07-14,CONFIRMED_FLOW_LEADERS|MIMO_SHADOW,35.15,58,-0.3132,False,6.8,-3,22,-47,-2.71,89.6,distribution,-4.07,92.96,distribution,-3.42,65.9,distribution,11,-0.5
HIMS,2026-07-15,CONFIRMED_FLOW_LEADERS|MIMO_SHADOW,37.17,63,-0.2121,False,6.4,3,39,-44,-2.36,89.3,distribution,-4.07,92.96,distribution,-3.42,65.9,distribution,31.8,-2.5
HIMS,2026-07-16,CONFIRMED_FLOW_LEADERS|MIMO_SHADOW,33.68,51,-0.3794,False,7.4,-5,12,-49,-2.06,87.99,distribution,-4.07,92.96,distribution,-3.42,65.9,distribution,-0.4,-1.5
HIMS,2026-07-17,CONFIRMED_FLOW_LEADERS|MIMO_SHADOW,32.84,49,-0.5361,False,7.5,-4,4,-50,-8.36,83.78,distribution,-3.56,93.38,distribution,-5.79,69.31,distribution,-5.6,-2
HIMS,2026-07-20,CONFIRMED_FLOW_LEADERS|MIMO_SHADOW,32.7,48,-0.632,False,7.3,-5,3,-51,-8.31,79.2,distribution,-3.56,93.38,distribution,-5.79,69.31,distribution,-7.6,-1
HIMS,2026-07-21,CONFIRMED_FLOW_LEADERS|MIMO_SHADOW,32.73,49,-0.6726,False,7.2,-7,-8,-51,-7.19,75.13,distribution,-3.56,93.38,distribution,-5.79,69.31,distribution,-18.8,-1
HIMS,2026-07-22,CONFIRMED_FLOW_LEADERS|MIMO_SHADOW,31.68,45,-0.7437,False,7.5,-15,-6,-52,-14.04,70.34,distribution,-5.55,92.56,distribution,-5.79,69.31,distribution,-26.8,-2
HIMS,2026-07-23,,32.74,49,-0.6939,False,7.8,-3,-1,-51,-12.07,66.61,distribution,-5.55,92.56,distribution,-5.79,69.31,distribution,-8.4,-2
HIMS,2026-07-24,,28.09,37,-0.9337,False,10.1,-14,-14,-58,-41.13,60.92,distribution,-5.55,92.56,distribution,-5.03,70.37,distribution,-32,-6
HIMS,2026-07-27,,30.24,44,-0.9063,False,9.3,-8,-8,-54,-20.92,54.74,distribution,-4.86,90.43,distribution,-5.03,70.37,distribution,-20,-2
HIMS,2026-07-28,,29.32,42,-0.9069,False,9.5,-10,-14,-56,-23.48,49.54,distribution,-4.86,90.43,distribution,-5.03,70.37,distribution,-27.2,-4
HIMS,2026-07-29,,25,34,-1.14,False,11.7,-21,-25,-62,-19.96,43.41,down,-4.86,90.43,distribution,-5.03,70.37,distribution,-50.2,-7
HIMS,2026-07-30,,27.04,40,-1.098,False,10.9,-17,-22,-59,-2.84,38.55,down,-11.21,85.89,distribution,-5.03,70.37,distribution,-43,-3
HIMS,2026-07-31,,27.77,42,-0.9663,False,10.4,-1,-26,-58,2.73,36.44,up,-11.21,85.89,distribution,-4.37,68.99,distribution,-23,0
HIMS,2026-08-03,,30.82,49,-0.6359,False,9.5,2,-16,-51,2.39,36.1,up,-11.21,85.89,distribution,-4.37,68.99,distribution,-11.4,1
HIMS,2026-08-04,,32.16,52,-0.3055,False,8.8,10,-16,-49,10.7,37.63,up,1.38,82.81,up,-4.37,68.99,distribution,-1.8,2.5
HIMS,2026-08-05,,31.65,51,-0.1099,False,8.6,27,-12,-50,6.21,39.42,up,1.38,82.81,up,-4.37,68.99,distribution,21.8,2.5
HIMS,2026-08-06,,29.66,46,-0.1033,False,9.1,10,-18,-53,-7.86,40.3,distribution,1.38,82.81,up,-4.37,68.99,distribution,-6.4,-0.5
HIMS,2026-08-07,,31.59,51,0.035,True,8.4,14,-11,-50,-7.08,41.71,distribution,-0.04,80.84,distribution,4.34,68.59,up,7.5,0.5
HIMS,2026-08-10,,31.77,51,0.1368,True,8,3,-8,-49,-6.47,43.64,distribution,-0.04,80.84,distribution,4.34,68.59,up,-3.3,1
HIMS,2026-08-11,,30.51,48,0.1181,True,8.3,-5,-11,-51,-5.95,44.36,distribution,-0.04,80.84,distribution,4.34,68.59,up,-15.3,-1
HIMS,2026-08-12,,29.97,47,0.07069,True,8.3,-5,-15,-52,-9.25,44.15,distribution,-0.03,78.39,distribution,4.34,68.59,up,-18.5,-1
HIMS,2026-08-13,,28.77,44,-0.03463,False,8.4,-3,-23,-54,-16.64,43.43,distribution,-0.03,78.39,distribution,4.34,68.59,up,-24.5,-2
HIMS,2026-08-14,,28.15,43,-0.1336,False,8.3,-11,-16,-55,-18.57,42.48,distribution,-0.03,78.39,distribution,3.8,68.11,up,-28.5,-2
HIMS,2026-08-17,,28.61,44,-0.1542,False,7.9,-10,-13,-54,-15.88,41.39,distribution,-3.15,74.86,distribution,3.8,68.11,up,-24.9,-2
HIMS,2026-08-18,,27.39,41,-0.2314,False,8,-10,-16,-56,-21.53,40.47,distribution,-3.15,74.86,distribution,3.8,68.11,up,-27.3,-3
HIMS,2026-08-19,,31.09,52,-0.02555,False,7.4,4,-5,-50,-18.35,41.26,distribution,-3.15,74.86,distribution,3.8,68.11,up,-1.7,2
HIMS,2026-08-20,,31.86,54,0.16,True,7.3,11,1,-49,-11.5,44.73,distribution,-2.75,72.02,distribution,3.8,68.11,up,13.5,0.5
HIMS,2026-08-21,,33.78,58,0.3961,True,7,20,3,-46,0.65,49.46,up,-2.75,72.02,distribution,16.83,68.77,up,29.9,3.5
HIMS,2026-08-24,,31.08,51,0.3558,True,7.9,9,11,-50,-14.21,52.1,distribution,-2.75,72.02,distribution,16.83,68.77,up,19.1,-0.5
HIMS,2026-08-25,,31.75,52,0.3586,True,7.6,16,5,-49,-8.66,54.79,distribution,-2.62,70.95,distribution,16.83,68.77,up,22.7,0.5
HIMS,2026-08-26,HIGH_CONVICTION,29.83,48,0.2221,True,8,-4,2,-52,-7.5,55.87,distribution,-2.62,70.95,distribution,16.83,68.77,up,-3.7,-1
HIMS,2026-08-27,HIGH_CONVICTION,31.66,52,0.2444,True,7.5,-1,27,-50,3.85,57.37,up,-2.62,70.95,distribution,16.83,68.77,up,22.9,3.5
HIMS,2026-08-28,HIGH_CONVICTION,28.84,46,0.06764,True,8.4,-15,7,-54,3.37,56.9,up,-8.16,68.37,distribution,2.87,69.23,up,-9.9,2
HUM,2026-05-29,,305.42,73,-1.653,False,3.3,1,26,-2,8.64,114.22,up,9.45,94.12,up,62.89,58.62,up,27.5,2.5
HUM,2026-06-01,,328.31,80,-0.7626,False,3.4,7,39,0,7.84,113.77,up,9.45,94.12,up,62.89,58.62,up,45.1,2.5
HUM,2026-06-02,,320.88,73,-0.858,False,3.5,6,37,-2,-11.21,112.65,distribution,9.45,94.12,up,62.89,58.62,up,39.3,-0.5
HUM,2026-06-03,,327.54,75,-0.6652,False,3.4,7,38,0,-10.09,111.47,distribution,8.26,98.7,up,62.89,58.62,up,41.3,0.5
HUM,2026-06-04,,349.8,81,0.6953,True,3.5,13,46,0,-9.06,111.32,distribution,8.26,98.7,up,62.89,58.62,up,56.9,-0.5
HUM,2026-06-05,,350.08,81,1.312,True,3.4,15,42,0,-8.13,111.31,distribution,8.26,98.7,up,51.02,66.2,up,56.1,0.5
HUM,2026-06-08,,355.98,82,1.786,True,3.4,8,44,0,9.46,111.79,up,7.23,103.01,up,51.02,66.2,up,52.3,2.5
HUM,2026-06-09,,363.18,83,2.224,True,3.2,13,32,0,9.14,112.59,up,7.23,103.01,up,51.02,66.2,up,48.7,3.5
HUM,2026-06-10,,364.46,83,2.235,True,3.2,11,33,0,14.28,113.84,up,7.23,103.01,up,51.02,66.2,up,47.1,2.5
HUM,2026-06-11,,368.69,84,2.159,True,3.1,5,25,0,13.97,115.34,up,26.92,106.89,up,51.02,66.2,up,33.5,3.5
HUM,2026-06-12,,379.22,86,2.431,True,3.1,8,24,0,60.39,116.83,up,26.92,106.89,up,73.14,73.7,up,36.3,2.5
HUM,2026-06-15,,380.26,86,2.296,True,3.2,7,26,0,52.25,118.26,up,26.92,106.89,up,73.14,73.7,up,36.7,2.5
HUM,2026-06-16,,369.49,76,1.153,True,3.2,2,21,-3,-1.86,118.73,distribution,23.56,110.12,up,73.14,73.7,up,23.7,-0.5
HUM,2026-06-17,,362,70,-0.3552,False,3.3,-1,18,-5,-34.73,117.09,distribution,23.56,110.12,up,73.14,73.7,up,15.7,1.5
HUM,2026-06-18,,360.65,69,-1.62,False,3.3,-2,16,-5,-30.39,114.74,distribution,23.56,110.12,up,73.14,73.7,up,12.9,1.5
HUM,2026-06-22,,360.72,69,-2.572,False,3.3,-5,19,-5,-26.28,111.89,distribution,20.61,111.45,up,58.64,79.68,up,11.7,1.5
HUM,2026-06-23,MIMO_SHADOW,359.13,68,-3.378,False,3.3,-6,18,-6,-30.04,108.99,distribution,20.61,111.45,up,58.64,79.68,up,9.7,1.5
HUM,2026-06-24,MIMO_SHADOW,361.64,69,-3.78,False,3.2,-2,17,-5,-26.29,105.82,distribution,20.61,111.45,up,58.64,79.68,up,13.7,2.5
HUM,2026-06-25,MIMO_SHADOW,376,74,-3.144,False,3.3,4,25,-1,40.24,103.53,up,43.34,112.51,up,58.64,79.68,up,30.3,2.5
HUM,2026-06-26,MIMO_SHADOW,383.84,76,-2.3,False,3.2,6,25,0,35.21,102.35,up,43.34,112.51,up,69.15,85.06,up,32.7,3.5
HUM,2026-06-29,MIMO_SHADOW,388.9,78,-1.541,False,3.2,8,26,0,52.64,101.73,up,43.34,112.51,up,69.15,85.06,up,35.9,2.5
HUM,2026-06-30,MIMO_SHADOW,397.22,80,-0.6637,False,3.1,11,30,0,44.5,101.71,up,37.92,113.66,up,69.15,85.06,up,42.7,3.5
HUM,2026-07-01,MIMO_SHADOW,409.42,83,0.4905,True,3.2,13,25,0,36.88,102.28,up,37.92,113.66,up,69.15,85.06,up,43.1,2.5
HUM,2026-07-02,MIMO_SHADOW,396.75,72,0.1698,True,3.5,6,24,-3,-15.24,102.28,distribution,37.92,113.66,up,69.15,85.06,up,30.9,-0.5
HUM,2026-07-06,MIMO_SHADOW,392.86,69,-0.4988,False,3.5,2,20,-4,-27.93,100.53,distribution,26.35,114.78,up,66.32,90.02,up,20.9,-0.5
HUM,2026-07-07,MIMO_SHADOW,394.62,70,-0.9886,False,3.4,1,13,-4,-17.84,98.75,distribution,26.35,114.78,up,66.32,90.02,up,14.1,0.5
HUM,2026-07-08,MIMO_SHADOW,396.29,70,-1.344,False,3.4,0,13,-3,-15.61,97.6,distribution,26.35,114.78,up,66.32,90.02,up,12.9,-0.5
HUM,2026-07-09,MIMO_SHADOW,397.76,71,-1.607,False,3.3,-3,12,-3,-13.66,96.36,distribution,30.73,115.14,up,66.32,90.02,up,8.5,0.5
HUM,2026-07-10,MIMO_SHADOW,392.22,66,-2.241,False,3.3,-1,8,-4,-11.95,95.13,distribution,30.73,115.14,up,53.59,93.68,up,7.7,-1
HUM,2026-07-13,MIMO_SHADOW,406,71,-1.836,False,3.2,3,11,-1,41.54,95.28,up,30.73,115.14,up,53.59,93.68,up,17.9,3.5
HUM,2026-07-14,MIMO_SHADOW,406.77,72,-1.629,False,3.2,3,10,-1,39.26,96.35,up,26.89,115.36,up,53.59,93.68,up,17.1,2
HUM,2026-07-15,MIMO_SHADOW,407.78,72,-1.536,False,3.2,3,8,0,33.73,96.53,up,26.89,115.36,up,53.59,93.68,up,15.5,3
HUM,2026-07-16,,386.48,56,-2.94,False,4,-3,2,-6,28.32,96.14,up,26.89,115.36,up,53.59,93.68,up,2.5,5
HUM,2026-07-17,,400,62,-2.98,False,3.9,2,8,-2,68.04,92.87,up,23.53,115.42,up,43.95,96.8,up,13.3,4
HUM,2026-07-20,MIMO_SHADOW,398.2,60,-3.134,False,3.8,-2,10,-3,49.66,90.6,up,23.53,115.42,up,43.95,96.8,up,10.1,3
HUM,2026-07-21,MIMO_SHADOW,404.34,63,-2.838,False,3.6,-1,12,-1,57.57,88.51,up,23.53,115.42,up,43.95,96.8,up,12.9,3.5
HUM,2026-07-22,MIMO_SHADOW,397.6,58,-3.09,False,3.6,-2,10,-3,29.65,85.8,up,16.85,114.73,up,43.95,96.8,up,10.1,4
HUM,2026-07-23,MIMO_SHADOW,394.5,56,-3.434,False,3.5,2,10,-4,25.01,82.47,up,16.85,114.73,up,43.95,96.8,up,14.9,5
HUM,2026-07-24,MIMO_SHADOW,389.32,53,-3.941,False,3.5,-3,8,-5,7.91,79.28,up,16.85,114.73,up,29,98.6,up,6.3,6
HUM,2026-07-27,MIMO_SHADOW,381.15,48,-4.707,False,3.6,-4,1,-7,6.85,74.46,up,14.74,113.02,up,29,98.6,up,-0.5,6
HUM,2026-07-28,MIMO_SHADOW,388.71,53,-4.58,False,3.6,-4,1,-5,5.95,69.58,up,14.74,113.02,up,29,98.6,up,-0.5,6
HUM,2026-07-29,MIMO_SHADOW,365.41,41,-5.859,False,4.4,-8,-6,-11,5.16,63.68,up,14.74,113.02,up,29,98.6,up,-11.9,4
HUM,2026-07-30,MIMO_SHADOW,366.66,42,-6.371,False,4.4,-7,-8,-10,7.87,56.5,accumulation,12.9,109.83,up,29,98.6,up,-12.3,5
HUM,2026-07-31,MIMO_SHADOW,363.86,41,-6.621,False,4.3,-7,-11,-11,-0.73,50.18,down,12.9,109.83,up,24.49,98.41,up,-18.7,2
HUM,2026-08-03,MIMO_SHADOW,374.5,47,-5.82,False,4.2,-2,-6,-9,27.4,45.1,up,12.9,109.83,up,24.49,98.41,up,-3.7,7
HUM,2026-08-04,MIMO_SHADOW,362.16,42,-5.856,False,4.3,-7,-8,-12,23.3,40.85,accumulation,3.68,106.04,up,24.49,98.41,up,-13.3,5
HUM,2026-08-05,,363.82,43,-5.508,False,4.2,0,-8,-11,24.04,36.67,accumulation,3.68,106.04,up,24.49,98.41,up,-4.9,7
HUM,2026-08-06,,367.24,45,-4.812,False,4.2,0,-7,-10,28.7,34.21,up,3.68,106.04,up,24.49,98.41,up,-2.1,8
HUM,2026-08-07,,385,54,-3.009,False,4.1,6,-3,-6,25.57,33.92,up,41.83,102.73,up,35.59,97.84,up,8.3,8
HUM,2026-08-10,,385.7,54,-1.688,False,4,3,-2,-6,24.39,35.89,up,41.83,102.73,up,35.59,97.84,up,5.5,9
HUM,2026-08-11,,372.82,48,-1.601,False,4.2,3,-8,-9,-10.52,36.75,distribution,41.83,102.73,up,35.59,97.84,up,-2.3,4
HUM,2026-08-12,,388.83,55,-0.445,False,4.1,7,-4,-5,-9.63,37.98,distribution,43.07,100.27,up,35.59,97.84,up,5.7,4
HUM,2026-08-13,,384.97,53,0.05325,True,4,5,-6,-6,-19.13,40.42,distribution,43.07,100.27,up,35.59,97.84,up,3.7,5
HUM,2026-08-14,,389.05,55,0.6199,True,3.8,1,1,-5,-17.55,42.55,distribution,43.07,100.27,up,32.48,97.5,up,4.5,6
HUM,2026-08-17,,384.31,52,0.6354,True,3.8,0,-4,-6,-29.54,43.94,distribution,30.05,98.06,up,32.48,97.5,up,-0.7,5
HUM,2026-08-18,,382,51,0.4582,True,3.7,2,-4,-7,-33.54,46.18,distribution,30.05,98.06,up,32.48,97.5,up,1.7,6
HUM,2026-08-19,,378.02,49,0.06201,True,3.8,-3,-7,-8,-30.2,47.6,distribution,30.05,98.06,up,32.48,97.5,up,-6.7,3
HUM,2026-08-20,,380.73,50,-0.02394,False,3.8,-1,-4,-7,-26.66,49.25,distribution,26.29,95.88,up,32.48,97.5,up,-3.9,3
HUM,2026-08-21,,378.88,49,-0.2019,False,3.7,-3,-4,-7,-29.27,51.25,distribution,26.29,95.88,up,27.31,96.53,up,-6.3,4
HUM,2026-08-24,,386.61,54,0.1837,True,3.6,1,-1,-6,-25.63,54.3,distribution,26.29,95.88,up,27.31,96.53,up,2.9,6
HUM,2026-08-25,,389.71,55,0.6063,True,3.4,2,2,-5,-12.95,58.56,distribution,23.01,94.01,up,27.31,96.53,up,6.5,6
HUM,2026-08-26,,391.06,56,0.917,True,3.5,3,1,-4,-7.21,63.65,distribution,23.01,94.01,up,27.31,96.53,up,7.9,3
HUM,2026-08-27,,392.63,57,1.153,True,3.4,3,7,-4,-1.5,67.23,distribution,23.01,94.01,up,27.31,96.53,up,12.7,3
HUM,2026-08-28,,385.54,52,0.775,True,3.5,2,5,-6,-22.99,69.85,distribution,13.37,92.56,up,27.31,95.72,up,8.9,5
III.L,2026-07-06,,2630,69,39.91,True,3.9,5,19,-41,15.24,85.67,up,34.35,39.12,up,95.98,28.87,up,26.7,1.5
III.L,2026-07-07,,2624,68,36.51,True,3.8,6,20,-41,13.09,87.52,up,34.35,39.12,up,95.98,28.87,up,28.7,2.5
III.L,2026-07-08,,2603,66,30.73,True,3.8,3,19,-42,11.27,88.28,up,30.06,43.07,up,95.98,28.87,up,24.3,1.5
III.L,2026-07-09,,2658,69,28.54,True,3.6,3,22,-40,9.72,89.74,up,30.06,43.07,up,95.98,28.87,up,26.7,2.5
III.L,2026-07-10,,2704,71,28.07,True,3.5,4,22,-39,14.91,91.52,up,30.06,43.07,up,75.23,32.44,up,27.9,2.5
III.L,2026-07-13,,2686,69,24.57,True,3.4,2,16,-40,10.32,93.04,up,26.3,47.35,up,75.23,32.44,up,20.7,2.5
III.L,2026-07-14,,2641,64,17.56,True,3.5,1,16,-41,8.91,93.14,up,26.3,47.35,up,75.23,32.44,up,18.5,1.5
III.L,2026-07-15,,2658,65,12.65,True,3.4,2,14,-40,10.06,92.91,up,26.3,47.35,up,75.23,32.44,up,18.1,2.5
III.L,2026-07-16,,2643,63,7.226,True,3.3,-1,15,-41,8.69,92.04,up,23.01,51.41,up,75.23,32.44,up,15.3,2.5
III.L,2026-07-17,,2576,55,-1.562,False,3.4,-5,15,-42,7.52,90.32,up,23.01,51.41,up,60.32,35.27,up,7.5,3.5
III.L,2026-07-20,,2512,49,-11.8,False,3.4,-6,14,-44,-2.42,87.14,distribution,23.01,51.41,up,60.32,35.27,up,2.5,0.5
III.L,2026-07-21,,2503,48,-18.88,False,3.3,-5,11,-44,-2.12,83.29,distribution,20.14,53.44,up,60.32,35.27,up,1.3,1.5
III.L,2026-07-22,,2552,53,-19.87,False,3.5,-4,12,-43,5.06,80.18,up,20.14,53.44,up,60.32,35.27,up,6.3,3.5
III.L,2026-07-23,,2674,62,-12.27,False,3.7,1,18,-40,4.4,80.69,up,20.14,53.44,up,60.32,35.27,up,18.1,1.5
III.L,2026-07-24,,2758,67,-2.096,False,3.6,7,9,-38,14.84,81.5,up,17.62,55.91,up,49.18,38.05,up,19.1,2
III.L,2026-07-27,,2802,69,6.616,True,3.6,12,11,-37,18.35,83.28,up,17.62,55.91,up,49.18,38.05,up,28.7,1.5
III.L,2026-07-28,,2913,74,18.22,True,3.4,16,17,-35,15.75,86.53,up,17.62,55.91,up,49.18,38.05,up,38.3,2.5
III.L,2026-07-29,,2897,72,22.87,True,3.4,14,17,-35,11.67,89.84,up,38.69,60.7,up,49.18,38.05,up,35.9,1.5
III.L,2026-07-30,,2847,67,20.7,True,3.3,6,13,-36,10.08,91.35,up,38.69,60.7,up,49.18,38.05,up,23.1,2.5
III.L,2026-07-31,MIMO_SHADOW,2864,68,18.61,True,3.3,4,11,-36,10.79,92.73,up,38.69,60.7,up,54.11,42.48,up,19.1,1.5
III.L,2026-08-03,MIMO_SHADOW|CAVA_MACRO,2867,68,15.73,True,3.3,2,10,-36,9.76,94.19,up,28.83,65.79,up,54.11,42.48,up,15.9,1
III.L,2026-08-04,MIMO_SHADOW|CAVA_MACRO,2886,69,13.49,True,3.3,-1,10,-35,10.74,94.49,up,28.83,65.79,up,54.11,42.48,up,12.3,1
III.L,2026-08-05,MIMO_SHADOW|CAVA_MACRO,2922,71,12.83,True,3.2,1,11,-34,13.5,95.51,up,28.83,65.79,up,54.11,42.48,up,15.5,2.5
III.L,2026-08-06,CAVA_MACRO,2871,65,7.612,True,3.3,1,10,-36,11.76,95.98,up,25.9,70.34,up,54.11,42.48,up,13.7,1
III.L,2026-08-07,CAVA_MACRO,2867,64,2.792,True,3.2,0,8,-36,9.78,95.46,up,25.9,70.34,up,44.91,47.46,up,10.9,3
III.L,2026-08-10,,2803,57,-5.362,False,3.2,-2,4,-37,1.04,94.58,up,25.9,70.34,up,44.91,47.46,up,3.3,3
III.L,2026-08-11,,2742,51,-14.97,False,3.2,-5,2,-39,0.95,91.99,up,1.06,73.13,up,44.91,47.46,up,-2.9,3
III.L,2026-08-12,,2813,57,-16.54,False,3.1,-4,7,-37,10.29,89.39,up,1.06,73.13,up,44.91,47.46,up,3.3,4
III.L,2026-08-13,,2780,54,-19.57,False,3.1,-3,5,-38,4.8,87.33,up,1.06,73.13,up,44.91,47.46,up,1.9,3
III.L,2026-08-14,,2785,54,-20.91,False,3,-3,5,-38,5.1,84.9,up,8.13,74.69,up,27.96,51.4,up,2.4,4
III.L,2026-08-17,MIMO_SHADOW,2788,54,-21.18,False,2.9,-1,8,-37,4.64,82.65,up,8.13,74.69,up,27.96,51.4,up,7.2,4
III.L,2026-08-18,MIMO_SHADOW,2802,56,-20.02,False,2.9,2,12,-37,6.43,80.87,up,8.13,74.69,up,27.96,51.4,up,15,3.5
III.L,2026-08-19,MIMO_SHADOW,2821,57,-17.67,False,2.8,0,13,-37,5.87,79.14,up,7.11,76.62,up,27.96,51.4,up,13.4,4.5
III.L,2026-08-20,MIMO_SHADOW,2793,54,-17.64,False,2.8,0,9,-37,5.39,76.93,up,7.11,76.62,up,27.96,51.4,up,9.2,3
III.L,2026-08-21,MIMO_SHADOW|CAVA_MACRO,2891,62,-11,False,2.8,4,8,-35,22,75.49,up,7.11,76.62,up,23.76,55.96,up,14.2,2
III.L,2026-08-24,CAVA_MACRO,2934,65,-4.04,False,2.7,5,6,-34,19.6,76.57,up,6.22,78.68,up,23.76,55.96,up,13.8,3
III.L,2026-08-25,MIMO_SHADOW|CAVA_MACRO,2904,62,-1.898,False,2.7,4,4,-35,11.72,77.22,up,6.22,78.68,up,23.76,55.96,up,11,3
III.L,2026-08-26,MIMO_SHADOW|CAVA_MACRO,2844,55,-4.797,False,2.8,1,-2,-36,10.1,76.26,up,6.22,78.68,up,23.76,55.96,up,1.6,5
III.L,2026-08-27,MIMO_SHADOW|CAVA_MACRO,2834,54,-7.503,False,2.7,1,-2,-36,7.02,74.12,up,-10.45,80.11,distribution,23.76,55.96,up,1.6,5
JNJ,2026-06-29,,258.51,74,2.403,True,2.2,12,12,0,48.67,91.31,up,27.32,55.94,up,-6.34,75.63,distribution,30.5,0.5
JNJ,2026-06-30,,253.97,67,2.368,True,2.2,6,13,-2,13.25,94.19,up,23.4,62.35,up,-6.34,75.63,distribution,24.1,0.5
JNJ,2026-07-01,,253.98,67,2.193,True,2.2,5,14,-2,11.46,94.98,up,23.4,62.35,up,-6.34,75.63,distribution,23.7,0.5
JNJ,2026-07-02,,263.04,73,2.512,True,2.2,7,18,0,9.89,96.41,up,23.4,62.35,up,-6.34,75.63,distribution,29.3,0.5
JNJ,2026-07-06,,259.33,68,2.302,True,2.2,2,16,-1,-13.18,97,distribution,32.34,68.88,up,6.63,78.94,up,20.2,-0.5
JNJ,2026-07-07,,267.24,72,2.509,True,2.3,3,17,0,-11.53,98.73,distribution,32.34,68.88,up,6.63,78.94,up,22.2,-0.5
JNJ,2026-07-08,,263.4,67,2.211,True,2.3,4,13,-1,-32.02,99.8,distribution,32.34,68.88,up,6.63,78.94,up,20.2,-0.5
JNJ,2026-07-09,,259.1,62,1.577,True,2.3,2,12,-3,-52.57,99.22,distribution,27.74,75.37,up,6.63,78.94,up,16,-0.5
JNJ,2026-07-10,,256.98,60,0.9013,True,2.3,-2,8,-4,-46,98.37,distribution,27.74,75.37,up,5.8,82.34,up,8,-1
JNJ,2026-07-13,,257.77,60,0.4188,True,2.3,-1,8,-4,-35.7,96.91,distribution,27.74,75.37,up,5.8,82.34,up,9.2,-1
JNJ,2026-07-14,,253.85,56,-0.219,False,2.3,-5,7,-5,-31.24,94.14,distribution,12.41,78.86,up,5.8,82.34,up,1.6,3
JNJ,2026-07-15,,247.02,49,-1.106,False,2.5,-6,3,-8,-27.33,90.04,distribution,12.41,78.86,up,5.8,82.34,up,-3.8,3
JNJ,2026-07-16,,249.97,52,-1.476,False,2.5,-4,6,-6,-23.92,85.63,distribution,12.41,78.86,up,5.8,82.34,up,1,3
JNJ,2026-07-17,,253.04,54,-1.491,False,2.5,-2,8,-5,-2.7,82.26,distribution,10.85,79.99,up,5.07,83.67,up,5,3
JNJ,2026-07-20,,248.82,50,-1.745,False,2.5,-3,6,-7,-27.42,78.23,distribution,10.85,79.99,up,5.07,83.67,up,2.2,3
JNJ,2026-07-21,,250.61,52,-1.748,False,2.4,-1,10,-6,-13.36,74.16,distribution,10.85,79.99,up,5.07,83.67,up,7.8,4
JNJ,2026-07-22,,255.63,56,-1.384,False,2.4,3,11,-4,-11.69,72.09,distribution,15.24,80.87,up,5.07,83.67,up,14.4,1.5
JNJ,2026-07-23,,259.27,59,-0.8928,False,2.3,4,8,-3,10.96,70.94,up,15.24,80.87,up,5.07,83.67,up,16.2,4
JNJ,2026-07-24,MIMO_SHADOW,263.4,63,-0.315,False,2.3,4,9,-1,33.63,71.38,up,15.24,80.87,up,20.09,85.33,up,17,2
JNJ,2026-07-27,MIMO_SHADOW,265.95,64,0.1869,True,2.3,7,9,0,29.42,72.47,up,35.13,82.93,up,20.09,85.33,up,22.6,2
JNJ,2026-07-28,MIMO_SHADOW,266.73,65,0.5014,True,2.4,6,5,0,25.75,75.2,up,35.13,82.93,up,20.09,85.33,up,18.2,3
JNJ,2026-07-29,MIMO_SHADOW,265.53,63,0.5545,True,2.3,4,3,-1,15.63,76.79,up,35.13,82.93,up,20.09,85.33,up,14.2,5
JNJ,2026-07-30,MIMO_SHADOW,255.82,52,-0.1033,False,2.5,-1,1,-4,13.68,74.84,up,29.77,84.91,up,20.09,85.33,up,3.6,4
JNJ,2026-07-31,MIMO_SHADOW,256.35,52,-0.5186,False,2.5,-3,1,-4,15.13,72.17,up,29.77,84.91,up,17.58,87.83,up,1.2,4
JNJ,2026-08-03,,254.41,50,-0.9165,False,2.5,-4,-3,-5,13.24,68.97,up,29.77,84.91,up,17.58,87.83,up,-3.2,6
JNJ,2026-08-04,,254.93,51,-1.124,False,2.5,-4,-2,-5,14.71,65.94,up,23.53,84.86,up,17.58,87.83,up,-2.4,6
JNJ,2026-08-05,,257.59,54,-1.061,False,2.4,-3,-4,-4,28.86,64.77,up,23.53,84.86,up,17.58,87.83,up,-2.8,5
JNJ,2026-08-06,,256.98,53,-1.039,False,2.4,0,-2,-4,25.25,64.53,up,23.53,84.86,up,17.58,87.83,up,2.4,6
JNJ,2026-08-07,,259.24,55,-0.8582,False,2.4,1,0,-3,35.72,63.89,up,28.75,84.96,up,19.39,88.72,up,5.2,6
JNJ,2026-08-10,,261.81,58,-0.5654,False,2.3,3,2,-2,31.25,64.9,up,28.75,84.96,up,19.39,88.72,up,10.2,7
JNJ,2026-08-11,,259.8,55,-0.5088,False,2.3,2,1,-3,15.35,65.69,up,28.75,84.96,up,19.39,88.72,up,7.2,6
JNJ,2026-08-12,,260.86,57,-0.4062,False,2.3,1,3,-2,19.76,65.17,up,27.51,85.12,up,19.39,88.72,up,8.6,6
JNJ,2026-08-13,,262.08,58,-0.269,False,2.2,2,6,-2,16.88,65.88,up,27.51,85.12,up,19.39,88.72,up,12.2,6
JNJ,2026-08-14,,260.35,55,-0.3049,False,2.1,0,4,-3,14.46,65.54,up,27.51,85.12,up,18.16,90.16,up,7.2,7
JNJ,2026-08-17,,262.37,58,-0.2074,False,2.1,0,4,-2,12.43,65.2,up,26.65,85.77,up,18.16,90.16,up,8.2,6
JNJ,2026-08-18,,271.11,67,0.3979,True,2.2,4,9,0,10.71,68.22,up,26.65,85.77,up,18.16,90.16,up,20,2
JNJ,2026-08-19,,273.41,69,0.8779,True,2.1,5,9,0,20.94,72.46,up,26.65,85.77,up,18.16,90.16,up,21.2,3
JNJ,2026-08-20,,267.37,59,0.7198,True,2.2,2,5,-2,-12.79,75.03,distribution,22.9,87.86,up,18.16,90.16,up,10.4,1
JNJ,2026-08-21,,270.24,62,0.7372,True,2.2,4,4,-1,3.59,77.18,up,22.9,87.86,up,15.54,92.14,up,15,4
JNJ,2026-08-24,,273.04,64,0.8575,True,2.1,4,4,0,17.36,79.85,up,22.9,87.86,up,15.54,92.14,up,15,5
JNJ,2026-08-25,,273.14,64,0.8617,True,2.1,1,3,0,15.35,82.26,up,29.95,89.67,up,15.54,92.14,up,10.6,4
JNJ,2026-08-26,,270,59,0.5842,True,2,-1,1,-1,13.18,83.38,up,29.95,89.67,up,15.54,92.14,up,6.6,3
JNJ,2026-08-27,,265.77,53,0.0737,True,2.1,-1,0,-3,11.35,82.49,up,29.95,89.67,up,15.54,92.14,up,4.8,4
JNJ,2026-08-28,,268.04,56,-0.1413,False,2,-1,5,-2,20.52,81.41,up,25.52,90.44,up,10.38,94.11,up,7.8,5
KOS,2026-04-20,,2.52,48,-0.064,False,8.6,-4,-15,-19,-8.71,65.96,distribution,-1.57,98.12,distribution,20.9,87.68,up,-18.3,1
KOS,2026-04-21,,2.65,52,-0.05125,False,8,6,-7,-15,21.94,63.54,up,-0.75,95.64,distribution,20.9,87.68,up,3.1,7
KOS,2026-04-22,,2.85,58,-0.02855,False,7.4,10,6,-8,20.6,63.81,up,-0.75,95.64,distribution,20.9,87.68,up,20.3,6.5
KOS,2026-04-23,,2.87,58,-0.01222,False,7.2,9,6,-7,18.88,64.83,up,-0.75,95.64,distribution,20.9,87.68,up,19.1,6.5
KOS,2026-04-24,,2.81,56,-0.005815,False,7.2,13,6,-9,2.28,64.8,up,4.38,94.28,up,45.92,88.8,up,23.9,6.5
KOS,2026-04-27,,2.93,59,0.005528,True,6.8,16,2,-5,33.15,66.17,up,4.38,94.28,up,45.92,88.8,up,26.3,5.5
KOS,2026-04-28,,2.96,60,0.01362,True,6.7,12,2,-5,31.73,69.33,up,4.38,94.28,up,45.92,88.8,up,21.5,5.5
KOS,2026-04-29,,3.06,63,0.02368,True,6.4,7,3,-1,55.8,72.99,up,3.84,93.86,up,45.92,88.8,up,16.3,3
KOS,2026-04-30,,3.08,63,0.02929,True,6.3,7,11,-1,48.83,75.66,up,3.84,93.86,up,45.92,88.8,up,22.7,3.5
KOS,2026-05-01,,3.2,66,0.03814,True,6.2,14,19,0,76.15,78.74,up,3.84,93.86,up,40.18,90.8,up,38.5,3.5
KOS,2026-05-04,,3.27,68,0.04526,True,5.9,12,12,0,86.14,82.99,up,3.37,93.93,up,40.18,90.8,up,31.5,3.5
KOS,2026-05-05,,3.12,61,0.0368,True,6.4,5,1,-5,75.37,84.41,up,3.37,93.93,up,40.18,90.8,up,12.3,5
KOS,2026-05-06,,2.89,52,0.01382,True,7.1,-6,-5,-12,-1.21,83.12,distribution,3.37,93.93,up,40.18,90.8,up,-10.7,3
KOS,2026-05-07,,2.89,52,-0.002414,False,7.1,-6,4,-12,-1.06,81.03,distribution,3.02,92.86,up,40.18,90.8,up,-5.5,3
KOS,2026-05-08,,2.75,47,-0.02249,False,7.3,-14,8,-16,-41.8,78.38,distribution,3.02,92.86,up,35.16,91.97,up,-11.9,2
KOS,2026-05-11,,2.88,52,-0.02665,False,6.9,-12,12,-12,-36.58,76.55,distribution,3.02,92.86,up,35.16,91.97,up,-6.3,4.5
KOS,2026-05-12,,3.1,58,-0.0148,False,6.5,-1,18,-5,29.33,76.67,up,9.48,92.07,up,35.16,91.97,up,16.7,7.5
KOS,2026-05-13,,2.99,54,-0.01457,False,6.6,3,20,-9,-5,76.49,distribution,9.48,92.07,up,35.16,91.97,up,19.1,3.5
KOS,2026-05-14,,2.93,52,-0.0184,False,6.4,1,14,-10,-21.1,75.62,distribution,9.48,92.07,up,35.16,91.97,up,11.9,4.5
KOS,2026-05-15,CONFIRMED_FLOW_LEADERS,3.23,60,-0.001575,False,6.2,17,23,-1,-18.47,76.35,distribution,12.83,91.76,up,71.84,93.11,up,39.3,0.5
KOS,2026-05-18,CONFIRMED_FLOW_LEADERS,3.21,60,0.006908,True,6.1,11,29,-2,-21.22,77.87,distribution,12.83,91.76,up,71.84,93.11,up,38.9,0.5
KOS,2026-05-19,CONFIRMED_FLOW_LEADERS,3.18,58,0.00906,True,6.1,3,26,-3,-26.15,78.48,distribution,12.83,91.76,up,71.84,93.11,up,26.9,1.5
KOS,2026-05-20,CONFIRMED_FLOW_LEADERS,3.01,52,-0.001823,False,6.7,1,14,-8,-22.88,78.03,distribution,11.54,90.72,up,71.84,93.11,up,11.9,3.5
KOS,2026-05-21,CONFIRMED_FLOW_LEADERS,3.12,56,-0.002433,False,6.5,6,9,-5,-20.02,76.6,distribution,11.54,90.72,up,71.84,93.11,up,14.9,4
KOS,2026-05-22,CONFIRMED_FLOW_LEADERS,3.03,52,-0.00933,False,6.6,-6,6,-7,-40.72,74.19,distribution,11.54,90.72,up,62.86,94.21,up,-2.9,3
KOS,2026-05-26,CONFIRMED_FLOW_LEADERS,2.85,47,-0.02553,False,7,-11,1,-13,-35.63,70.14,distribution,10.35,88.98,up,62.86,94.21,up,-13.9,3
KOS,2026-05-27,CONFIRMED_FLOW_LEADERS,2.67,42,-0.04665,False,7.5,-16,-9,-18,-31.17,63.76,distribution,10.35,88.98,up,62.86,94.21,up,-27.9,0
KOS,2026-05-28,CONFIRMED_FLOW_LEADERS,2.74,44,-0.05369,False,7,-9,-7,-16,-6.8,58.64,distribution,10.35,88.98,up,62.86,94.21,up,-17.9,2
KOS,2026-05-29,CONFIRMED_FLOW_LEADERS,2.8,46,-0.05205,False,6.7,-10,-8,-14,-5.95,54.79,distribution,7.33,85.26,up,34.02,93.61,up,-19.9,4
KOS,2026-06-01,CONFIRMED_FLOW_LEADERS,2.91,50,-0.04174,False,6.6,-4,-6,-11,-5.21,53.85,distribution,7.33,85.26,up,34.02,93.61,up,-11.1,4
KOS,2026-06-02,CONFIRMED_FLOW_LEADERS,2.97,52,-0.02964,False,6.4,4,-7,-9,11.97,53.22,up,7.33,85.26,up,34.02,93.61,up,1.7,8
KOS,2026-06-03,CONFIRMED_FLOW_LEADERS,2.99,53,-0.01954,False,6.2,12,-9,-9,15.98,54.14,up,14.64,83.41,up,34.02,93.61,up,9.7,7.5
KOS,2026-06-04,CONFIRMED_FLOW_LEADERS,3.02,54,-0.01053,False,6,10,-3,-8,22.25,54.53,up,14.64,83.41,up,34.02,93.61,up,13.1,7.5
KOS,2026-06-05,CONFIRMED_FLOW_LEADERS,2.81,46,-0.01797,False,6.6,0,-3,-14,19.47,53.54,up,14.64,83.41,up,29.77,93.02,up,-0.9,8
KOS,2026-06-08,CONFIRMED_FLOW_LEADERS,2.91,50,-0.01552,False,6.2,0,1,-11,46.63,52.31,up,9.7,81.73,up,29.77,93.02,up,2.3,9
KOS,2026-06-09,CONFIRMED_FLOW_LEADERS,2.79,46,-0.02098,False,6.7,-6,1,-15,40.81,49.82,up,9.7,81.73,up,29.77,93.02,up,-4.9,6
KOS,2026-06-10,CONFIRMED_FLOW_LEADERS,2.98,52,-0.0113,False,6.5,0,3,-9,35.7,50.34,up,9.7,81.73,up,29.77,93.02,up,4.9,9
KOS,2026-06-11,,2.89,49,-0.01048,False,6.8,-4,-7,-12,5.23,51.53,up,8.97,79.99,up,29.77,93.02,up,-8.9,6
KOS,2026-06-12,,2.87,49,-0.01075,False,6.8,2,-4,-12,-1.21,51.15,distribution,8.97,79.99,up,26.05,91.86,up,-2.3,5
KOS,2026-06-15,,2.54,39,-0.03146,False,8.1,-13,-13,-22,-1.06,47.57,distribution,8.97,79.99,up,26.05,91.86,up,-27.5,-1
KOS,2026-06-16,,2.49,38,-0.04596,False,7.9,-11,-23,-24,-17.26,43.3,down,8.41,76.46,up,26.05,91.86,up,-34.1,0
KOS,2026-06-17,,2.5,38,-0.05186,False,7.7,-16,-22,-24,-11.83,40.2,distribution,8.41,76.46,up,26.05,91.86,up,-38.3,0
KOS,2026-06-18,,2.45,37,-0.05578,False,7.8,-15,-23,-25,-10.35,36.7,down,8.41,76.46,up,26.05,91.86,up,-38.9,-1
KOS,2026-06-22,,2.46,37,-0.0543,False,7.5,-14,-18,-25,-5.73,34.05,distribution,7.86,71.2,up,22.79,89.78,up,-32.7,0
KOS,2026-06-23,,2.3,33,-0.06023,False,8.1,-9,-26,-30,-5.01,30.95,down,7.86,71.2,up,22.79,89.78,up,-35.1,-3
KOS,2026-06-24,,2.12,29,-0.07163,False,8.8,-15,-30,-35,-4.38,26.9,down,7.86,71.2,up,22.79,89.78,up,-45.5,-4
KOS,2026-06-25,,2.18,32,-0.07039,False,8.4,-13,-24,-33,19.37,23.96,accumulation,7.31,64.62,accumulation,22.79,89.78,up,-35.3,3
KOS,2026-06-26,,2.18,32,-0.06496,False,8.2,-11,-18,-33,16.95,21.48,accumulation,7.31,64.62,accumulation,19.94,85.92,up,-28.1,0
KOS,2026-06-29,,2.08,30,-0.06342,False,8.5,-15,-24,-36,-23.85,19.29,down,7.31,64.62,accumulation,19.94,85.92,up,-40.7,-4
KOS,2026-06-30,,2.11,31,-0.05596,False,8.3,-8,-25,-35,-9.26,17.96,down,6.77,57.25,accumulation,19.94,85.92,up,-33.1,-3
KOS,2026-07-01,,2.03,30,-0.05207,False,8.4,-4,-30,-38,-39.04,16.2,down,6.77,57.25,accumulation,19.94,85.92,up,-32.3,-3
KOS,2026-07-02,,2.07,32,-0.04285,False,8.1,-5,-30,-37,-18.69,15.2,down,6.77,57.25,accumulation,19.94,85.92,up,-33.5,-2
KOS,2026-07-06,,2.09,33,-0.03195,False,7.7,-4,-30,-36,-16.36,15.38,distribution,4.52,50.13,accumulation,4.56,80.91,up,-31.3,-2
KOS,2026-07-07,,2.21,40,-0.01411,False,7.4,6,-27,-32,31.65,16.71,up,4.52,50.13,accumulation,4.56,80.91,up,-13.9,3
KOS,2026-07-08,,2.29,44,0.004628,True,7.2,9,-19,-30,27.7,19.78,up,4.52,50.13,accumulation,4.56,80.91,up,-1.9,4.5
KOS,2026-07-09,,2.18,40,0.0108,True,7.5,7,-25,-33,-16.43,21.68,distribution,4.15,45.58,accumulation,4.56,80.91,up,-12.1,-1
KOS,2026-07-10,,2.1,37,0.01067,True,7.8,1,-25,-36,-45.43,23.08,distribution,4.15,45.58,accumulation,3.99,76.13,up,-19.3,-2
KOS,2026-07-13,,2.44,52,0.03337,True,7.4,17,-18,-25,-39.75,26.22,distribution,4.15,45.58,accumulation,3.99,76.13,up,6.5,3.5
KOS,2026-07-14,,2.5,54,0.05125,True,7.3,13,-13,-24,-15.05,31.24,distribution,3.83,43.21,up,3.99,76.13,up,5.7,3.5
KOS,2026-07-15,,2.32,47,0.04974,True,8,1,-19,-29,-72.37,35.21,distribution,3.83,43.21,up,3.99,76.13,up,-14.5,1
KOS,2026-07-16,,2.15,42,0.03667,True,8.8,-1,-15,-34,-119.23,37.21,distribution,3.83,43.21,up,3.99,76.13,up,-13.7,-1
KOS,2026-07-17,,2.24,46,0.03356,True,8.3,7,-10,-31,-104.33,39.52,distribution,-18.76,41.05,distribution,3.49,73,up,-0.1,0
KOS,2026-07-20,,2.3,48,0.03486,True,7.9,-6,-8,-30,-72.35,42.48,distribution,-18.76,41.05,distribution,3.49,73,up,-14.1,1
KOS,2026-07-21,,2.42,52,0.04261,True,7.4,-3,-1,-26,-59.14,46.56,distribution,-18.76,41.05,distribution,3.49,73,up,-4.9,1
KOS,2026-07-22,,2.65,59,0.06091,True,7,14,8,-19,-48.19,53.55,distribution,20.71,40.44,up,3.49,73,up,24.7,1.5
KOS,2026-07-23,,2.74,61,0.07579,True,6.6,27,19,-16,-20.12,61.3,distribution,20.71,40.44,up,3.49,73,up,49.1,1.5
KOS,2026-07-24,,2.63,57,0.07482,True,6.8,17,24,-20,-40.57,66.6,distribution,20.71,40.44,up,43.05,71.46,up,41.1,2.5
KOS,2026-07-27,,2.44,50,0.05869,True,7.4,6,12,-25,-69.32,68.69,distribution,-1.81,41.59,distribution,43.05,71.46,up,17.3,1.5
KOS,2026-07-28,,2.34,47,0.03951,True,7.7,-3,7,-28,-55.82,68.98,distribution,-1.81,41.59,distribution,43.05,71.46,up,1.5,0
KOS,2026-07-29,,2.48,52,0.03464,True,7.2,-6,19,-24,-45.65,70.26,distribution,-1.81,41.59,distribution,43.05,71.46,up,8.5,2.5
KOS,2026-07-30,,2.56,54,0.0351,True,7,-7,21,-22,-37.79,71.93,distribution,-1.64,41.77,distribution,43.05,71.46,up,8.9,2.5
KOS,2026-07-31,,2.69,58,0.04198,True,6.6,2,33,-18,-31.58,74.65,distribution,-1.64,41.77,distribution,35.75,70.36,up,30.3,2.5
KOS,2026-08-03,CAVA_MACRO,2.53,52,0.03393,True,7.1,4,22,-23,-46.48,75.32,distribution,-1.64,41.77,distribution,35.75,70.36,up,22.9,1.5
KOS,2026-08-04,CAVA_MACRO,2.42,49,0.02005,True,7.5,3,16,-26,-38.44,74.25,distribution,-1.47,42.31,distribution,35.75,70.36,up,15.9,0.5
KOS,2026-08-05,CAVA_MACRO,2.35,47,0.005748,True,7.5,-5,6,-28,-32.09,72.61,distribution,-1.47,42.31,distribution,35.75,70.36,up,-1.7,0
KOS,2026-08-06,CAVA_MACRO,2.47,51,0.004049,True,7.2,-4,8,-24,-12.78,71.94,distribution,-1.47,42.31,distribution,35.75,70.36,up,2.1,2
KOS,2026-08-07,CAVA_MACRO,2.48,51,0.003307,True,7.2,-8,14,-24,-9.81,71.58,distribution,5.53,42.22,up,29.94,68.42,up,2.1,2.5
KOS,2026-08-10,,2.51,52,0.004474,True,6.9,-1,20,-23,-8.54,72.02,distribution,5.53,42.22,up,29.94,68.42,up,15.3,3.5
KOS,2026-08-11,,2.56,54,0.00804,True,6.6,6,5,-22,-1.5,72.1,distribution,5.53,42.22,up,29.94,68.42,up,11.7,4
KOS,2026-08-12,,2.51,52,0.006525,True,6.5,7,0,-23,-1.31,71.41,distribution,8.22,43.11,up,29.94,68.42,up,8.9,3
KOS,2026-08-13,,2.53,52,0.006356,True,6.4,2,9,-23,-1.14,70.41,distribution,8.22,43.11,up,29.94,68.42,up,10.1,3
KOS,2026-08-14,,2.54,53,0.006387,True,6.1,2,18,-22,-1,70.88,distribution,8.22,43.11,up,30.74,67.28,up,17.3,3.5
KOS,2026-08-17,,2.6,55,0.009718,True,5.9,4,16,-20,6.3,71.86,up,17.04,44.19,up,30.74,67.28,up,22.1,6.5
KOS,2026-08-18,,2.74,60,0.02003,True,5.6,7,19,-16,5.52,74.5,up,17.04,44.19,up,30.74,67.28,up,29.1,4.5
KOS,2026-08-19,,2.82,63,0.03029,True,5.4,12,17,-14,4.83,78,up,17.04,44.19,up,30.74,67.28,up,33.5,5.5
KOS,2026-08-20,,3.02,69,0.04758,True,5.2,19,14,-8,4.22,82.69,up,14.6,48.1,up,30.74,67.28,up,41.5,5.5
KOS,2026-08-21,,2.96,65,0.05167,True,5.2,17,8,-9,-2.48,87.22,distribution,14.6,48.1,up,25.9,68.03,up,30.3,1.5
KOS,2026-08-24,,2.86,60,0.04459,True,5.4,10,9,-13,-12.47,89.48,distribution,14.6,48.1,up,25.9,68.03,up,21.7,1.5
KOS,2026-08-25,,2.73,54,0.02888,True,5.7,0,12,-17,-23.68,89.54,distribution,-14.45,52.12,distribution,25.9,68.03,up,11.1,1.5
KOS,2026-08-26,,2.78,56,0.01999,True,5.7,-1,19,-15,-20.13,88.38,distribution,-14.45,52.12,distribution,25.9,68.03,up,16.5,2.5
KOS,2026-08-27,,2.87,59,0.01836,True,5.6,-5,16,-12,-8.88,88.77,distribution,-14.45,52.12,distribution,25.9,68.03,up,9.3,1.5
KOS,2026-08-28,,2.76,54,0.008553,True,5.7,-7,8,-16,-7.69,88.19,distribution,-9.83,54.97,distribution,6.92,68.51,up,-0.5,1
KTOS,2026-07-17,,46.03,38,-0.05642,False,7.3,-4,-18,-65,-30.69,39.11,distribution,-38.34,26.15,distribution,-42.14,27.71,distribution,-23.2,-4
KTOS,2026-07-20,,45.94,38,-0.1121,False,7.1,-2,-18,-65,-26.72,38.14,distribution,-38.34,26.15,distribution,-42.14,27.71,distribution,-20.8,-3
KTOS,2026-07-21,,48.21,44,0.02422,True,6.7,-4,-11,-63,-22.89,37.75,distribution,-38.34,26.15,distribution,-42.14,27.71,distribution,-15.6,-2
KTOS,2026-07-22,,47.89,43,0.1083,True,6.5,-4,-6,-63,-21.52,37.92,distribution,-16.6,26.1,distribution,-42.14,27.71,distribution,-11.6,-2
KTOS,2026-07-23,,49.44,47,0.2744,True,6.4,5,-3,-62,-18.44,38.78,distribution,-16.6,26.1,distribution,-42.14,27.71,distribution,1.6,0
KTOS,2026-07-24,,47.35,43,0.2503,True,6.6,3,-1,-64,-25.6,39.2,distribution,-16.6,26.1,distribution,-15.64,25.83,down,0.3,-1
KTOS,2026-07-27,,49.45,48,0.3749,True,6.3,8,7,-62,-12.08,40.13,distribution,-14.52,26.67,distribution,-15.64,25.83,down,12.7,-1
KTOS,2026-07-28,,48.64,46,0.3998,True,6.4,1,3,-63,-14.11,40.88,distribution,-14.52,26.67,distribution,-15.64,25.83,down,1.1,0
KTOS,2026-07-29,,43.88,38,0.1079,True,7.4,-8,-7,-66,-12.13,40.04,distribution,-14.52,26.67,distribution,-15.64,25.83,down,-17.7,-4
KTOS,2026-07-30,,46.17,43,0.08227,True,7,-7,-7,-65,0.94,38.4,up,-41.65,26.14,distribution,-15.64,25.83,down,-13.5,0
KTOS,2026-07-31,,46.6,44,0.1061,True,6.8,-2,-12,-64,2.99,38.27,up,-41.65,26.14,distribution,-24.4,24.24,distribution,-11,0
KTOS,2026-08-03,,49.21,50,0.2985,True,6.5,0,-11,-62,2.62,39.59,up,-41.65,26.14,distribution,-24.4,24.24,distribution,-7.8,1
KTOS,2026-08-04,,51.87,55,0.589,True,6.2,7,-3,-60,2.29,43.91,up,-35.89,26.89,distribution,-24.4,24.24,distribution,7,1
KTOS,2026-08-05,,55.34,60,0.9762,True,6.7,26,10,-58,2.01,52.43,up,-35.89,26.89,distribution,-24.4,24.24,distribution,41.2,-1.5
KTOS,2026-08-06,,57.41,63,1.312,True,6.6,24,14,-56,10.55,58.66,up,-35.89,26.89,distribution,-24.4,24.24,distribution,42,-0.5
KTOS,2026-08-07,,60.77,68,1.677,True,6.4,30,24,-54,23.51,65.45,up,-30.05,32.21,distribution,-20.72,24.85,distribution,58.2,-0.5
KTOS,2026-08-10,,62.42,69,1.929,True,6.3,27,30,-52,27.59,71.95,up,-30.05,32.21,distribution,-20.72,24.85,distribution,59.4,-0.5
KTOS,2026-08-11,MIMO_SHADOW,63.73,71,2.071,True,6,23,36,-51,29.71,77.7,up,-30.05,32.21,distribution,-20.72,24.85,distribution,60.4,-0.5
KTOS,2026-08-12,MIMO_SHADOW,63.82,71,2.053,True,5.8,15,27,-51,25.99,82.48,up,-6.95,38.88,distribution,-20.72,24.85,distribution,43.6,-0.5
KTOS,2026-08-13,MIMO_SHADOW,62.79,68,1.86,True,5.8,9,26,-52,18.37,86.07,up,-6.95,38.88,distribution,-20.72,24.85,distribution,35.6,-1.5
KTOS,2026-08-14,MIMO_SHADOW,64.58,70,1.743,True,5.7,6,38,-51,16.08,89.49,up,-6.95,38.88,distribution,24.18,27.77,up,43.1,1.5
KTOS,2026-08-17,MIMO_SHADOW,63.29,67,1.48,True,5.7,1,37,-52,8.74,91.5,up,-6.03,45.78,distribution,24.18,27.77,up,36.3,0.5
KTOS,2026-08-18,MIMO_SHADOW,61.99,63,1.134,True,5.7,-3,35,-53,2.29,92.24,up,-6.03,45.78,distribution,24.18,27.77,up,28.9,0.5
KTOS,2026-08-19,MIMO_SHADOW,60.56,59,0.7441,True,5.8,-5,26,-54,2,92.11,up,-6.03,45.78,distribution,24.18,27.77,up,19.3,0.5
KTOS,2026-08-20,MIMO_SHADOW,56.18,50,0.157,True,6.5,-11,17,-57,1.75,90.26,up,-46.44,50.17,distribution,24.18,27.77,up,2.9,2.5
KTOS,2026-08-21,MIMO_SHADOW,57.17,52,-0.1807,False,6.3,-11,16,-56,6.04,88.21,up,-46.44,50.17,distribution,-58.06,30.4,distribution,-1.4,1.5
KTOS,2026-08-24,,53.07,44,-0.6686,False,6.8,-16,12,-59,5.28,84.82,up,-46.44,50.17,distribution,-58.06,30.4,distribution,-10.6,-0.5
KTOS,2026-08-25,,52.64,43,-0.9895,False,6.6,-15,6,-60,2.51,80.47,up,-56.37,52.35,distribution,-58.06,30.4,distribution,-14.2,0
KTOS,2026-08-26,,52.93,44,-1.141,False,6.4,-13,9,-60,3.62,76.9,up,-56.37,52.35,distribution,-58.06,30.4,distribution,-9.4,0
KTOS,2026-08-27,,53.69,46,-1.145,False,6.1,-4,22,-59,3.17,73.64,up,-56.37,52.35,distribution,-58.06,30.4,distribution,11.8,1.5
KTOS,2026-08-28,,52,43,-1.211,False,6.2,-9,13,-60,-5.4,70,distribution,-49.06,52.43,distribution,-91.56,31.43,distribution,-4.4,-2.5
LLY,2026-06-15,,1129.35,62,-0.1927,False,3.2,-2,12,-3,-30.79,99.02,distribution,-5.7,75.02,distribution,8.56,70.11,up,8.7,-1.5
LLY,2026-06-16,,1122.5,60,-2.361,False,3.2,-2,12,-3,-32.47,96.98,distribution,-19.82,78.83,distribution,8.56,70.11,up,8.7,-1.5
LLY,2026-06-17,,1112,57,-4.643,False,3.1,-2,13,-4,-28.41,93.68,distribution,-19.82,78.83,distribution,8.56,70.11,up,9.5,1.5
LLY,2026-06-18,,1098.57,54,-7.051,False,3.1,-5,8,-5,-24.86,90.31,distribution,-19.82,78.83,distribution,8.56,70.11,up,0.9,2
LLY,2026-06-22,,1102.08,55,-8.316,False,3.1,-3,8,-5,-18.86,87.46,distribution,-17.34,80.78,distribution,-0.07,73.65,distribution,1.8,1
LLY,2026-06-23,,1107.08,56,-8.684,False,3.1,-2,6,-5,-16.5,84.62,distribution,-17.34,80.78,distribution,-0.07,73.65,distribution,2.4,1
LLY,2026-06-24,,1117.26,58,-8.12,False,3.1,0,5,-4,-6.08,82.74,distribution,-17.34,80.78,distribution,-0.07,73.65,distribution,4,1
LLY,2026-06-25,,1127.69,60,-6.967,False,3,1,6,-3,3.24,81.38,up,-5.11,82.85,distribution,-0.07,73.65,distribution,9.5,1
LLY,2026-06-26,,1208.12,72,-1.022,False,3.2,10,12,0,2.84,82.83,up,-5.11,82.85,distribution,-0.06,78.06,distribution,25.6,-0.5
LLY,2026-06-29,,1229.93,75,3.876,True,3.1,12,9,0,19.19,86.53,up,-5.11,82.85,distribution,-0.06,78.06,distribution,27.6,0.5
LLY,2026-06-30,,1199.43,66,4.514,True,3.2,8,9,-2,16.79,88.8,up,-4.47,86.07,distribution,-0.06,78.06,distribution,22.8,-1
LLY,2026-07-01,,1191.74,65,3.894,True,3.2,7,10,-3,8.65,89.85,up,-4.47,86.07,distribution,-0.06,78.06,distribution,21.4,-1
LLY,2026-07-02,,1213.91,67,4.415,True,3.2,8,14,-1,7.68,90.7,up,-4.47,86.07,distribution,-0.06,78.06,distribution,26.8,-0.5
LLY,2026-07-06,,1200.06,64,3.314,True,3.2,-1,11,-2,-4.25,90.94,distribution,-3.76,89.24,distribution,1.1,83.25,up,11.1,-1.5
LLY,2026-07-07,,1235.56,68,4.397,True,3.2,0,10,0,-3.82,92.77,distribution,-3.76,89.24,distribution,1.1,83.25,up,12.5,-2
LLY,2026-07-08,MIMO_SHADOW,1215.83,64,3.257,True,3.2,1,7,-2,-19.75,93.03,distribution,-3.76,89.24,distribution,1.1,83.25,up,10.3,-1
LLY,2026-07-09,MIMO_SHADOW,1216.95,64,2.106,True,3.2,2,6,-2,-17.61,92.83,distribution,3.17,92.11,up,1.1,83.25,up,10.7,0
LLY,2026-07-10,MIMO_SHADOW,1188.58,57,-0.877,False,3.3,-2,4,-4,-44.36,91.64,distribution,3.17,92.11,up,-4.1,86.9,distribution,0.8,0
LLY,2026-07-13,MIMO_SHADOW,1181.87,56,-3.469,False,3.2,-2,4,-4,-39.07,89.11,distribution,3.17,92.11,up,-4.1,86.9,distribution,0.8,1
LLY,2026-07-14,MIMO_SHADOW,1152.54,50,-7.114,False,3.3,-7,-1,-7,-34.19,85.32,distribution,-22.19,93.29,distribution,-4.1,86.9,distribution,-10.2,1
LLY,2026-07-15,MIMO_SHADOW,1156.63,50,-9.081,False,3.2,-5,2,-6,-25.79,81.09,distribution,-22.19,93.29,distribution,-4.1,86.9,distribution,-5.4,2
LLY,2026-07-16,,1169.17,53,-9.331,False,3.3,-4,4,-5,-22.57,78.17,distribution,-22.19,93.29,distribution,-4.1,86.9,distribution,-2.6,1
LLY,2026-07-17,,1179.11,55,-8.638,False,3.2,-1,5,-5,-9.83,75.42,distribution,-19.41,93.28,distribution,-3.58,88.57,distribution,1.8,2
LLY,2026-07-20,MIMO_SHADOW,1146.9,48,-10.06,False,3.4,-3,3,-7,-40.73,72.23,distribution,-19.41,93.28,distribution,-3.58,88.57,distribution,-2.2,1
LLY,2026-07-21,MIMO_SHADOW,1175.41,54,-8.835,False,3.3,2,7,-5,-7.2,69.53,distribution,-19.41,93.28,distribution,-3.58,88.57,distribution,7,3
LLY,2026-07-22,MIMO_SHADOW,1163.01,51,-8.606,False,3.2,1,6,-6,-18.67,67.61,distribution,-23.09,92.82,distribution,-3.58,88.57,distribution,5,3
LLY,2026-07-23,MIMO_SHADOW,1185.87,55,-6.744,False,3.2,1,7,-4,-16.34,65.63,distribution,-23.09,92.82,distribution,-3.58,88.57,distribution,5.8,0
LLY,2026-07-24,MIMO_SHADOW,1196.03,57,-4.75,False,3.1,1,7,-3,-14.3,66.02,distribution,-23.09,92.82,distribution,0.27,90.31,up,8.3,2
LLY,2026-07-27,MIMO_SHADOW,1197.53,57,-3.32,False,3,4,6,-3,-11.05,65.85,distribution,-7.12,92.36,distribution,0.27,90.31,up,11.6,2
LLY,2026-07-28,MIMO_SHADOW,1220.66,61,-0.9311,False,2.9,4,1,-1,-9.67,67.61,distribution,-7.12,92.36,distribution,0.27,90.31,up,7.6,1
LLY,2026-07-29,MIMO_SHADOW,1210.02,59,-0.2189,False,2.9,4,-2,-2,-18.59,68.86,distribution,-7.12,92.36,distribution,0.27,90.31,up,5.2,0
LLY,2026-07-30,MIMO_SHADOW,1154.97,47,-3.429,False,3.2,-3,-4,-7,-16.26,66.07,distribution,-6.23,91.74,distribution,0.27,90.31,up,-6.3,2
LLY,2026-07-31,MIMO_SHADOW,1148.84,46,-5.799,False,3.2,-4,-4,-7,-20.13,61.23,distribution,-6.23,91.74,distribution,0.24,91.49,up,-7.5,2
LLY,2026-08-03,MIMO_SHADOW,1121.36,41,-8.868,False,3.3,-6,-8,-9,-17.18,56.48,distribution,-6.23,91.74,distribution,0.24,91.49,up,-13.1,1
LLY,2026-08-04,MIMO_SHADOW,1115.68,40,-10.8,False,3.3,-9,-7,-10,-14.72,51.39,distribution,-5.45,89.48,distribution,0.24,91.49,up,-15.9,1
LLY,2026-08-05,,1169.86,51,-8.079,False,3.5,-3,-5,-5,-12.65,51.33,distribution,-5.45,89.48,distribution,0.24,91.49,up,-7.1,2
LLY,2026-08-06,,1191.94,55,-4.61,False,3.6,3,-2,-4,8.99,53.26,up,-5.45,89.48,distribution,0.24,91.49,up,5.5,5
LLY,2026-08-07,,1185.71,54,-2.652,False,3.6,3,-3,-4,2.21,54.3,up,-4.77,88.47,distribution,0.21,92.26,up,4.7,5
LLY,2026-08-10,,1231.94,61,1.612,True,3.5,10,4,0,1.93,57.16,up,-4.77,88.47,distribution,0.21,92.26,up,21.7,2.5
LLY,2026-08-11,HIGH_CONVICTION,1215.02,57,3.062,True,3.4,9,3,-2,-13.1,61.12,distribution,-4.77,88.47,distribution,0.21,92.26,up,16.7,1.5
LLY,2026-08-12,HIGH_CONVICTION,1220.28,58,4.082,True,3.4,4,6,-1,-6.8,63.52,distribution,9.05,88.02,up,0.21,92.26,up,13.1,2
LLY,2026-08-13,HIGH_CONVICTION,1209,56,3.714,True,3.4,1,5,-2,-15.37,66.52,distribution,9.05,88.02,up,0.21,92.26,up,8.7,3
LLY,2026-08-14,HIGH_CONVICTION,1180.16,50,1.366,True,3.4,0,1,-4,-13.2,66.31,distribution,9.05,88.02,up,-0.95,93.29,distribution,1.8,2
LLY,2026-08-17,HIGH_CONVICTION,1183.16,51,-0.07156,False,3.4,-4,0,-4,-8.88,65.22,distribution,-6.51,87.79,distribution,-0.95,93.29,distribution,-5.8,-1
LLY,2026-08-18,HIGH_CONVICTION,1225.73,58,1.663,True,3.3,1,7,-1,-7.68,66.6,distribution,-6.51,87.79,distribution,-0.95,93.29,distribution,8.8,1
LLY,2026-08-19,HIGH_CONVICTION,1280.34,65,6.059,True,3.3,5,9,0,-6.66,71.23,distribution,-6.51,87.79,distribution,-0.95,93.29,distribution,15.2,-3
LLY,2026-08-20,HIGH_CONVICTION,1244.4,58,6.101,True,3.4,3,7,-3,-31.67,74.73,distribution,-5.88,88.7,distribution,-0.95,93.29,distribution,11.2,0
LLY,2026-08-21,HIGH_CONVICTION,1255.4,59,6.393,True,3.3,6,6,-2,-19.18,76.74,distribution,-5.88,88.7,distribution,-0.83,94.59,distribution,14,-1
LLY,2026-08-24,HIGH_CONVICTION,1246.93,58,5.569,True,3.3,5,4,-3,-22.05,78.59,distribution,-5.88,88.7,distribution,-0.83,94.59,distribution,11.2,0
LLY,2026-08-25,HIGH_CONVICTION,1233.66,55,3.769,True,3.3,1,3,-4,-18.78,78.96,distribution,-9.6,89.56,distribution,-0.83,94.59,distribution,4.6,1
LLY,2026-08-26,HIGH_CONVICTION,1189.41,48,-0.5322,False,3.5,-7,-3,-7,-16.05,76.61,distribution,-9.6,89.56,distribution,-0.83,94.59,distribution,-11.8,1
LLY,2026-08-27,HIGH_CONVICTION,1176.1,46,-4.201,False,3.4,-5,-3,-8,-22.39,72.66,distribution,-9.6,89.56,distribution,-0.83,94.59,distribution,-9.4,2
LLY,2026-08-28,HIGH_CONVICTION,1174.61,45,-6.517,False,3.3,-6,2,-8,-19.98,68.09,distribution,-8.49,88.14,distribution,-16.26,95.03,distribution,-6.6,2
LOMA,2026-05-19,,10.42,44,-0.06128,False,4.9,-2,-11,-24,-55.73,37.6,distribution,-6.88,47.84,distribution,1.92,52.74,up,-11.7,0
LOMA,2026-05-20,,10.8,49,-0.03937,False,4.7,3,-6,-22,-20.74,37.15,distribution,-2.96,47.84,distribution,1.92,52.74,up,-1.7,3
LOMA,2026-05-21,,11.29,54,0.008446,True,4.7,5,-2,-18,-17.84,39.7,distribution,-2.96,47.84,distribution,1.92,52.74,up,5.9,2
LOMA,2026-05-22,,10.95,50,0.017,True,4.7,5,-2,-21,-37.12,43,distribution,-2.96,47.84,distribution,1.68,51.97,up,5.9,2
LOMA,2026-05-26,,11.53,56,0.05917,True,4.6,6,4,-16,5.62,47.26,up,-2.63,49.88,distribution,1.68,51.97,up,15.9,6
LOMA,2026-05-27,,11.86,59,0.1041,True,4.5,14,10,-14,4.92,53.44,up,-2.63,49.88,distribution,1.68,51.97,up,30.3,4.5
LOMA,2026-05-28,,11.73,58,0.1188,True,4.5,9,6,-11,-4,59.78,distribution,-2.63,49.88,distribution,1.68,51.97,up,18.1,2.5
LOMA,2026-05-29,,12,60,0.1391,True,4.3,6,10,-9,-3.5,65.67,distribution,-2.33,54.95,distribution,28.76,53.89,up,18.7,1
LOMA,2026-06-01,,12.26,63,0.1608,True,4.3,12,11,-7,-3.06,71.95,distribution,-2.33,54.95,distribution,28.76,53.89,up,26.7,0.5
LOMA,2026-06-02,,11.53,53,0.1188,True,4.7,0,9,-12,-44.29,74.94,distribution,-2.33,54.95,distribution,28.76,53.89,up,8.7,2
LOMA,2026-06-03,,11.3,51,0.07064,True,4.7,-5,8,-14,-36.72,75.66,distribution,-2.07,58.94,distribution,28.76,53.89,up,1.9,2
LOMA,2026-06-04,,11.38,51,0.04079,True,4.7,-3,1,-13,-30.72,76.19,distribution,-2.07,58.94,distribution,28.76,53.89,up,-1.3,2
LOMA,2026-06-05,,11.14,49,0.00345,True,4.8,-7,-5,-15,-37.38,75.62,distribution,-2.07,58.94,distribution,25.16,55.95,up,-10.9,2
LOMA,2026-06-08,,10.99,47,-0.03088,False,4.7,-10,-1,-16,-31.25,73.96,distribution,-4.16,59.94,distribution,25.16,55.95,up,-13.3,2
LOMA,2026-06-09,,11.73,55,-0.004652,False,4.5,2,6,-11,-26.31,74.41,distribution,-4.16,59.94,distribution,25.16,55.95,up,6.7,4
LOMA,2026-06-10,,11.36,51,-0.01268,False,4.7,1,4,-13,-37.02,74.84,distribution,-4.16,59.94,distribution,25.16,55.95,up,3.9,4
LOMA,2026-06-11,,12.59,62,0.06039,True,4.7,11,19,-4,-30.96,77.48,distribution,-3.63,62.7,distribution,25.16,55.95,up,31.9,-1.5
LOMA,2026-06-12,,12.55,61,0.09927,True,4.5,13,20,-4,-27.39,82.1,distribution,-3.63,62.7,distribution,61.5,58.99,up,35.1,-0.5
LOMA,2026-06-15,CONFIRMED_FLOW_LEADERS,12.26,58,0.0985,True,4.6,12,14,-7,-32.29,85.17,distribution,-3.63,62.7,distribution,61.5,58.99,up,29.1,2.5
LOMA,2026-06-16,CONFIRMED_FLOW_LEADERS,12.06,56,0.07844,True,4.7,3,16,-8,-33.11,86.42,distribution,-6.61,66.45,distribution,61.5,58.99,up,19.9,2.5
LOMA,2026-06-17,CONFIRMED_FLOW_LEADERS,11.85,53,0.04652,True,4.8,4,9,-10,-27.82,86.15,distribution,-6.61,66.45,distribution,61.5,58.99,up,14.5,2
LOMA,2026-06-18,CONFIRMED_FLOW_LEADERS,12.09,55,0.03746,True,4.7,-4,16,-8,-23.53,85.71,distribution,-6.61,66.45,distribution,61.5,58.99,up,10.5,3.5
LOMA,2026-06-22,CONFIRMED_FLOW_LEADERS,11.91,53,0.0163,True,4.7,-5,10,-9,-24.83,83.88,distribution,-5.75,68.57,distribution,40.93,63.04,up,4.5,2
LOMA,2026-06-23,CONFIRMED_FLOW_LEADERS,12.2,56,0.01864,True,4.6,0,8,-7,-21.07,82.79,distribution,-5.75,68.57,distribution,40.93,63.04,up,9.9,4
LOMA,2026-06-24,CONFIRMED_FLOW_LEADERS,11.44,48,-0.03148,False,5.2,-5,4,-13,-17.97,79.88,distribution,-5.75,68.57,distribution,40.93,63.04,up,-3.3,2
LOMA,2026-06-25,CONFIRMED_FLOW_LEADERS,11.64,50,-0.05051,False,5,-2,1,-11,-10.13,75.74,distribution,-5.07,69.16,distribution,40.93,63.04,up,-2.1,3
LOMA,2026-06-26,,11.56,49,-0.06681,False,5,-4,-3,-12,-10.84,72.4,distribution,-5.07,69.16,distribution,34.37,65.19,up,-7.7,2
LOMA,2026-06-29,,11.55,49,-0.07592,False,4.9,-3,-2,-12,-9.36,68.91,distribution,-5.07,69.16,distribution,34.37,65.19,up,-5.7,3
LOMA,2026-06-30,,11.45,48,-0.08563,False,4.8,-6,-5,-13,-10.63,64.99,distribution,-5.77,68.9,distribution,34.37,65.19,up,-11.7,3
LOMA,2026-07-01,,11.32,46,-0.09691,False,4.8,-1,-8,-14,-9.18,60.46,distribution,-5.77,68.9,distribution,34.37,65.19,up,-8.1,2
LOMA,2026-07-02,,11.76,52,-0.072,False,4.7,1,2,-10,-7.94,58.47,distribution,-5.77,68.9,distribution,34.37,65.19,up,3.3,5
LOMA,2026-07-06,,11.8,52,-0.05106,False,4.7,2,4,-10,-6.88,57.84,distribution,-5.09,68.82,distribution,33.96,66.23,up,6.1,4
LOMA,2026-07-07,,11.32,46,-0.06679,False,5,-2,-1,-14,-5.97,55.76,distribution,-5.09,68.82,distribution,33.96,66.23,up,-3.7,2
LOMA,2026-07-08,,11.1,44,-0.08793,False,5,-3,0,-15,-10.53,51.64,distribution,-5.09,68.82,distribution,33.96,66.23,up,-4.1,1
LOMA,2026-07-09,,10.95,42,-0.1067,False,4.9,-3,0,-17,-12.66,47.44,distribution,-4.55,67.23,distribution,33.96,66.23,up,-4.1,1
LOMA,2026-07-10,,11.52,50,-0.07676,False,4.7,-2,-2,-12,2.63,45.02,up,-4.55,67.23,distribution,28.51,66.83,up,-1.5,6
LOMA,2026-07-13,,11.15,45,-0.07772,False,4.8,-6,-2,-15,2.31,42.86,up,-4.55,67.23,distribution,28.51,66.83,up,-6.3,5
LOMA,2026-07-14,,11.37,48,-0.06015,False,4.7,0,-10,-13,2.02,41.39,up,-0.91,65.52,distribution,28.51,66.83,up,-5.5,6
LOMA,2026-07-15,,11.62,52,-0.02984,False,4.5,5,-7,-11,7.86,41.85,up,-0.91,65.52,distribution,28.51,66.83,up,2.9,7
LOMA,2026-07-16,,11.34,48,-0.02689,False,4.5,4,-8,-14,6.87,42.09,up,-0.91,65.52,distribution,28.51,66.83,up,0.9,6
LOMA,2026-07-17,,11.25,47,-0.02905,False,4.4,-2,-7,-14,3.77,40.88,up,-1.73,64.62,distribution,17.43,66.02,up,-5.5,6
LOMA,2026-07-20,,11.39,49,-0.01956,False,4.3,2,-4,-13,3.3,40.66,up,-1.73,64.62,distribution,17.43,66.02,up,1.7,8
LOMA,2026-07-21,,11.52,51,-0.003855,False,4.1,1,-5,-12,6.09,42.27,up,-1.73,64.62,distribution,17.43,66.02,up,-0.3,8
LOMA,2026-07-22,,12.19,59,0.04939,True,4.1,5,2,-7,5.33,47.07,up,-1.54,65.35,distribution,17.43,66.02,up,14.1,4
LOMA,2026-07-23,,11.92,55,0.06327,True,4.3,5,-2,-9,-1.63,51.93,distribution,-1.54,65.35,distribution,17.43,66.02,up,6.9,3
LOMA,2026-07-24,,11.4,48,0.03565,True,4.6,1,0,-13,-13.55,53.44,distribution,-1.54,65.35,distribution,14.92,66,up,2.7,4
LOMA,2026-07-27,,11.62,51,0.03061,True,4.4,2,0,-11,-6.73,54.24,distribution,-5.46,66.21,distribution,14.92,66,up,3.9,5
LOMA,2026-07-28,,11.44,49,0.0144,True,4.4,-1,-1,-13,-5.88,54.04,distribution,-5.46,66.21,distribution,14.92,66,up,-0.5,2
LOMA,2026-07-29,,11.5,50,0.007309,True,4.3,-6,0,-12,-3.73,54.49,distribution,-5.46,66.21,distribution,14.92,66,up,-5.7,3
LOMA,2026-07-30,,11.85,54,0.0248,True,4.2,-1,3,-10,-3.26,57.2,distribution,-4.81,65.59,distribution,14.92,66,up,3.7,3
LOMA,2026-07-31,,11.48,49,0.01078,True,4.3,1,1,-13,-11.26,59.35,distribution,-4.81,65.59,distribution,14.72,66.12,up,3.5,4
LOMA,2026-08-03,,11.41,48,-0.003136,False,4.3,-2,-3,-13,-11.26,58.99,distribution,-4.81,65.59,distribution,14.72,66.12,up,-5.3,2
LOMA,2026-08-04,,11.03,43,-0.03604,False,4.7,-4,-7,-16,-9.72,57.1,distribution,-10.2,64.43,distribution,14.72,66.12,up,-10.9,0
MAI.L,2026-07-20,,72.5,0,-0.8794,False,5.1,-9,-22,-64,-23.9,-4.12,down,-0.19,8.41,down,-1.91,25.95,down,-32.9,-6
MAI.L,2026-07-21,,72.5,0,-0.7538,False,4.7,-6,-22,-64,-20.44,-4.75,down,-0.17,5.91,down,-1.91,25.95,down,-29.3,-5
MAI.L,2026-07-22,,72.5,0,-0.5934,False,4.6,0,-22,-64,-17.54,-4.49,down,-0.17,5.91,down,-1.91,25.95,down,-22.1,-4
MAI.L,2026-07-23,,72.5,0,-0.4183,False,4.5,0,-22,-64,-15.09,-4.25,down,-0.17,5.91,down,-1.91,25.95,down,-22.1,-4
MAI.L,2026-07-24,,72.5,0,-0.2422,False,4.4,0,-15,-64,-13.02,-3.6,down,-0.15,3.94,down,-1.67,23.01,down,-16.5,-4
MAI.L,2026-07-27,,72.5,0,-0.0741,False,4.4,0,-15,-63,-11.25,-3.15,down,-0.15,3.94,down,-1.67,23.01,down,-16.5,-5
MAI.L,2026-07-28,,72.5,0,0.08031,True,4.2,0,-15,-63,-9.74,-2.35,down,-0.15,3.94,down,-1.67,23.01,down,-14.5,-4
MAI.L,2026-07-29,,72.5,0,0.2179,True,3.9,0,-15,-63,-8.44,-1.85,down,-0.13,2.27,down,-1.67,23.01,down,-14.5,-4
MAI.L,2026-07-30,,72.5,0,0.3371,True,3.6,0,-15,-62,-7.33,-1.31,down,-0.13,2.27,down,-1.67,23.01,down,-14.5,-4
MAI.L,2026-07-31,,72.5,0,0.438,True,3.4,0,-15,-62,-6.37,-0.72,distribution,-0.13,2.27,down,-1.46,21.28,down,-13.5,-4
MAI.L,2026-08-03,,72.5,0,0.5209,True,3.4,0,-15,-62,-5.54,1.49,distribution,-0.11,0.92,down,-1.46,21.28,down,-13.5,-5
MAI.L,2026-08-04,,72.5,0,0.5871,True,3.1,0,-15,-62,-4.82,4.58,distribution,-0.11,0.92,down,-1.46,21.28,down,-13.5,-4
MAI.L,2026-08-05,,72.5,0,0.638,True,3,0,-15,-62,-4.2,10.62,distribution,-0.11,0.92,down,-1.46,21.28,down,-13,-4
MAI.L,2026-08-06,,72.5,0,0.6752,True,2.8,0,-15,-62,-3.66,15.98,distribution,-0.1,-0.16,down,-1.46,21.28,down,-13,-4
MAI.L,2026-08-07,,65,0,0.2217,True,3.7,-10,-24,-65,-3.19,15.66,down,-0.1,-0.16,down,-1.28,19.19,down,-33.7,-7
MAI.L,2026-08-10,,65.5,4,-0.005538,False,3.7,-10,-21,-65,-2.78,13.57,down,-0.1,-0.16,down,-1.28,19.19,down,-33.3,-6
MAI.L,2026-08-11,,64,4,-0.2067,False,3.8,-12,-20,-65,-2.43,11.18,down,-0.09,-1.49,down,-1.28,19.19,down,-34.9,-6
MAI.L,2026-08-12,,67.5,27,-0.06143,False,3.4,-7,-13,-64,57.19,9.2,accumulation,-0.09,-1.49,down,-1.28,19.19,down,-20.3,1
MAI.L,2026-08-13,MIRROR_ESPEJO,68.5,32,0.134,True,3.4,-6,-6,-63,50.07,10.63,up,-0.09,-1.49,down,-1.28,19.19,down,-10.5,-2
MAI.L,2026-08-14,MIRROR_ESPEJO,68.5,32,0.2865,True,3.3,5,-6,-63,43.83,12.81,up,-0.03,-1.91,down,-1.11,16.2,down,2.7,-1
MAI.L,2026-08-17,MIRROR_ESPEJO,68.5,32,0.4034,True,3.2,5,-6,-63,39.73,14.78,up,-0.03,-1.91,down,-1.11,16.2,down,2.7,-1
MAI.L,2026-08-18,MIRROR_ESPEJO,68.5,32,0.491,True,3.1,7,-6,-63,35.9,16.78,up,-0.03,-1.91,down,-1.11,16.2,down,5.1,-2
MAI.L,2026-08-19,MIRROR_ESPEJO,68.5,32,0.5544,True,2.9,1,-6,-63,32.33,18.04,up,-0.02,-1.48,down,-1.11,16.2,down,-1.6,-1
MAI.L,2026-08-20,MIRROR_ESPEJO,68.5,32,0.5982,True,2.7,0,-6,-63,29.03,19.21,up,-0.02,-1.48,down,-1.11,16.2,down,-2.8,-1
MAI.L,2026-08-21,MIRROR_ESPEJO,68.5,32,0.626,True,2.7,0,-6,-63,26,19.1,up,-0.02,-1.48,down,-0.97,14.35,down,-2.8,-2
MAI.L,2026-08-24,MIRROR_ESPEJO,68.5,32,0.6409,True,2.8,0,-6,-63,23.23,19.88,up,-0.02,-1.2,down,-0.97,14.35,down,-2.8,-2
MAI.L,2026-08-25,MIRROR_ESPEJO,68.5,32,0.6454,True,2.8,0,-6,-63,20.71,20.27,up,-0.02,-1.2,down,-0.97,14.35,down,-2.8,-2
MAI.L,2026-08-26,MIRROR_ESPEJO,68.5,32,0.6417,True,2.6,0,-6,-63,18.42,21.03,up,-0.02,-1.2,down,-0.97,14.35,down,-2.8,-1
MAI.L,2026-08-27,MIRROR_ESPEJO,68.5,32,0.6317,True,2.4,0,-6,-63,16.36,22.02,up,-0.02,-0.98,down,-0.97,14.35,down,-2.8,-1
MLX.AX,2026-04-28,,1.405,52,-0.008496,False,5.7,-1,13,-8,7.95,75.68,up,7.83,84.32,up,50.61,98.81,up,12.7,6.5
MLX.AX,2026-04-29,,1.415,53,-0.008735,False,5.6,-3,11,-8,9.29,73.96,up,7.83,84.32,up,50.61,98.81,up,8.7,7.5
MLX.AX,2026-04-30,,1.385,50,-0.01067,False,5.8,-2,8,-10,1.35,72.26,up,7.83,84.32,up,50.61,98.81,up,7.5,6
MLX.AX,2026-05-01,,1.345,46,-0.01417,False,6.1,-3,6,-12,-8.21,70.39,distribution,-8.76,82.43,distribution,24.95,96.72,up,-0.3,2
MLX.AX,2026-05-04,,1.42,53,-0.01111,False,5.9,1,6,-7,-7.38,68.02,distribution,-8.76,82.43,distribution,24.95,96.72,up,6.5,4
MLX.AX,2026-05-05,,1.4,51,-0.01012,False,5.9,0,8,-9,-6.6,66.53,distribution,-8.76,82.43,distribution,24.95,96.72,up,6.9,3
MLX.AX,2026-05-06,,1.47,57,-0.004731,False,5.8,4,11,-4,-5.91,66.82,distribution,-7.67,81.46,distribution,24.95,96.72,up,15.1,1.5
MLX.AX,2026-05-07,,1.535,62,0.002837,True,5.5,11,5,0,-5.28,70.19,distribution,-7.67,81.46,distribution,24.95,96.72,up,20.7,-0.5
MLX.AX,2026-05-08,,1.59,66,0.01073,True,5.3,18,10,0,-4.67,74.85,distribution,-7.67,81.46,distribution,21.83,95.56,up,34.1,-0.5
MLX.AX,2026-05-11,,1.605,66,0.01583,True,5.2,13,9,0,-0.78,81.13,distribution,-6.71,83.75,distribution,21.83,95.56,up,27.3,-0.5
MLX.AX,2026-05-12,,1.67,70,0.02206,True,5.2,19,19,0,-0.69,87.45,distribution,-6.71,83.75,distribution,21.83,95.56,up,42.5,-1.5
MLX.AX,2026-05-13,,1.715,72,0.02736,True,5.2,17,18,0,9.19,92.69,up,-6.71,83.75,distribution,21.83,95.56,up,42.3,1.5
MLX.AX,2026-05-14,,1.66,66,0.02535,True,5.3,8,11,-3,-3.96,95.76,distribution,6.12,87,up,21.83,95.56,up,22.9,-0.5
MLX.AX,2026-05-15,,1.54,54,0.01465,True,5.9,-3,5,-10,-3.49,95.61,distribution,6.12,87,up,-1.34,96.32,distribution,1.4,2
MLX.AX,2026-05-18,,1.54,54,0.006703,True,5.7,-4,3,-10,-3.12,93.08,distribution,6.12,87,up,-1.34,96.32,distribution,-1.4,3
MLX.AX,2026-05-19,,1.575,57,0.003106,True,5.5,-6,6,-8,5.84,92.25,up,-13.18,87.92,distribution,-1.34,96.32,distribution,2.6,4
MLX.AX,2026-05-20,,1.595,58,0.001462,True,5.3,-7,12,-7,10.13,91.55,up,-13.18,87.92,distribution,-1.34,96.32,distribution,6.2,4.5
MLX.AX,2026-05-21,,1.615,60,0.001126,True,5.3,-3,10,-6,8.95,92.53,up,-13.18,87.92,distribution,-1.34,96.32,distribution,9.4,1
MLX.AX,2026-05-22,,1.765,69,0.00992,True,5.1,15,25,0,7.89,94.56,up,-11.53,91.01,distribution,-1.17,97.19,distribution,44,0.5
MLX.AX,2026-05-25,EARLY_ROTATION,1.735,65,0.01247,True,5,13,25,-2,0.06,97.12,up,-11.53,91.01,distribution,-1.17,97.19,distribution,40.6,0.5
MLX.AX,2026-05-26,EARLY_ROTATION,1.69,61,0.009978,True,5,7,20,-4,-10.35,98.06,distribution,-11.53,91.01,distribution,-1.17,97.19,distribution,26.4,-2.5
MLX.AX,2026-05-27,EARLY_ROTATION,1.565,51,-0.0006639,False,5.9,-2,11,-11,-9.09,96.63,distribution,-49,92.79,distribution,-1.17,97.19,distribution,4.4,1.5
MLX.AX,2026-05-28,EARLY_ROTATION,1.525,48,-0.01043,False,6,-6,8,-14,-18.14,92.77,distribution,-49,92.79,distribution,-1.17,97.19,distribution,-2.8,1
MLX.AX,2026-05-29,EARLY_ROTATION,1.58,52,-0.01306,False,5.8,-10,14,-10,-16.01,90.56,distribution,-49,92.79,distribution,-1.02,97.24,distribution,-1.8,2.5
MLX.AX,2026-06-01,EARLY_ROTATION,1.575,51,-0.01486,False,5.6,-9,17,-11,-15.46,88.22,distribution,-42.88,91.43,distribution,-1.02,97.24,distribution,0.8,2.5
MLX.AX,2026-06-02,EARLY_ROTATION,1.65,57,-0.01092,False,5.4,-2,16,-7,5.21,86.82,up,-42.88,91.43,distribution,-1.02,97.24,distribution,13.4,4.5
MLX.AX,2026-06-03,EARLY_ROTATION,1.63,55,-0.009624,False,5.4,4,16,-8,4.56,86.87,up,-42.88,91.43,distribution,-1.02,97.24,distribution,19.6,3.5
MLX.AX,2026-06-04,EARLY_ROTATION,1.555,49,-0.01354,False,5.7,2,6,-12,3.99,84.37,up,-41.38,90.63,distribution,-1.02,97.24,distribution,8.2,4
MLX.AX,2026-06-05,EARLY_ROTATION,1.525,47,-0.01761,False,5.7,-3,-1,-14,-4.48,80.89,distribution,-41.38,90.63,distribution,-22.81,95.71,distribution,-6.4,1
MLX.AX,2026-06-09,EARLY_ROTATION,1.515,46,-0.02026,False,5.8,-4,-5,-14,-3.92,76.03,distribution,-41.38,90.63,distribution,-22.81,95.71,distribution,-10.8,1
MLX.AX,2026-06-10,EARLY_ROTATION,1.48,44,-0.02342,False,5.9,-10,-8,-16,-12.78,71.67,distribution,-50.71,87.92,distribution,-22.81,95.71,distribution,-20.4,-1
MLX.AX,2026-06-11,,1.46,42,-0.02572,False,5.9,-10,-13,-17,-11.18,66.33,distribution,-50.71,87.92,distribution,-22.81,95.71,distribution,-24.4,-2
MLX.AX,2026-06-12,,1.505,47,-0.02316,False,5.8,-3,-12,-15,2.41,63.45,up,-50.71,87.92,distribution,-27.93,92.88,distribution,-12.2,4
MLX.AX,2026-06-15,,1.485,45,-0.02178,False,5.8,-3,-11,-16,2.11,60.76,up,-44.37,84.62,distribution,-27.93,92.88,distribution,-11.4,2
MLX.AX,2026-06-16,,1.425,40,-0.02372,False,6.1,-6,-7,-19,-14.63,57,distribution,-44.37,84.62,distribution,-27.93,92.88,distribution,-15.8,-1
MLX.AX,2026-06-17,,1.49,47,-0.01961,False,5.9,1,-3,-16,5.19,53.99,up,-44.37,84.62,distribution,-27.93,92.88,distribution,-0.2,5
MLX.AX,2026-06-18,,1.45,44,-0.01857,False,5.9,-1,-8,-18,-7.01,51.75,distribution,-45.57,81.03,distribution,-27.93,92.88,distribution,-9.6,-1
MLX.AX,2026-06-19,,1.44,43,-0.01756,False,5.8,-4,-10,-18,-6.34,47.47,distribution,-45.57,81.03,distribution,-24.44,90.18,distribution,-14.8,0
MLX.AX,2026-06-22,,1.425,42,-0.01689,False,5.7,-4,-12,-19,-10.39,43.52,distribution,-45.57,81.03,distribution,-24.44,90.18,distribution,-16.4,0
MLX.AX,2026-06-23,,1.375,38,-0.01868,False,5.7,-4,-22,-22,-25.31,39.31,down,-54.32,77,distribution,-24.44,90.18,distribution,-25.4,-2
MLX.AX,2026-06-24,,1.4,41,-0.01707,False,5.6,-6,-19,-21,-23.25,35.2,distribution,-54.32,77,distribution,-24.44,90.18,distribution,-24.4,-1
MLX.AX,2026-06-25,,1.355,38,-0.01786,False,5.8,-7,-20,-23,-21.15,31.91,down,-54.32,77,distribution,-24.44,90.18,distribution,-27.4,-3
MLX.AX,2026-06-26,,1.315,35,-0.01974,False,5.9,-9,-16,-25,-33.88,28.69,down,-59.09,72.15,distribution,-73.44,86.12,distribution,-26.6,-3
MLX.AX,2026-06-29,,1.335,37,-0.01834,False,5.7,-6,-12,-24,-30.61,26.95,distribution,-59.09,72.15,distribution,-73.44,86.12,distribution,-18.8,-2
MLX.AX,2026-06-30,,1.32,36,-0.01714,False,5.7,-4,-16,-25,-27.58,24.38,down,-59.09,72.15,distribution,-73.44,86.12,distribution,-20.6,-2
MLX.AX,2026-07-01,,1.3,35,-0.01641,False,5.7,-7,-17,-26,-34.16,22.8,distribution,-51.71,67.28,distribution,-73.44,86.12,distribution,-25,-4
MLX.AX,2026-07-02,,1.3,35,-0.01471,False,5.5,-4,-21,-26,-32.71,20.69,down,-51.71,67.28,distribution,-73.44,86.12,distribution,-25.6,-2
MLX.AX,2026-07-03,,1.33,39,-0.01053,False,5.3,1,-18,-25,-16.29,20.08,distribution,-51.71,67.28,distribution,-64.26,81.4,distribution,-15.2,-1
MLX.AX,2026-07-06,,1.355,42,-0.005317,False,5.1,1,-13,-23,-15.47,20.98,distribution,-34.52,62.57,distribution,-64.26,81.4,distribution,-11.2,0
MLX.AX,2026-07-07,,1.33,40,-0.002905,False,5.1,1,-13,-25,-28.94,21.33,distribution,-34.52,62.57,distribution,-64.26,81.4,distribution,-11.2,-1
MLX.AX,2026-07-08,,1.325,40,-0.001094,False,5,2,-13,-25,-24.8,21.38,distribution,-34.52,62.57,distribution,-64.26,81.4,distribution,-10,0
MLX.AX,2026-07-09,,1.3,37,-0.001028,False,5,0,-12,-26,-34.03,21.25,distribution,-30.21,57.74,distribution,-64.26,81.4,distribution,-12.6,-3
MLX.AX,2026-07-10,,1.4,50,0.00592,True,4.9,5,-4,-21,-28.56,23.83,distribution,-30.21,57.74,distribution,-27.4,77.35,distribution,2.8,2
MLX.AX,2026-07-13,,1.445,55,0.01329,True,4.7,7,-4,-18,-24.13,28.56,distribution,-30.21,57.74,distribution,-27.4,77.35,distribution,5.2,1
MLX.AX,2026-07-14,,1.48,58,0.01988,True,4.7,11,0,-16,-5.46,34.5,distribution,-26.43,55.29,distribution,-27.4,77.35,distribution,14.2,0.5
MLX.AX,2026-07-15,,1.4,49,0.01824,True,5.2,6,-2,-21,-38,39.92,distribution,-26.43,55.29,distribution,-27.4,77.35,distribution,5.6,1
MLX.AX,2026-07-16,,1.44,53,0.01915,True,5,11,-3,-18,-31.74,43.88,distribution,-26.43,55.29,distribution,-27.4,77.35,distribution,10.8,1.5
MLX.AX,2026-07-17,,1.37,47,0.01455,True,5.4,-2,-6,-22,-50.97,45.4,distribution,-42.76,53.28,distribution,-23.98,74.73,distribution,-7.2,0
MLX.AX,2026-07-20,,1.41,50,0.01372,True,5.2,-2,-2,-20,-28.94,47.52,distribution,-42.76,53.28,distribution,-23.98,74.73,distribution,-4,1
MRK,2026-06-29,,129.38,70,1.223,True,2.5,12,8,0,29.45,72.72,up,45.9,64.92,up,39.08,77.91,up,28.8,2.5
MRK,2026-06-30,,128.5,68,1.271,True,2.6,7,8,-1,25.77,76.83,up,40.16,70.75,up,39.08,77.91,up,22.8,2
MRK,2026-07-01,,125.37,60,1.022,True,2.7,4,9,-3,-3.72,78.93,distribution,40.16,70.75,up,39.08,77.91,up,16,-1
MRK,2026-07-02,,129.56,66,1.064,True,2.6,3,12,0,31.91,80.93,up,40.16,70.75,up,39.08,77.91,up,21.2,3.5
MRK,2026-07-06,,126.78,60,0.8385,True,2.7,-1,11,-2,27.92,82.47,up,25.98,74.98,up,38.03,80.91,up,14.6,2.5
MRK,2026-07-07,,128.86,63,0.7662,True,2.7,0,7,-1,23.87,84.46,up,25.98,74.98,up,38.03,80.91,up,12.6,3
MRK,2026-07-08,,125.99,57,0.4758,True,2.7,-2,4,-3,-2.77,85.2,distribution,25.98,74.98,up,38.03,80.91,up,4.8,1
MRK,2026-07-09,,125.07,55,0.1874,True,2.8,0,5,-3,-10.01,84.68,distribution,13.63,77.85,up,38.03,80.91,up,7,3
MRK,2026-07-10,,123.54,52,-0.1242,False,2.8,-5,3,-5,-8.76,83.67,distribution,13.63,77.85,up,33.28,82.4,up,-2.6,3
MRK,2026-07-13,,124.03,53,-0.3046,False,2.7,-2,4,-4,-3.57,82.01,distribution,13.63,77.85,up,33.28,82.4,up,1.8,2
MRK,2026-07-14,,120.78,47,-0.6314,False,2.8,-6,0,-7,-3.13,79.14,distribution,-10.92,78.28,distribution,33.28,82.4,up,-6.2,2
MRK,2026-07-15,,123.61,52,-0.6434,False,2.8,-2,4,-5,21.51,77.46,up,-10.92,78.28,distribution,33.28,82.4,up,4.8,5
MRK,2026-07-16,,127.63,58,-0.3799,False,2.8,2,11,-1,18.51,77.06,up,-10.92,78.28,distribution,33.28,82.4,up,16.2,3.5
MRK,2026-07-17,,127.5,58,-0.2217,False,2.9,3,11,-2,15.83,77.71,up,-9.56,80.18,distribution,29.12,83.37,up,17.4,3.5
MRK,2026-07-20,,124.4,52,-0.3268,False,2.9,0,8,-4,-10.9,76.51,distribution,-9.56,80.18,distribution,29.12,83.37,up,7.4,1
MRK,2026-07-21,,126.26,55,-0.274,False,2.8,5,11,-3,5.31,75.55,up,-9.56,80.18,distribution,29.12,83.37,up,18.8,4.5
MRK,2026-07-22,,127.47,57,-0.166,False,2.8,3,10,-2,4.65,75.91,up,-8.52,81.42,distribution,29.12,83.37,up,16.6,3
MRK,2026-07-23,,130.48,61,0.08628,True,2.7,2,9,0,4.05,76.96,up,-8.52,81.42,distribution,29.12,83.37,up,16.6,2
MRK,2026-07-24,MIMO_SHADOW,131.07,62,0.2611,True,2.6,3,9,0,7.99,79.2,up,-8.52,81.42,distribution,40.96,85.5,up,17.8,2
MRK,2026-07-27,MIMO_SHADOW,130.76,61,0.3201,True,2.5,5,4,0,6.92,81.26,up,9.15,83.29,up,40.96,85.5,up,16.2,4
MRK,2026-07-28,MIMO_SHADOW,131.82,63,0.3902,True,2.5,4,2,0,6,84.45,up,9.15,83.29,up,40.96,85.5,up,13.4,4
MRK,2026-07-29,MIMO_SHADOW,130.36,59,0.3019,True,2.5,2,1,-1,-5.58,86.08,distribution,9.15,83.29,up,40.96,85.5,up,7.2,1
MRK,2026-07-30,MIMO_SHADOW,129.79,58,0.175,True,2.5,-1,1,-2,-4.89,85.51,distribution,8,85.11,up,40.96,85.5,up,3.6,1
MRK,2026-07-31,MIMO_SHADOW,130.2,59,0.09268,True,2.5,-1,4,-1,-1.23,85.58,distribution,8,85.11,up,35.84,88.12,up,6,-1
MRK,2026-08-03,MIMO_SHADOW|CAVA_MACRO,127.77,53,-0.1388,False,2.6,-2,-1,-3,-1.08,84.93,distribution,8,85.11,up,35.84,88.12,up,-2.2,1
MRK,2026-08-04,MIMO_SHADOW|CAVA_MACRO,128,53,-0.2816,False,2.7,-3,1,-3,-0.95,83.18,distribution,7,85.45,up,35.84,88.12,up,-1.8,1
MRK,2026-08-05,MIMO_SHADOW|CAVA_MACRO,128.33,54,-0.3542,False,2.7,-2,0,-3,1.72,82.28,up,7,85.45,up,35.84,88.12,up,1.6,4
MRK,2026-08-06,MIMO_SHADOW|CAVA_MACRO,128.37,54,-0.3968,False,2.7,-1,2,-3,1.82,81.67,up,7,85.45,up,35.84,88.12,up,4.4,4
MRK,2026-08-07,MIMO_SHADOW|CAVA_MACRO,128.58,54,-0.4066,False,2.6,-1,3,-2,1.64,79.86,up,9.12,85.44,up,31.36,89.4,up,5.2,5
MRK,2026-08-10,MIMO_SHADOW|CAVA_MACRO,130.92,60,-0.2584,False,2.5,2,6,-1,20.31,79.48,up,9.12,85.44,up,31.36,89.4,up,12.2,4
MRK,2026-08-11,MIMO_SHADOW|CAVA_MACRO,130.42,58,-0.1997,False,2.5,2,5,-1,17.78,79.93,up,9.12,85.44,up,31.36,89.4,up,11.4,6
MRK,2026-08-12,MIMO_SHADOW|CAVA_MACRO,132.92,64,-0.008201,False,2.6,4,10,0,15.56,80.93,up,30.35,85.74,up,31.36,89.4,up,17.8,2
MRK,2026-08-13,MIMO_SHADOW|CAVA_MACRO,135.55,68,0.2648,True,2.5,6,10,0,33.51,83.66,up,30.35,85.74,up,31.36,89.4,up,23.2,3
MRK,2026-08-14,MIMO_SHADOW|CAVA_MACRO,135.84,69,0.4247,True,2.4,6,6,0,32.05,86.07,up,30.35,85.74,up,59.53,91.22,up,20,4
MRK,2026-08-17,MIMO_SHADOW|CAVA_MACRO,135.97,69,0.494,True,2.4,4,7,0,28.2,88.41,up,26.55,87.51,up,59.53,91.22,up,18.4,3
MRK,2026-08-18,MIMO_SHADOW|CAVA_MACRO,135.17,66,0.4425,True,2.4,4,9,-1,23.84,91.11,up,26.55,87.51,up,59.53,91.22,up,20,2
MRK,2026-08-19,MIMO_SHADOW|CAVA_MACRO,152.2,83,1.455,True,2.8,15,21,0,20.25,97.87,up,26.55,87.51,up,59.53,91.22,up,42.8,2.5
MRK,2026-08-20,MIMO_SHADOW|CAVA_MACRO,148.99,75,1.786,True,2.9,10,17,-2,-3.45,101.87,distribution,23.23,91.45,up,59.53,91.22,up,30.6,-0.5
MRK,2026-08-21,MIMO_SHADOW|CAVA_MACRO,152.55,78,2.101,True,2.9,12,17,0,19.98,105.2,up,23.23,91.45,up,52.09,95.48,up,36,2.5
MRK,2026-08-24,MIMO_SHADOW|CAVA_MACRO,150.66,74,2.036,True,2.9,11,15,-1,5.27,107.13,up,23.23,91.45,up,52.09,95.48,up,33.2,2.5
MRK,2026-08-25,MIMO_SHADOW|CAVA_MACRO,156.45,78,2.222,True,2.9,16,20,0,39.28,109.1,up,55.21,95.9,up,52.09,95.48,up,43.2,2.5
MRK,2026-08-26,MIMO_SHADOW|CAVA_MACRO,153.1,71,1.968,True,2.9,1,16,-2,13.88,110.11,up,55.21,95.9,up,52.09,95.48,up,22,2.5
MRK,2026-08-27,MIMO_SHADOW|CAVA_MACRO,149.54,65,1.433,True,2.9,0,15,-4,-8.9,109.28,distribution,55.21,95.9,up,52.09,95.48,up,16,-0.5
MRK,2026-08-28,MIMO_SHADOW|CAVA_MACRO,148.35,63,0.8979,True,2.9,-3,14,-5,-14.83,107.14,distribution,10.7,98.17,up,29.05,99.39,up,11.6,1.5
MSTR,2026-04-13,,132.36,51,0.438,True,5.9,4,-4,-71,-6.33,39.95,distribution,-5.74,30.34,distribution,-15.2,21.02,distribution,0.6,0
MSTR,2026-04-14,,137.41,55,1.046,True,5.9,11,-2,-70,-5.49,43.59,distribution,-5.74,30.34,distribution,-15.2,21.02,distribution,10.6,-1.5
MSTR,2026-04-15,,143.54,60,1.79,True,5.6,12,-3,-69,15.01,47.37,up,-5.74,30.34,distribution,-15.2,21.02,distribution,15,-0.5
MSTR,2026-04-16,,148.94,63,2.529,True,5.5,16,-1,-67,13.14,52.54,up,-4.99,33.4,distribution,-15.2,21.02,distribution,21.4,-0.5
MSTR,2026-04-17,,166.52,72,3.997,True,5.6,29,18,-63,11.49,60.91,up,-4.99,33.4,distribution,-14.65,24.08,distribution,53.2,-1.5
MSTR,2026-04-20,,170.81,74,4.988,True,5.5,29,24,-63,22.01,68.69,up,-4.99,33.4,distribution,-14.65,24.08,distribution,58,-0.5
MSTR,2026-04-21,,163.97,67,4.907,True,5.7,19,21,-64,0.2,75.04,up,-4.34,39.58,distribution,-14.65,24.08,distribution,43.6,-1.5
MSTR,2026-04-22,,179.36,73,5.566,True,5.6,25,30,-61,0.17,81.43,up,-4.34,39.58,distribution,-14.65,24.08,distribution,58,-0.5
MSTR,2026-04-23,,172.47,67,5.219,True,5.8,16,27,-62,-17.4,85.89,distribution,-4.34,39.58,distribution,-14.65,24.08,distribution,41.8,-3.5
MSTR,2026-04-24,,171.02,66,4.595,True,5.8,3,23,-62,-18.92,88.78,distribution,4.2,47.26,up,-8.52,28.86,distribution,23,-2.5
MSTR,2026-04-27,,169.2,64,3.796,True,5.8,-1,27,-63,-21.19,90.51,distribution,4.2,47.26,up,-8.52,28.86,distribution,20.4,-2.5
MSTR,2026-04-28,,165.71,61,2.814,True,5.9,1,31,-64,-18.18,90.43,distribution,4.2,47.26,up,-8.52,28.86,distribution,26,-2.5
MSTR,2026-04-29,,158.19,55,1.506,True,6.2,-12,30,-65,-15.55,89.7,distribution,-10.77,52.55,distribution,-8.52,28.86,distribution,7.6,-1.5
MSTR,2026-04-30,,165.45,59,1.001,True,5.9,-4,33,-64,5.36,89.14,up,-10.77,52.55,distribution,-8.52,28.86,distribution,24.6,-0.5
MSTR,2026-05-01,,177.17,65,1.308,True,5.7,4,44,-61,4.69,89.96,up,-10.77,52.55,distribution,0.16,33.89,up,44.5,1.5
MSTR,2026-05-04,,183.8,68,1.781,True,5.4,9,53,-60,20.27,91.45,up,-9.3,57.99,distribution,0.16,33.89,up,58.7,1.5
MSTR,2026-05-05,,186.9,69,2.104,True,5.2,13,46,-59,25.3,93.25,up,-9.3,57.99,distribution,0.16,33.89,up,57.9,1.5
MSTR,2026-05-06,,186.82,69,2.107,True,5.2,18,51,-59,21.95,93.91,up,-9.3,57.99,distribution,0.16,33.89,up,67.9,0.5
MSTR,2026-05-07,,179.84,63,1.465,True,5.5,9,40,-61,19.2,93.07,up,-11.72,64.24,distribution,0.16,33.89,up,47.3,0.5
MSTR,2026-05-08,CONFIRMED_FLOW_LEADERS,187.59,66,1.389,True,5.2,6,46,-59,16.8,92.3,up,-11.72,64.24,distribution,0.16,40.65,up,49.5,1.5
MSTR,2026-05-11,CONFIRMED_FLOW_LEADERS,195.94,70,1.707,True,5.2,7,52,-57,14.7,92.81,up,-11.72,64.24,distribution,0.16,40.65,up,55.5,0.5
MSTR,2026-05-12,CONFIRMED_FLOW_LEADERS,184.42,61,0.9828,True,5.7,-1,39,-60,-13.93,91.9,distribution,-10.11,69.86,distribution,0.16,40.65,up,31.5,-2.5
MSTR,2026-05-13,CONFIRMED_FLOW_LEADERS,178.03,56,-0.03104,False,5.9,-5,30,-61,-27.05,89.95,distribution,-10.11,69.86,distribution,0.16,40.65,up,17.5,-0.5
MSTR,2026-05-14,CONFIRMED_FLOW_LEADERS,186.97,61,-0.195,False,5.9,4,30,-59,-23.67,88.91,distribution,-10.11,69.86,distribution,0.16,40.65,up,28.3,-2.5
MSTR,2026-05-15,CONFIRMED_FLOW_LEADERS,177.42,54,-0.9972,False,6.3,-5,19,-61,-20.71,87.01,distribution,-8.73,73.7,distribution,-16.13,46.99,distribution,5.2,-1.5
MSTR,2026-05-18,CONFIRMED_FLOW_LEADERS,166.63,48,-2.234,False,6.9,-15,0,-63,-43.28,82.98,distribution,-8.73,73.7,distribution,-16.13,46.99,distribution,-22,-2
MSTR,2026-05-19,CONFIRMED_FLOW_LEADERS,164.63,47,-3.113,False,6.7,-11,-4,-64,-40.1,78.66,distribution,-8.73,73.7,distribution,-16.13,46.99,distribution,-20.4,-1
MSTR,2026-05-20,CONFIRMED_FLOW_LEADERS,165.81,48,-3.511,False,6.4,-7,1,-64,-31.05,74.49,distribution,-17.92,75.21,distribution,-16.13,46.99,distribution,-11.6,-1
MSTR,2026-05-21,CONFIRMED_FLOW_LEADERS,164.85,48,-3.716,False,6.4,-12,-8,-64,-26.16,69.7,distribution,-17.92,75.21,distribution,-16.13,46.99,distribution,-24.8,-2
MSTR,2026-05-22,CONFIRMED_FLOW_LEADERS,159.89,45,-4.035,False,6.4,-10,-7,-65,-22.16,64.45,distribution,-17.92,75.21,distribution,-48.48,50.1,distribution,-21.6,-2
MSTR,2026-05-26,CONFIRMED_FLOW_LEADERS,159.93,45,-4.081,False,6.3,-4,-6,-65,-18.79,59.65,distribution,-20.37,75.51,distribution,-48.48,50.1,distribution,-13.6,-1
MSTR,2026-05-27,CONFIRMED_FLOW_LEADERS,154.2,41,-4.312,False,6.3,-6,-9,-66,-16.07,54.32,distribution,-20.37,75.51,distribution,-48.48,50.1,distribution,-18.4,-4
MSTR,2026-05-28,CONFIRMED_FLOW_LEADERS,151.64,40,-4.436,False,6.4,-9,-8,-67,-13.78,48.99,down,-20.37,75.51,distribution,-48.48,50.1,distribution,-22.2,-3
MSTR,2026-05-29,CONFIRMED_FLOW_LEADERS,159.09,46,-3.836,False,6.3,-3,1,-65,-11.85,45.68,distribution,-17.38,74.65,distribution,-48.13,51.97,distribution,-6.8,-1
MSTR,2026-06-01,CONFIRMED_FLOW_LEADERS,149.78,40,-3.875,False,6.9,-6,-9,-67,-26.73,41.6,distribution,-17.38,74.65,distribution,-48.13,51.97,distribution,-18.4,-4
MSTR,2026-06-02,CONFIRMED_FLOW_LEADERS,136.08,34,-4.584,False,7.9,-15,-23,-70,-22.63,36.86,down,-17.38,74.65,distribution,-48.13,51.97,distribution,-41.4,-6
MSTR,2026-06-03,CONFIRMED_FLOW_LEADERS,126.55,31,-5.399,False,8.6,-18,-31,-72,-36.11,32.17,down,-14.88,71.75,distribution,-48.13,51.97,distribution,-51.4,-6
MSTR,2026-06-04,CONFIRMED_FLOW_LEADERS,129.37,33,-5.438,False,8.2,-15,-31,-72,-30.23,27.69,down,-14.88,71.75,distribution,-48.13,51.97,distribution,-47.8,-5
MSTR,2026-06-05,CONFIRMED_FLOW_LEADERS,120.44,29,-5.725,False,9,-24,-36,-74,-25.49,23.5,down,-14.88,71.75,distribution,-39.73,50.88,distribution,-62.6,-6
MSTR,2026-06-08,CONFIRMED_FLOW_LEADERS,127.2,35,-5.138,False,8.4,-15,-29,-72,-10.24,21.44,down,-12.79,67.09,distribution,-39.73,50.88,distribution,-46.2,-4
MSTR,2026-06-09,CONFIRMED_FLOW_LEADERS,117.02,31,-5.104,False,9.3,-14,-38,-74,-8.85,19.33,down,-12.79,67.09,distribution,-39.73,50.88,distribution,-52.2,-6
MSTR,2026-06-10,CONFIRMED_FLOW_LEADERS,115.35,30,-4.864,False,9.1,-9,-41,-75,-10.69,17.19,down,-12.79,67.09,distribution,-39.73,50.88,distribution,-48.6,-5
MSTR,2026-06-11,,120.15,34,-4.082,False,8.6,-7,-35,-74,-9.23,15.94,down,-17.99,62.05,distribution,-39.73,50.88,distribution,-41.4,-5
MSTR,2026-06-12,,123.97,37,-3.056,False,8.4,3,-30,-73,-1.44,16.02,distribution,-17.99,62.05,distribution,-24.96,48.22,distribution,-24.4,-3
MSTR,2026-06-15,,131.14,42,-1.71,False,8,3,-30,-71,-1.25,17.74,distribution,-17.99,62.05,distribution,-24.96,48.22,distribution,-24.4,-2
MSTR,2026-06-16,,122.81,38,-1.218,False,8.5,5,-31,-73,-14.42,18.83,distribution,-12.82,57.98,distribution,-24.96,48.22,distribution,-22.8,-4
MSTR,2026-06-17,,116.56,36,-1.153,False,8.9,1,-30,-74,-12.4,19.27,distribution,-12.82,57.98,distribution,-24.96,48.22,distribution,-26.8,-4
MSTR,2026-06-18,,112.53,34,-1.214,False,9.2,-6,-32,-75,-10.68,18.53,down,-12.82,57.98,distribution,-24.96,48.22,distribution,-37.8,-6
MSTR,2026-06-22,,109.46,33,-1.286,False,9.6,-12,-34,-76,-14.25,17.82,down,-11.04,53.14,distribution,-46.3,45.36,distribution,-46.6,-6
MSTR,2026-06-23,,103.84,31,-1.523,False,9.8,-21,-37,-77,-21.12,16.56,down,-11.04,53.14,distribution,-46.3,45.36,distribution,-59.8,-6
MSTR,2026-06-24,,94.13,27,-2.106,False,10.9,-23,-41,-79,-18.01,14.91,down,-11.04,53.14,distribution,-46.3,45.36,distribution,-65.4,-6
MSTR,2026-06-25,,85.33,24,-2.815,False,12,-27,-47,-81,-15.41,12.98,down,-9.53,46.99,down,-46.3,45.36,distribution,-75,-6
MSTR,2026-06-26,,82.31,24,-3.188,False,12,-27,-47,-82,-13.23,11.12,down,-9.53,46.99,down,-38.3,40.61,down,-75.5,-6
MSTR,2026-06-29,,92.68,32,-2.471,False,10.9,-15,-39,-80,8.08,10.57,accumulation,-9.53,46.99,down,-38.3,40.61,down,-51.7,0
MSTR,2026-06-30,,86.93,30,-2.131,False,11.5,-16,-45,-81,-3.83,10.03,down,-8.24,41.24,down,-38.3,40.61,down,-60.7,-6
MSTR,2026-07-01,,93.39,35,-1.261,False,10.9,-1,-38,-80,8.9,10.9,accumulation,-8.24,41.24,down,-38.3,40.61,down,-34.1,2
MSTR,2026-07-02,,100.77,41,-0.04209,False,10.1,18,-26,-78,21.78,13.25,up,-8.24,41.24,down,-38.3,40.61,down,-0.7,1.5
MSTR,2026-07-06,,100.77,41,0.8599,True,10.1,22,-20,-78,19.05,15.06,up,11.3,37.32,accumulation,20.51,36.77,accumulation,12.4,3.5
MSTR,2026-07-07,,97.36,39,1.297,True,10.2,5,-25,-79,10.21,16.63,up,11.3,37.32,accumulation,20.51,36.77,accumulation,-12,1
MSTR,2026-07-08,,93.87,37,1.411,True,10.3,8,-22,-79,2.34,17.26,up,11.3,37.32,accumulation,20.51,36.77,accumulation,-6,1
MSTR,2026-07-09,,93.89,37,1.537,True,9.8,1,-26,-79,2.11,18.21,up,0.68,33.97,accumulation,20.51,36.77,accumulation,-17.6,2
MSTR,2026-07-10,,94.64,38,1.709,True,9.6,-6,-19,-79,1.89,19.83,up,0.68,33.97,accumulation,0.01,34.3,accumulation,-20.4,1
MSTR,2026-07-13,,92.1,36,1.685,True,9.5,-9,-20,-80,-3.4,20.75,distribution,0.68,33.97,accumulation,0.01,34.3,accumulation,-27.8,-2
MSTR,2026-07-14,,97.58,42,2.048,True,8.8,0,-19,-79,-3.08,22.7,distribution,5.53,30.77,accumulation,0.01,34.3,accumulation,-16.2,0
MSTR,2026-07-15,,97.47,42,2.273,True,8.5,4,-21,-79,-3.05,25.45,distribution,5.53,30.77,accumulation,0.01,34.3,accumulation,-13,0
MSTR,2026-07-16,,94.03,39,2.182,True,8.5,0,-28,-79,-10.16,27.68,distribution,5.53,30.77,accumulation,0.01,34.3,accumulation,-23.4,-2
MSTR,2026-07-17,,94.85,40,2.165,True,8.3,0,-23,-79,-9.26,29.69,distribution,1.19,28.16,accumulation,0.62,31.94,up,-18.9,0
MSTR,2026-07-20,,97.82,43,2.327,True,7.9,6,-16,-77,-8.42,32.14,distribution,1.19,28.16,accumulation,0.62,31.94,up,-6.1,0
NBIS,2026-04-13,,154.56,73,4.332,True,6.6,37,43,0,23.93,85.45,up,29.28,83.18,up,,,,84.3,1.5
NBIS,2026-04-14,,161.94,75,5.265,True,6.4,38,43,0,34.9,91.42,up,29.28,83.18,up,,,,85.5,2.5
NBIS,2026-04-15,,166.77,76,5.825,True,6.2,33,28,0,40.22,96.1,up,29.28,83.18,up,,,,67.5,2.5
NBIS,2026-04-16,,165.34,75,5.71,True,6.2,21,42,-1,32.88,100.25,up,37.41,88.69,up,,,,64.3,1.5
NBIS,2026-04-17,,157.14,68,4.733,True,6.5,8,33,-6,29.33,102.45,up,37.41,88.69,up,,,,41.5,3.5
NBIS,2026-04-20,,159.16,69,3.907,True,6.3,3,31,-5,30.37,103.72,up,37.41,88.69,up,,,,33.9,4.5
NBIS,2026-04-21,,156.55,67,2.916,True,6.3,-3,33,-6,21.39,104.68,up,21.33,91.84,up,,,,28.3,3.5
NBIS,2026-04-22,,156.14,66,2.007,True,6.4,-6,37,-6,18.97,105.47,up,21.33,91.84,up,,,,27.9,3.5
NBIS,2026-04-23,,157.08,67,1.278,True,6.5,-5,37,-6,16.8,105.31,up,21.33,91.84,up,,,,29.1,3.5
NBIS,2026-04-24,,147.16,58,0.005129,True,7.4,-6,28,-12,14.6,104.19,up,18.18,93.52,up,,,,18.7,5.5
NBIS,2026-04-27,,144.96,56,-1.05,False,7.4,-9,37,-13,7.64,101.37,up,18.18,93.52,up,,,,20.3,5.5
NBIS,2026-04-28,,135.51,49,-2.374,False,8,-13,34,-19,6.67,97.33,up,18.18,93.52,up,,,,12.1,4.5
NBIS,2026-04-29,,141.19,53,-2.825,False,7.6,-10,53,-15,19.55,93.84,up,8.48,93.12,up,,,,30.9,6.5
NBIS,2026-04-30,,138.23,51,-3.251,False,7.9,-12,33,-17,9.77,90.7,up,8.48,93.12,up,,,,12.5,4.5
NBIS,2026-05-01,,154.49,60,-2.405,False,7.4,5,52,-7,8.45,88.58,up,8.48,93.12,up,,,,50.1,4.5
NBIS,2026-05-04,,176.42,69,-0.4383,False,7,22,62,0,7.31,88.92,up,7.34,94.11,up,,,,79.5,2.5
NBIS,2026-05-05,,175.92,69,0.697,True,7,30,56,0,5.44,89.73,up,7.34,94.11,up,,,,86.3,1.5
NBIS,2026-05-06,,195.09,74,2.505,True,6.6,38,66,0,4.73,91.6,up,7.34,94.11,up,,,,103.9,2.5
NBIS,2026-05-07,,184.77,67,2.753,True,7.3,34,48,-5,-12.71,93.03,distribution,14.14,96.19,up,,,,81.7,1.5
NBIS,2026-05-08,HIGH_CONVICTION,177.05,62,2.17,True,7.5,15,30,-9,-23.73,93.27,distribution,14.14,96.19,up,,,,43.5,1.5
NBIS,2026-05-11,HIGH_CONVICTION,186.1,66,2.161,True,7.4,5,28,-5,-20.76,93.8,distribution,14.14,96.19,up,,,,30.9,2.5
NBIS,2026-05-12,HIGH_CONVICTION,179.11,61,1.484,True,7.7,2,16,-8,-29.03,92.92,distribution,6.99,97.35,up,,,,16.7,1.5
NBIS,2026-05-13,HIGH_CONVICTION,207.27,70,2.664,True,7.5,6,28,0,-25.4,95.43,distribution,6.99,97.35,up,,,,32.1,0.5
NBIS,2026-05-14,HIGH_CONVICTION,221.15,73,4.028,True,7.4,20,33,0,-3.59,98.77,distribution,6.99,97.35,up,,,,52.9,0.5
NBIS,2026-05-15,HIGH_CONVICTION,219.94,72,4.465,True,7.4,24,33,-1,-4.77,100.97,distribution,6.06,99.63,up,,,,57.7,-0.5
NBIS,2026-05-18,HIGH_CONVICTION,199.86,62,3.082,True,8.7,7,27,-10,-31.12,100.84,distribution,6.06,99.63,up,,,,31.5,1.5
NBIS,2026-05-19,HIGH_CONVICTION,197.73,61,1.77,True,8.8,10,24,-11,-30.09,98.76,distribution,6.06,99.63,up,,,,31.7,1.5
NBIS,2026-05-20,HIGH_CONVICTION,191.82,58,0.3264,True,9,-7,23,-13,-34.26,97.06,distribution,-15.85,100.27,distribution,,,,10.5,2.5
NBIS,2026-05-21,HIGH_CONVICTION,219.93,66,1.046,True,8.4,-1,41,-1,-29.98,97.11,distribution,-15.85,100.27,distribution,,,,34.1,-0.5
NBIS,2026-05-22,HIGH_CONVICTION,214.77,63,0.9577,True,8.4,-2,37,-3,-32.27,96.71,distribution,-15.85,100.27,distribution,,,,28.7,-1.5
NBIS,2026-05-26,HIGH_CONVICTION,208.06,60,0.267,True,8.5,4,41,-6,-28.24,95.75,distribution,-1.65,101.33,distribution,,,,39.1,0.5
NBIS,2026-05-27,HIGH_CONVICTION,208.37,60,-0.3177,False,8.3,5,44,-6,-24.71,93.58,distribution,-1.65,101.33,distribution,,,,40.7,1.5
NBIS,2026-05-28,HIGH_CONVICTION,226.34,66,0.3224,True,7.9,18,67,0,-21.62,93.69,distribution,-1.65,101.33,distribution,,,,77.7,-0.5
NBIS,2026-05-29,HIGH_CONVICTION,231.09,67,0.8522,True,7.9,5,64,0,-13.64,93.37,distribution,-1.45,102.53,distribution,,,,59.7,-1.5
NBIS,2026-06-01,HIGH_CONVICTION,264.51,74,3.113,True,7.6,23,91,0,-11.94,94.95,distribution,-1.45,102.53,distribution,,,,102.9,-0.5
NBIS,2026-06-02,HIGH_CONVICTION,260.58,72,3.949,True,7.7,25,69,-1,-14.26,96.9,distribution,-1.45,102.53,distribution,,,,87.7,-1.5
NBIS,2026-06-03,HIGH_CONVICTION,251.68,68,3.523,True,7.9,21,43,-5,-21.11,96.88,distribution,12.83,104.76,up,,,,62.1,1.5
NBIS,2026-06-04,HIGH_CONVICTION,259.67,69,3.397,True,8,15,48,-2,-18.61,95.51,distribution,12.83,104.76,up,,,,58.9,-0.5
NBIS,2026-06-05,HIGH_CONVICTION,227.81,56,0.9152,True,9.8,-1,17,-14,-16.39,92.91,distribution,12.83,104.76,up,,,,12.9,2.5
NBIS,2026-06-08,HIGH_CONVICTION,218,53,-1.508,False,10.2,-18,18,-18,-25.16,89.89,distribution,-11.91,104.76,distribution,,,,-9.7,1.5
NBIS,2026-06-09,HIGH_CONVICTION,220.12,53,-3.002,False,10.6,-16,24,-17,-22.13,86.28,distribution,-11.91,104.76,distribution,,,,-2.5,1.5
NBIS,2026-06-10,HIGH_CONVICTION,211.69,50,-4.503,False,10.9,-16,14,-20,-29.01,82.18,distribution,-11.91,104.76,distribution,,,,-10.5,1.5
NBIS,2026-06-11,HIGH_CONVICTION,222.24,54,-4.707,False,10.4,-14,24,-16,-14.01,78.03,distribution,-10.51,103.23,distribution,,,,-0.1,2.5
NBIS,2026-06-12,HIGH_CONVICTION,232.36,57,-4.105,False,9.9,2,12,-12,-12.51,76.39,distribution,-10.51,103.23,distribution,,,,10.5,3.5
NBIS,2026-06-15,HIGH_CONVICTION,260.07,64,-1.896,False,9.1,19,18,-2,19.99,77.27,up,-10.51,103.23,distribution,,,,39.7,1.5
NBIS,2026-06-16,HIGH_CONVICTION,265.1,65,-0.2404,False,8.9,20,21,0,25.14,79.2,up,20.14,102.84,up,,,,43.3,2.5
NBIS,2026-06-17,HIGH_CONVICTION,280.91,69,1.671,True,8.6,33,41,0,23.44,82.05,up,20.14,102.84,up,,,,77.9,2.5
NBIS,2026-06-18,HIGH_CONVICTION,286.69,70,2.998,True,8.4,29,45,0,20.51,85.82,up,20.14,102.84,up,,,,76.3,2.5
NBIS,2026-06-22,HIGH_CONVICTION|MIMO_SHADOW,283.61,68,3.318,True,8.5,22,48,-1,14.25,88.46,up,17.62,103.78,up,,,,70.3,1.5
NBIS,2026-06-23,HIGH_CONVICTION|MIMO_SHADOW,275.25,64,2.645,True,9.3,6,25,-4,12.46,88.48,up,17.62,103.78,up,,,,31.7,1.5
NBIS,2026-06-24,HIGH_CONVICTION|MIMO_SHADOW,259.66,58,0.9168,True,9.9,-2,21,-9,-8.41,87.74,distribution,17.62,103.78,up,,,,15.9,3.5
NBIS,2026-06-25,HIGH_CONVICTION|MIMO_SHADOW,256.63,57,-0.582,False,9.9,-9,23,-10,-11.12,86.73,distribution,-1.9,103.6,distribution,,,,7.1,2.5
NBIS,2026-06-26,HIGH_CONVICTION|MIMO_SHADOW,240.3,51,-2.706,False,10.5,-16,15,-16,-29.96,83.72,distribution,-1.9,103.6,distribution,,,,-9.7,1.5
NBIS,2026-06-29,HIGH_CONVICTION|MIMO_SHADOW,261.15,57,-2.732,False,9.8,-8,15,-9,-26.22,82.09,distribution,-1.9,103.6,distribution,,,,1.9,3.5
NBIS,2026-06-30,HIGH_CONVICTION|MIMO_SHADOW,276.17,61,-1.807,False,9.5,0,20,-4,-5.81,82.54,distribution,10.96,103.33,up,,,,15.5,0.5
NBIS,2026-07-01,HIGH_CONVICTION|MIMO_SHADOW,229.18,47,-4.288,False,12.1,-12,-13,-20,-5.09,79.55,distribution,10.96,103.33,up,,,,-27.3,0
NBIS,2026-07-02,HIGH_CONVICTION|MIMO_SHADOW,215.62,43,-6.63,False,12.9,-16,-17,-25,-23.08,75.08,distribution,10.96,103.33,up,,,,-35.3,0
NBIS,2026-07-06,MIMO_SHADOW,213.02,43,-8.048,False,12.8,-11,-15,-26,-23.34,69.84,distribution,9.7,100.62,up,,,,-28.7,0
NBIS,2026-07-07,MIMO_SHADOW,195.19,39,-9.766,False,13.7,-25,-25,-32,-19.84,63.67,distribution,9.7,100.62,up,,,,-53.5,-3
NBIS,2026-07-08,MIMO_SHADOW,216.48,45,-9.063,False,12.3,-22,-5,-24,-16.94,58.95,distribution,9.7,100.62,up,,,,-32.9,4
NBIS,2026-07-09,,216.2,45,-8.236,False,12,-6,-1,-25,-14.86,56.2,distribution,11.08,96.82,up,,,,-10.5,3
NBIS,2026-07-10,,219.65,46,-7.117,False,11.5,2,0,-23,-8.64,52.83,distribution,11.08,96.82,up,,,,-0.1,5
NBIS,2026-07-13,,210.51,44,-6.661,False,11.7,-1,-1,-27,-18.2,49.3,distribution,11.08,96.82,up,,,,-5.5,0
NBIS,2026-07-14,,194.09,40,-7.095,False,12.9,-1,-13,-32,-15.57,45.9,distribution,-8.94,92.94,distribution,,,,-15.1,-2
NBIS,2026-07-15,,199.51,42,-6.652,False,12.2,-8,-14,-30,-13.36,42.27,distribution,-8.94,92.94,distribution,,,,-24.3,-1
NBIS,2026-07-16,,171.77,35,-7.786,False,14.4,-21,-34,-40,-11.5,38.18,down,-8.94,92.94,distribution,,,,-56.9,-4
NBIS,2026-07-17,,177.71,38,-7.68,False,13.8,-19,-33,-38,-1.92,34.32,down,-7.89,87.65,distribution,,,,-53.7,-3
NBIS,2026-07-20,,182.62,39,-6.851,False,13.2,-13,-35,-36,5.03,32.01,accumulation,-7.89,87.65,distribution,,,,-45.1,2
NBIS,2026-07-21,,216.92,50,-3.722,False,11.4,12,-24,-24,4.4,31.7,up,-7.89,87.65,distribution,,,,-4.3,6.5
NBIS,2026-07-22,,218.16,51,-1.416,False,11.2,9,-23,-24,5.28,33.07,up,30.47,84.12,up,,,,-7.1,5.5
NBIS,2026-07-23,,220.97,51,0.3571,True,10.8,29,-20,-23,7.85,35.25,up,30.47,84.12,up,,,,21.3,5.5
NBIS,2026-07-24,,187.77,42,-0.5963,False,13.1,6,-28,-35,6.87,36.03,up,30.47,84.12,up,,,,-15.7,0
NBIS,2026-07-27,MIMO_SHADOW,187.88,43,-1.081,False,12.9,3,-27,-34,6.16,35.92,up,-1.25,80.51,distribution,,,,-18.5,1
NBIS,2026-07-28,MIMO_SHADOW,169.69,38,-2.413,False,14.3,-22,-29,-41,5.39,33.92,accumulation,-1.25,80.51,distribution,,,,-51.1,-2
NBIS,2026-07-29,,148.22,34,-4.409,False,16.5,-32,-43,-48,4.72,30.91,accumulation,-1.25,80.51,distribution,,,,-74.3,-3
NBIS,2026-07-30,,188.43,46,-2.77,False,13.9,-15,-32,-34,4.13,30.83,up,-1.1,75.15,distribution,,,,-44.1,3
NBIS,2026-07-31,,190.41,47,-1.373,False,13.6,1,-17,-34,6.28,32.56,up,-1.1,75.15,distribution,,,,-12.9,2
NBIS,2026-08-03,,212.58,52,1.091,True,12.8,13,-1,-26,5.5,35.32,up,-1.1,75.15,distribution,,,,16.3,3.5
NBIS,2026-08-04,,225.74,55,3.517,True,11.7,33,6,-21,20.72,40.57,up,31.93,72.23,up,,,,46.9,5.5
NBIS,2026-08-05,CONFIRMED_FLOW_LEADERS|MIMO_SHADOW,218.99,53,4.514,True,11.7,48,12,-24,9.97,45.77,up,31.93,72.23,up,,,,69.7,4.5
NBIS,2026-08-06,CONFIRMED_FLOW_LEADERS|MIMO_SHADOW,189.88,46,3.126,True,13.6,1,-12,-34,8.72,48.3,up,31.93,72.23,up,,,,-6.9,2
NBIS,2026-08-07,CONFIRMED_FLOW_LEADERS|MIMO_SHADOW,187.97,46,2.043,True,13.4,-1,-13,-34,4.97,49.02,up,-5.32,69.3,distribution,,,,-10.1,2
NBIS,2026-08-10,,184.11,45,1.081,True,13.2,-13,-16,-36,-1.03,48.68,distribution,-5.32,69.3,distribution,,,,-29.9,-1
NBIS,2026-08-11,,193.23,48,1.069,True,12.1,-14,-8,-33,-0.9,48.8,distribution,-5.32,69.3,distribution,,,,-24.7,0
NBIS,2026-08-12,,259.2,62,5.28,True,10.2,18,34,-10,-0.79,54.58,distribution,-4.65,68.46,distribution,,,,50.3,2.5
NBIS,2026-08-13,,255.04,61,7.43,True,10.4,34,28,-11,-4.81,61.39,distribution,-4.65,68.46,distribution,,,,63.7,0.5
NBIS,2026-08-14,MIMO_SHADOW,277.68,65,9.868,True,9.5,48,62,-3,18.21,67.95,up,-4.65,68.46,distribution,,,,111.7,1.5
NBIS,2026-08-17,MIMO_SHADOW,268.85,62,10.33,True,9.6,46,51,-6,7.19,73.82,up,2.09,70.53,up,,,,100.5,3.5
NBIS,2026-08-18,MIMO_SHADOW,248.43,57,8.761,True,10.5,29,36,-13,6.29,77.63,up,2.09,70.53,up,,,,67.1,5.5
NBIS,2026-08-19,MIMO_SHADOW,223.9,51,5.723,True,11.9,-14,3,-22,5.51,77.68,up,2.09,70.53,up,,,,-11.9,4
NBIS,2026-08-20,MIMO_SHADOW,220.11,50,3.233,True,11.6,-14,1,-23,0.31,76.51,up,1.83,70.46,up,,,,-13.5,5
NBIS,2026-08-21,MIMO_SHADOW,219.13,50,1.39,True,11.3,-21,-1,-24,-0.89,75.46,distribution,1.83,70.46,up,,,,-26.5,3
NBIS,2026-08-24,,210.91,48,-0.4174,False,11.5,-22,12,-26,-10.56,73.12,distribution,1.83,70.46,up,,,,-20.3,1.5
NBIS,2026-08-25,,221.97,51,-0.8758,False,10.5,-11,18,-23,3.92,71.98,up,3.05,68.64,up,,,,1.7,5.5
NBIS,2026-08-26,,213.93,48,-1.682,False,10.4,-4,26,-25,-6.14,70.84,distribution,3.05,68.64,up,,,,13.5,3.5
NBIS,2026-08-27,,218.48,50,-1.856,False,9.9,-1,47,-24,-5.37,70.52,distribution,3.05,68.64,up,,,,33.9,3.5
NBIS,2026-08-28,,209.18,47,-2.504,False,10.1,-5,11,-27,-15.53,69.26,distribution,-7.34,66.03,distribution,,,,-0.7,0.5
NUE,2026-05-29,,250,77,0.7255,True,2.4,10,12,0,13.1,101.04,up,2.41,108.02,up,17.91,100.38,up,29.6,2.5
NUE,2026-06-01,,251.49,77,0.9173,True,2.4,8,12,0,14.67,103.24,up,2.41,108.02,up,17.91,100.38,up,27.2,2.5
NUE,2026-06-02,,258.46,81,1.347,True,2.4,8,14,0,12.83,106.35,up,2.41,108.02,up,17.91,100.38,up,28.8,2.5
NUE,2026-06-03,,257.73,79,1.408,True,2.4,5,14,0,9.71,108.89,up,18.22,110.23,up,17.91,100.38,up,25.2,2.5
NUE,2026-06-04,,262.28,81,1.569,True,2.4,5,13,0,17.85,110.86,up,18.22,110.23,up,17.91,100.38,up,24.4,2.5
NUE,2026-06-05,,254.39,69,0.9861,True,2.6,2,9,-3,15.43,111.54,up,18.22,110.23,up,20.49,103.47,up,17.6,2
NUE,2026-06-08,,253.4,68,0.4064,True,2.6,1,12,-3,13.36,111.12,up,15.59,112.06,up,20.49,103.47,up,18.8,2.5
NUE,2026-06-09,,254.32,68,-0.02031,False,2.7,-2,12,-3,13.47,110.24,up,15.59,112.06,up,20.49,103.47,up,13.2,2.5
NUE,2026-06-10,,250.49,63,-0.6318,False,2.8,-3,8,-4,11.8,108.65,up,15.59,112.06,up,20.49,103.47,up,7.8,2
NUE,2026-06-11,,260.9,70,-0.4168,False,2.8,-1,14,-1,10.33,108.01,up,28.05,112.94,up,20.49,103.47,up,16,2.5
NUE,2026-06-12,,266.35,73,-0.0107,False,2.8,5,15,0,20.04,108.63,up,28.05,112.94,up,30.88,106.45,up,24,2.5
NUE,2026-06-15,,259.32,64,-0.3025,False,3,2,11,-3,17.29,108.02,up,28.05,112.94,up,30.88,106.45,up,16.2,2.5
NUE,2026-06-16,,259.08,64,-0.5824,False,3,2,14,-3,14.77,106.21,up,23.71,113.87,up,30.88,106.45,up,18.6,2.5
NUE,2026-06-17,,252.6,57,-1.237,False,3.1,1,12,-5,12.74,102.61,up,23.71,113.87,up,30.88,106.45,up,15.3,6.5
NUE,2026-06-18,,243.83,49,-2.236,False,3.3,-7,10,-8,10.98,96.84,up,23.71,113.87,up,30.88,106.45,up,3.1,6
NUE,2026-06-22,,244.93,50,-2.763,False,3.2,-8,9,-8,11.75,90.38,up,20.15,112.28,up,26.02,107.99,up,1.1,7
NUE,2026-06-23,MIMO_SHADOW,239.63,45,-3.368,False,3.3,-8,6,-10,10.13,83.12,up,20.15,112.28,up,26.02,107.99,up,-1.3,6
NUE,2026-06-24,MIMO_SHADOW,240.52,46,-3.589,False,3.2,-7,4,-10,10.58,76.81,up,20.15,112.28,up,26.02,107.99,up,-1.7,7
NUE,2026-06-25,MIMO_SHADOW,248.89,54,-3.071,False,3.1,-1,4,-7,25.7,71.83,up,24.63,109.46,up,26.02,107.99,up,5.5,7
NUE,2026-06-26,MIMO_SHADOW,239.78,46,-3.226,False,3.3,-2,-3,-10,21.78,66.47,accumulation,24.63,109.46,up,17.42,107.36,up,-2.3,6
NUE,2026-06-29,,228.58,39,-3.921,False,3.7,-7,-8,-14,18.56,59.76,accumulation,24.63,109.46,up,17.42,107.36,up,-13.3,4
NUE,2026-06-30,,222.75,36,-4.565,False,3.8,-7,-11,-16,4.21,52.08,accumulation,20.91,105.18,up,17.42,107.36,up,-15.7,2
NUE,2026-07-01,,219.02,34,-5.001,False,3.8,-9,-13,-18,-3.95,44.7,down,20.91,105.18,up,17.42,107.36,up,-22.7,-2
NUE,2026-07-02,,220.75,36,-4.922,False,3.7,-11,-15,-17,0.09,38.99,accumulation,20.91,105.18,up,17.42,107.36,up,-23.7,6
NUE,2026-07-06,,223.92,39,-4.422,False,3.6,-7,-13,-16,0.08,34.93,accumulation,20.14,99.62,up,-7.18,104.83,distribution,-18.8,1
NUE,2026-07-07,,227.42,42,-3.654,False,3.5,-1,-13,-15,0.07,32.45,up,20.14,99.62,up,-7.18,104.83,distribution,-10.6,5
NUE,2026-07-08,,226.68,42,-3.019,False,3.4,2,-11,-15,-1.41,31.26,distribution,20.14,99.62,up,-7.18,104.83,distribution,-8.4,2
NUE,2026-07-09,,222.28,39,-2.729,False,3.4,1,-12,-17,-9.97,30.13,distribution,14.01,94.68,up,-7.18,104.83,distribution,-10.4,-1
NUE,2026-07-10,,227.37,44,-2.057,False,3.3,3,-11,-15,1.38,29.95,up,14.01,94.68,up,1.52,101.97,up,-2.7,6
NUE,2026-07-13,,233,49,-1.142,False,3.2,4,-7,-13,1.21,31.5,up,14.01,94.68,up,1.52,101.97,up,1.7,8
NUE,2026-07-14,,234.16,50,-0.4064,False,3.1,3,-10,-12,3.31,34.2,up,34.59,90.53,up,1.52,101.97,up,-1.9,7
NUE,2026-07-15,,236.87,52,0.279,True,3,4,-11,-11,2.89,36.8,up,34.59,90.53,up,1.52,101.97,up,1,7
NUE,2026-07-16,,235.67,51,0.6467,True,2.9,6,-9,-12,0.23,38.82,up,34.59,90.53,up,1.52,101.97,up,5,7
NUE,2026-07-17,,236.61,52,0.9309,True,2.9,4,-9,-11,0.2,40.58,up,29.37,87.7,up,12.1,99.92,up,2.6,6
NUE,2026-07-20,,230.74,46,0.7113,True,3,-1,-9,-13,0.18,42.39,up,29.37,87.7,up,12.1,99.92,up,-3.4,6
NUE,2026-07-21,,233.2,49,0.7174,True,3,0,-4,-12,4.97,44.8,up,29.37,87.7,up,12.1,99.92,up,1.8,8
NUE,2026-07-22,,235.9,51,0.8782,True,2.9,0,-4,-11,4.33,48.05,up,25.34,85.11,up,12.1,99.92,up,1.8,9
NUE,2026-07-23,,241.15,56,1.288,True,2.9,2,1,-9,3.76,52.33,up,25.34,85.11,up,12.1,99.92,up,10.2,8
NUE,2026-07-24,MIMO_SHADOW,247.56,61,1.905,True,2.8,5,3,-7,14.97,57.69,up,25.34,85.11,up,10.43,98.68,up,15.4,6
NUE,2026-07-27,MIMO_SHADOW,247.86,61,2.223,True,2.8,7,0,-7,12.86,63.36,up,21.9,83.69,up,10.43,98.68,up,15.4,4
NUE,2026-07-28,MIMO_SHADOW,265.62,72,3.448,True,3,14,11,0,11.07,70.66,up,21.9,83.69,up,10.43,98.68,up,33.6,2.5
NUE,2026-07-29,MIMO_SHADOW,256.02,62,3.422,True,3.3,9,12,-4,-6.15,76.45,distribution,21.9,83.69,up,10.43,98.68,up,23.9,-0.5
NUE,2026-07-30,MIMO_SHADOW,257.04,63,3.284,True,3.3,7,15,-3,-3.7,79.48,distribution,19.02,84.09,up,10.43,98.68,up,23.9,-0.5
NUE,2026-07-31,MIMO_SHADOW,257.29,63,3.026,True,3.2,4,17,-3,-3.24,82.1,distribution,19.02,84.09,up,9.01,98.59,up,21.9,0.5
NUE,2026-08-03,MIMO_SHADOW|CAVA_MACRO,261.28,65,2.938,True,3.2,5,18,-2,3.78,84.11,up,19.02,84.09,up,9.01,98.59,up,26.9,2.5
NUE,2026-08-04,MIMO_SHADOW|CAVA_MACRO,274.04,71,3.515,True,3.2,3,22,0,3.32,87.39,up,42.5,85.42,up,9.01,98.59,up,28.7,2.5
NUE,2026-08-05,MIMO_SHADOW|CAVA_MACRO,274.74,72,3.7,True,3.1,7,21,0,2.91,91.11,up,42.5,85.42,up,9.01,98.59,up,32.7,3.5
NUE,2026-08-06,MIMO_SHADOW|CAVA_MACRO,272,69,3.402,True,3.1,6,20,-1,-1.82,93.58,distribution,42.5,85.42,up,9.01,98.59,up,27.7,-0.5
NUE,2026-08-07,MIMO_SHADOW|CAVA_MACRO,272.63,69,3.024,True,3,6,23,-1,-0.59,95.19,distribution,33.32,87.7,up,23.11,99.05,up,30.6,0.5
NUE,2026-08-10,MIMO_SHADOW|CAVA_MACRO,274.61,70,2.696,True,2.9,5,21,0,-0.52,96.71,distribution,33.32,87.7,up,23.11,99.05,up,27.8,0.5
NUE,2026-08-11,MIMO_SHADOW|CAVA_MACRO,271.95,67,2.113,True,2.9,-1,17,-1,-4.79,97.59,distribution,33.32,87.7,up,23.11,99.05,up,17.4,-0.5
NUE,2026-08-12,MIMO_SHADOW|CAVA_MACRO,271.81,67,1.557,True,2.8,-1,16,-1,-4.42,97.55,distribution,27.2,89.35,up,23.11,99.05,up,16.6,0.5
NUE,2026-08-13,MIMO_SHADOW|CAVA_MACRO,272.29,67,1.083,True,2.7,0,15,-1,-3.87,97.36,distribution,27.2,89.35,up,23.11,99.05,up,17,0.5
NUE,2026-08-14,MIMO_SHADOW|CAVA_MACRO,268.91,62,0.4368,True,2.7,-1,14,-2,-3.48,96.34,distribution,27.2,89.35,up,16.09,99.75,up,14,-0.5
NUE,2026-08-17,MIMO_SHADOW|CAVA_MACRO,272.68,65,0.1717,True,2.8,-1,15,-1,3.43,94.34,up,24.46,89.89,up,16.09,99.75,up,17.8,2.5
NUE,2026-08-18,MIMO_SHADOW|CAVA_MACRO,264.19,55,-0.6235,False,2.9,-3,14,-4,3.09,92.19,up,24.46,89.89,up,16.09,99.75,up,11.6,4.5
NUE,2026-08-19,MIMO_SHADOW|CAVA_MACRO,248.74,42,-2.152,False,3.8,-8,7,-9,2.8,87.53,up,24.46,89.89,up,16.09,99.75,up,-0.5,4
NUE,2026-08-20,MIMO_SHADOW|CAVA_MACRO,240.48,37,-3.596,False,3.9,-12,2,-12,-14.85,80.34,distribution,20.96,87.93,up,16.09,99.75,up,-13.3,1
NUE,2026-08-21,MIMO_SHADOW|CAVA_MACRO,243.63,40,-4.175,False,3.9,-9,1,-11,-13.4,74.2,distribution,20.96,87.93,up,13.8,98.24,up,-10.5,2
NUE,2026-08-24,,244.64,41,-4.309,False,4,-10,-1,-11,-9.83,68.98,distribution,20.96,87.93,up,13.8,98.24,up,-13.3,2
NUE,2026-08-25,,247.55,44,-4.026,False,3.8,-6,0,-10,-2.25,63.37,distribution,28.33,84.85,up,13.8,98.24,up,-6.7,3
NUE,2026-08-26,,252.8,48,-3.337,False,3.7,2,-5,-8,-2.06,59.64,distribution,28.33,84.85,up,13.8,98.24,up,-1.1,6
NUE,2026-08-27,,252.37,48,-2.786,False,3.5,5,-1,-8,-2.92,56.46,distribution,28.33,84.85,up,13.8,98.24,up,5.7,5
NUE,2026-08-28,,250.5,47,-2.434,False,3.5,3,-3,-9,-7.35,53.4,distribution,28.12,82.77,up,18.88,96.26,up,1.7,5
NVDA,2026-04-13,,189.31,62,2.046,True,2.8,7,3,-9,28.76,54.6,up,32.48,43.37,up,30.88,45.44,up,17.8,4
NVDA,2026-04-14,,196.51,68,2.568,True,2.8,10,9,-5,25.16,61.37,up,32.48,43.37,up,30.88,45.44,up,27.2,4.5
NVDA,2026-04-15,,198.87,70,2.916,True,2.7,9,9,-4,22.02,67.91,up,32.48,43.37,up,30.88,45.44,up,26,3.5
NVDA,2026-04-16,,198.35,69,2.946,True,2.7,8,9,-4,14.47,73.24,up,27.31,49.16,up,30.88,45.44,up,24.8,2
NVDA,2026-04-17,,201.68,71,3.014,True,2.5,7,12,-3,12.66,78.61,up,27.31,49.16,up,26.08,49.76,up,26,3.5
NVDA,2026-04-20,,202.06,72,2.908,True,2.5,7,13,-2,14.52,82.96,up,27.31,49.16,up,26.08,49.76,up,26.8,2.5
NVDA,2026-04-21,,199.88,68,2.527,True,2.5,2,16,-3,-7.06,86.13,distribution,25.01,55.8,up,26.08,49.76,up,20.2,-0.5
NVDA,2026-04-22,,202.5,70,2.295,True,2.4,2,15,-2,17.58,88.65,up,25.01,55.8,up,26.08,49.76,up,22.4,3.5
NVDA,2026-04-23,,199.64,65,1.814,True,2.5,1,14,-4,15.38,90.51,up,25.01,55.8,up,26.08,49.76,up,19.4,2.5
NVDA,2026-04-24,,208.27,72,1.931,True,2.6,3,17,0,13.46,92.68,up,21.22,62.08,up,30.39,56.8,up,25.2,2.5
NVDA,2026-04-27,,216.61,76,2.393,True,2.6,7,26,0,85.3,95.9,up,21.22,62.08,up,30.39,56.8,up,37.2,2.5
NVDA,2026-04-28,,213.17,71,2.291,True,2.8,7,27,-2,44.31,97.53,up,21.22,62.08,up,30.39,56.8,up,38,2.5
NVDA,2026-04-29,,209.25,65,1.804,True,2.8,3,27,-3,4.22,98.16,up,18.09,68.7,up,30.39,56.8,up,32.2,2.5
NVDA,2026-04-30,,199.57,54,0.7301,True,3.2,0,14,-8,3.69,96.48,up,18.09,68.7,up,30.39,56.8,up,16.7,6.5
NVDA,2026-05-01,,198.45,53,-0.111,False,3.2,-5,13,-8,-7.13,93.39,distribution,18.09,68.7,up,26.65,62.89,up,4.9,3.5
NVDA,2026-05-04,,198.48,53,-0.6884,False,3.2,-8,12,-8,-5.96,89.7,distribution,3.29,72.28,up,26.65,62.89,up,0.5,3.5
NVDA,2026-05-05,,196.5,51,-1.197,False,3.1,-8,11,-9,-23.52,85.66,distribution,3.29,72.28,up,26.65,62.89,up,-0.3,4.5
NVDA,2026-05-06,,207.83,61,-0.7834,False,3.2,-1,17,-4,-20.58,83.69,distribution,3.29,72.28,up,26.65,62.89,up,13.9,-0.5
NVDA,2026-05-07,,211.5,63,-0.3008,False,3.1,6,16,-2,14.07,83.3,up,17.5,75.91,up,26.65,62.89,up,24.5,3.5
NVDA,2026-05-08,CONFIRMED_FLOW_LEADERS,215.2,66,0.2024,True,3.1,8,17,-1,44.65,84.33,up,17.5,75.91,up,45.28,67.93,up,30.7,2.5
NVDA,2026-05-11,CONFIRMED_FLOW_LEADERS,219.44,68,0.7261,True,3.1,11,16,0,39.07,86.14,up,17.5,75.91,up,45.28,67.93,up,33.5,2.5
NVDA,2026-05-12,CONFIRMED_FLOW_LEADERS,220.78,69,1.049,True,3.1,12,17,0,45.67,88.11,up,24.87,80.59,up,45.28,67.93,up,35.5,2.5
NVDA,2026-05-13,CONFIRMED_FLOW_LEADERS,225.83,72,1.462,True,3.1,9,15,0,83.24,90.94,up,24.87,80.59,up,45.28,67.93,up,30.3,2.5
NVDA,2026-05-14,CONFIRMED_FLOW_LEADERS,235.74,77,2.218,True,3,11,19,0,72.84,94.3,up,24.87,80.59,up,45.28,67.93,up,36.4,3.5
NVDA,2026-05-15,CONFIRMED_FLOW_LEADERS,225.32,65,1.847,True,3.3,5,14,-4,61.86,95.11,up,21.1,85.82,up,38.41,74.33,up,23.7,2.5
NVDA,2026-05-18,CONFIRMED_FLOW_LEADERS,222.32,62,1.258,True,3.5,1,10,-6,27.95,94.95,up,21.1,85.82,up,38.41,74.33,up,15.7,4
NVDA,2026-05-19,CONFIRMED_FLOW_LEADERS,220.61,60,0.6422,True,3.5,0,9,-6,10.61,93.42,up,21.1,85.82,up,38.41,74.33,up,13.7,4
NVDA,2026-05-20,CONFIRMED_FLOW_LEADERS,223.47,62,0.3326,True,3.4,-1,12,-5,9.16,92.94,up,16.17,89.56,up,38.41,74.33,up,14.9,5.5
NVDA,2026-05-21,CONFIRMED_FLOW_LEADERS,219.51,58,-0.2049,False,3.5,-7,8,-7,7.92,91.84,up,16.17,89.56,up,38.41,74.33,up,2.5,6
NVDA,2026-05-22,CONFIRMED_FLOW_LEADERS,215.33,54,-0.8708,False,3.5,-4,8,-9,-25.38,89.78,distribution,16.17,89.56,up,32.07,78.61,up,2.1,3
NVDA,2026-05-26,CONFIRMED_FLOW_LEADERS,214.86,53,-1.343,False,3.5,-3,3,-9,-22.21,87.05,distribution,13.87,90.95,up,32.07,78.61,up,-0.7,3
NVDA,2026-05-27,CONFIRMED_FLOW_LEADERS,212.6,51,-1.781,False,3.5,-4,-2,-10,-36.94,83.3,distribution,13.87,90.95,up,32.07,78.61,up,-5.9,3
NVDA,2026-05-28,CONFIRMED_FLOW_LEADERS,214.25,53,-1.921,False,3.3,-4,1,-9,-19.54,79.99,distribution,13.87,90.95,up,32.07,78.61,up,-3.5,4
NVDA,2026-05-29,CONFIRMED_FLOW_LEADERS,211.14,49,-2.165,False,3.4,-4,1,-10,-17.1,76.59,distribution,11.96,90.86,up,22.15,79.96,up,-3.5,3
NVDA,2026-06-01,CONFIRMED_FLOW_LEADERS,224.36,60,-1.416,False,3.4,4,12,-5,88.97,75.29,up,11.96,90.86,up,22.15,79.96,up,18.9,4.5
NVDA,2026-06-02,CONFIRMED_FLOW_LEADERS,222.82,59,-1.022,False,3.5,4,12,-5,62.74,75.58,up,11.96,90.86,up,22.15,79.96,up,18.9,4.5
NVDA,2026-06-03,CONFIRMED_FLOW_LEADERS,214.75,51,-1.285,False,3.7,1,8,-9,-5.65,73.63,distribution,13.94,91.37,up,22.15,79.96,up,8.1,4
NVDA,2026-06-04,CONFIRMED_FLOW_LEADERS,218.66,54,-1.179,False,3.7,2,11,-7,-4.94,70.83,distribution,13.94,91.37,up,22.15,79.96,up,11.7,3.5
NVDA,2026-06-05,CONFIRMED_FLOW_LEADERS,205.1,44,-1.959,False,4.2,-3,-1,-13,-4.32,66.36,distribution,13.94,91.37,up,18.86,81.51,up,-4.9,2
NVDA,2026-06-08,CONFIRMED_FLOW_LEADERS,208.64,47,-2.159,False,4,-7,-1,-11,23.72,62.15,up,5.95,90.2,up,18.86,81.51,up,-6.7,7
NVDA,2026-06-09,CONFIRMED_FLOW_LEADERS,208.19,46,-2.233,False,4.1,-7,-3,-12,20.15,57.73,up,5.95,90.2,up,18.86,81.51,up,-8.3,6
NVDA,2026-06-10,CONFIRMED_FLOW_LEADERS,200.42,41,-2.687,False,4.3,-7,-9,-15,-41.01,52.05,down,5.95,90.2,up,18.86,81.51,up,-17.1,1
NVDA,2026-06-11,,204.87,45,-2.57,False,4.1,-6,-7,-13,-2.3,47.47,down,1.41,87.89,up,18.86,81.51,up,-14.3,4
NVDA,2026-06-12,,205.19,45,-2.358,False,3.9,0,-9,-13,0.41,44.52,up,1.41,87.89,up,16.27,81.31,up,-4.7,7
NVDA,2026-06-15,,212.45,51,-1.65,False,3.8,2,-10,-10,0.35,44.1,up,1.41,87.89,up,16.27,81.31,up,-2.1,7
NVDA,2026-06-16,,207.41,47,-1.449,False,3.8,0,-8,-12,-36.43,43.68,distribution,3.76,85.73,up,16.27,81.31,up,-6.9,4
NVDA,2026-06-17,,204.65,45,-1.427,False,3.7,2,-8,-13,-31.88,42.35,distribution,3.76,85.73,up,16.27,81.31,up,-4.5,5
NVDA,2026-06-18,,210.69,50,-0.9546,False,3.6,3,-4,-11,-27.89,42.66,distribution,3.76,85.73,up,16.27,81.31,up,-0.1,6
NVDA,2026-06-22,,208.65,49,-0.7376,False,3.6,2,-7,-11,-39.04,43.32,distribution,3.28,83.96,up,20.27,81.28,up,-3.7,4
NVDA,2026-06-23,,200.04,42,-1.11,False,3.8,-6,-9,-15,-34.16,40.92,distribution,3.28,83.96,up,20.27,81.28,up,-14.9,1
NVDA,2026-06-24,,199,42,-1.346,False,3.7,-4,-8,-16,-37.68,38.35,distribution,3.28,83.96,up,20.27,81.28,up,-11.7,2
NVDA,2026-06-25,,195.74,40,-1.623,False,3.8,-4,-9,-17,-57.37,35.77,distribution,-9.89,80.49,distribution,20.27,81.28,up,-12.5,0
NVDA,2026-06-26,,192.53,38,-1.904,False,3.8,-9,-9,-18,-50.2,32.92,down,-9.89,80.49,distribution,17.42,80.07,up,-19.5,-2
NVDA,2026-06-29,,194.97,40,-1.809,False,3.7,-7,-9,-17,-25.36,30.93,distribution,-9.89,80.49,distribution,17.42,80.07,up,-16.1,0
NVDA,2026-06-30,,200.09,45,-1.307,False,3.6,0,-5,-15,-22.19,31.21,distribution,-8.67,76.51,distribution,17.42,80.07,up,-4.5,5
NVDA,2026-07-01,,197.58,43,-1.061,False,3.6,-1,-12,-16,-38.02,31.36,distribution,-8.67,76.51,distribution,17.42,80.07,up,-11.3,0
NVDA,2026-07-02,,194.83,41,-1,False,3.7,0,-13,-17,-53.66,31.13,distribution,-8.67,76.51,distribution,17.42,80.07,up,-10.9,0
NVDA,2026-07-06,,195.55,42,-0.836,False,3.5,2,-9,-17,-41.62,30.58,distribution,-12.06,72.84,distribution,17.74,77.77,up,-5.3,1
NVDA,2026-07-07,,196.93,44,-0.5711,False,3.5,1,-10,-16,-36.41,29.7,distribution,-12.06,72.84,distribution,17.74,77.77,up,-7.3,0
NVDA,2026-07-08,,204.12,51,0.1152,True,3.5,2,0,-13,-31.86,31.03,distribution,-12.06,72.84,distribution,17.74,77.77,up,3.9,4
NVDA,2026-07-09,,202.78,50,0.4848,True,3.5,3,-3,-14,-37.4,33.78,distribution,-10.61,69.65,distribution,17.74,77.77,up,2.7,4
NVDA,2026-07-10,,210.96,57,1.243,True,3.4,8,1,-11,-32.72,37.7,distribution,-10.61,69.65,distribution,15.34,76.7,up,12.9,3
NVDA,2026-07-13,,203.53,50,1.206,True,3.5,4,2,-14,-73.51,41.09,distribution,-10.61,69.65,distribution,15.34,76.7,up,7.9,4
NVDA,2026-07-14,,211.8,56,1.672,True,3.5,8,3,-10,-58.91,45.65,distribution,-0.77,68.07,distribution,15.34,76.7,up,15.5,2
NVDA,2026-07-15,MACRO_THEMATIC_BENEFICIARIES,212.5,57,1.942,True,3.5,4,4,-10,-48.01,50.83,distribution,-0.77,68.07,distribution,15.34,76.7,up,11.5,4
NVDA,2026-07-16,MACRO_THEMATIC_BENEFICIARIES,207.4,52,1.699,True,3.5,2,-2,-12,-62.28,54.52,distribution,-0.77,68.07,distribution,15.34,76.7,up,2.3,4
NVDA,2026-07-17,,202.81,48,1.178,True,3.7,-4,-2,-14,-50.56,55.43,distribution,-9.33,66.04,distribution,4.37,76.27,up,-4.9,2
NVDA,2026-07-20,,203.28,49,0.829,True,3.6,0,-1,-14,-39.75,56.74,distribution,-9.33,66.04,distribution,4.37,76.27,up,0.7,5
NVDA,2026-07-21,,207.29,52,0.8304,True,3.5,-2,-2,-12,-33.13,58.45,distribution,-9.33,66.04,distribution,4.37,76.27,up,-2.5,3
NVDA,2026-07-22,,212.06,56,1.098,True,3.5,0,2,-10,-27.84,61.49,distribution,0.75,64.92,up,4.37,76.27,up,5.1,5
NVDA,2026-07-23,,208.76,53,1.001,True,3.5,1,4,-11,-34.73,64.13,distribution,0.75,64.92,up,4.37,76.27,up,5.9,5
NVDA,2026-07-24,,206.84,51,0.7661,True,3.5,2,4,-12,-29.13,66.02,distribution,0.75,64.92,up,8.3,76.12,up,7.1,5
NVDA,2026-07-27,,196.51,42,-0.0812,False,3.9,-3,0,-17,-24.59,65.51,distribution,0.66,62.71,up,8.3,76.12,up,-4.1,1
NVDA,2026-07-28,,197.01,43,-0.5766,False,3.8,-5,2,-16,-19.25,62.15,distribution,0.66,62.71,up,8.3,76.12,up,-4.9,2
NVDA,2026-07-29,,190.01,38,-1.303,False,4,-10,-3,-19,-16.45,57.63,distribution,0.66,62.71,up,8.3,76.12,up,-14.9,0
NVDA,2026-07-30,,195.04,43,-1.365,False,3.8,-7,-3,-17,2.69,53.89,up,0.58,58.68,up,8.3,76.12,up,-8.3,5
NVDA,2026-07-31,,200.75,48,-0.961,False,3.7,-3,2,-15,2.35,52.82,up,0.58,58.68,up,7.3,74.67,up,0.5,7
NVDA,2026-08-03,,206.64,53,-0.2726,False,3.8,5,6,-12,21.49,53.25,up,0.58,58.68,up,7.3,74.67,up,13.3,7
NVDA,2026-08-04,,211.94,57,0.5212,True,3.6,8,8,-10,18.81,56.94,up,18.71,57.08,up,7.3,74.67,up,22.5,7
NVDA,2026-08-05,MIMO_SHADOW,219.22,62,1.464,True,3.6,15,11,-7,16.45,62.7,up,18.71,57.08,up,7.3,74.67,up,33.3,4.5
NVDA,2026-08-06,MIMO_SHADOW,218.99,61,1.969,True,3.6,12,7,-7,13.68,68.36,up,18.71,57.08,up,7.3,74.67,up,26.5,4.5
NVDA,2026-08-07,MIMO_SHADOW,223.96,64,2.5,True,3.4,12,10,-5,27.43,73.48,up,29.73,59.71,up,31.91,75.1,up,28.9,5.5
NVDA,2026-08-10,MIMO_SHADOW,217.55,58,2.288,True,3.5,5,3,-8,24,76.59,up,29.73,59.71,up,31.91,75.1,up,14.9,7
NVDA,2026-08-11,MIMO_SHADOW,217.5,58,2.022,True,3.5,3,7,-8,20.84,78.39,up,29.73,59.71,up,31.91,75.1,up,15.7,7
NVDA,2026-08-12,,224.09,62,2.154,True,3.4,2,6,-5,18.24,80.8,up,25.66,63.03,up,31.91,75.1,up,13.7,6
NVDA,2026-08-13,,225.3,63,2.182,True,3.2,3,6,-4,19.72,83.65,up,25.66,63.03,up,31.91,75.1,up,14.9,4
NVDA,2026-08-14,,225.16,63,2.051,True,3.1,1,9,-4,16.82,86.51,up,25.66,63.03,up,28.24,77.02,up,14.9,3
NVDA,2026-08-17,,225.01,63,1.823,True,3,3,11,-5,14.71,89.22,up,22.91,66.65,up,28.24,77.02,up,19.4,5.5
NVDA,2026-08-18,,219.74,57,1.214,True,3,1,8,-7,12.87,89.97,up,22.91,66.65,up,28.24,77.02,up,14.6,7
NVDA,2026-08-19,,217.56,54,0.5938,True,3,-3,5,-8,4.32,89.93,up,22.91,66.65,up,28.24,77.02,up,6.4,6
NVDA,2026-08-20,,216.85,53,0.09071,True,3,-4,2,-8,1.52,88.77,up,19.7,67.89,up,28.24,77.02,up,2.8,6
NVDA,2026-08-21,,214.72,51,-0.4032,False,2.9,-5,3,-9,1.33,86.91,up,19.7,67.89,up,13.35,77.91,up,0.4,7
NVDA,2026-08-24,,208.48,45,-1.127,False,3.1,-7,1,-12,1.17,83.39,up,19.7,67.89,up,13.35,77.91,up,-5.1,6
NVDA,2026-08-25,,213.05,50,-1.264,False,3,-3,8,-10,16.16,80.22,up,16.98,67.93,up,13.35,77.91,up,6.8,7
NVDA,2026-08-26,,209.66,46,-1.532,False,3,-4,6,-11,14.14,76.51,up,16.98,67.93,up,13.35,77.91,up,3,6
NVDA,2026-08-27,,227.98,61,-0.478,False,3.2,5,20,-3,12.37,77.02,up,16.98,67.93,up,13.35,77.91,up,26.5,2.5
NVDA,2026-08-28,,217.55,52,-0.4851,False,3.5,1,12,-8,-21.46,76.71,distribution,14.76,69.13,up,11.54,78.1,up,11.3,3.5
OSCR,2026-05-04,,18.57,80,0.2247,True,4.1,8,56,-17,5.71,104.29,up,6.7,64.18,up,9.95,43.54,up,60.9,3.5
OSCR,2026-05-05,,17.94,70,0.1447,True,4.3,-1,41,-20,5,105.01,up,6.7,64.18,up,9.95,43.54,up,38.1,3.5
OSCR,2026-05-06,,19.84,78,0.1981,True,4.4,11,53,-12,4.37,106.5,up,6.7,64.18,up,9.95,43.54,up,62.1,4.5
OSCR,2026-05-07,,20.87,82,0.2763,True,4.4,13,43,-7,27.57,108.66,up,5.92,71.19,up,9.95,43.54,up,57.5,4.5
OSCR,2026-05-08,,21.31,83,0.3277,True,4.5,15,47,-5,34.27,110.98,up,5.92,71.19,up,8.71,51.84,up,63.1,4.5
OSCR,2026-05-11,,22,84,0.3747,True,4.5,18,52,-2,45.89,113.31,up,5.92,71.19,up,8.71,51.84,up,70.7,2.5
OSCR,2026-05-12,,23.73,88,0.4822,True,4.5,32,53,0,40.15,116.19,up,15.47,78.84,up,8.71,51.84,up,88.3,2.5
OSCR,2026-05-13,,23.62,86,0.5033,True,4.6,19,54,0,32.78,118.83,up,15.47,78.84,up,8.71,51.84,up,73.5,2.5
OSCR,2026-05-14,,23.15,81,0.445,True,4.8,11,48,-2,18.64,120.15,up,15.47,78.84,up,8.71,51.84,up,59.1,2.5
OSCR,2026-05-15,,23.32,82,0.38,True,4.9,9,49,-2,19.94,119.97,up,12.23,85.39,up,16.45,60.8,up,57.5,2.5
OSCR,2026-05-18,,25.3,86,0.4286,True,4.8,15,60,0,17.45,120.43,up,12.23,85.39,up,16.45,60.8,up,73.5,3.5
OSCR,2026-05-19,,24.52,78,0.369,True,5,3,49,-3,-0.1,120.4,distribution,12.23,85.39,up,16.45,60.8,up,47.3,-0.5
OSCR,2026-05-20,,23.42,69,0.2232,True,5.3,-1,45,-7,-0.08,118.89,distribution,11.19,91.09,up,16.45,60.8,up,39.3,1.5
OSCR,2026-05-21,,22.14,61,0.01922,True,5.8,-4,35,-12,-0.07,115.35,distribution,11.19,91.09,up,16.45,60.8,up,25.7,1.5
OSCR,2026-05-22,,22.64,63,-0.09709,False,5.6,-3,38,-11,11.12,111.5,up,11.19,91.09,up,11.41,68.36,up,30.3,5.5
OSCR,2026-05-26,,21.89,58,-0.2319,False,5.8,-13,30,-13,9.95,107.85,up,4.23,94.31,up,11.41,68.36,up,11.9,6.5
OSCR,2026-05-27,,21.99,58,-0.3164,False,5.6,-10,28,-13,11.74,104.11,up,4.23,94.31,up,11.41,68.36,up,13.9,7.5
OSCR,2026-05-28,CONFIRMED_FLOW_LEADERS,22.33,60,-0.349,False,5.4,-5,24,-12,20.48,100.6,up,4.23,94.31,up,11.41,68.36,up,16.7,5.5
OSCR,2026-05-29,CONFIRMED_FLOW_LEADERS,22.23,59,-0.3745,False,5.4,0,24,-12,19.44,97.01,up,5,96.37,up,8.18,73.36,up,22.7,4.5
OSCR,2026-06-01,CONFIRMED_FLOW_LEADERS,22.97,63,-0.3399,False,5.3,1,24,-9,18.06,94.28,up,5,96.37,up,8.18,73.36,up,24.9,5.5
OSCR,2026-06-02,CONFIRMED_FLOW_LEADERS,21.14,51,-0.4326,False,6.1,-3,14,-16,15.94,90.22,up,5,96.37,up,8.18,73.36,up,9.1,5.5
OSCR,2026-06-03,CONFIRMED_FLOW_LEADERS,20.5,48,-0.5234,False,6.3,-7,10,-19,-7.52,84.39,distribution,4.41,97.03,up,8.18,73.36,up,-1.9,2
OSCR,2026-06-04,CONFIRMED_FLOW_LEADERS,23.6,61,-0.3682,False,6.1,6,32,-7,-6.58,82.33,distribution,4.41,97.03,up,8.18,73.36,up,33.3,2.5
OSCR,2026-06-05,CONFIRMED_FLOW_LEADERS,24.51,64,-0.206,False,5.9,10,24,-3,20.56,82.57,up,4.41,97.03,up,7.16,78.14,up,35.7,3.5
OSCR,2026-06-08,CONFIRMED_FLOW_LEADERS,27.39,71,0.07828,True,5.7,19,31,0,17.54,84.76,up,3.91,99.12,up,7.16,78.14,up,55.1,3.5
OSCR,2026-06-09,CONFIRMED_FLOW_LEADERS,27.22,70,0.2294,True,5.9,29,28,-1,10.9,88.04,up,3.91,99.12,up,7.16,78.14,up,64.7,2.5
OSCR,2026-06-10,CONFIRMED_FLOW_LEADERS,27.85,72,0.3396,True,5.9,36,27,0,24.28,91.95,up,3.91,99.12,up,7.16,78.14,up,72.3,2.5
OSCR,2026-06-11,CONFIRMED_FLOW_LEADERS,28.91,74,0.4451,True,5.8,22,22,0,43.7,95.37,up,8.21,102.03,up,7.16,78.14,up,51.5,3.5
OSCR,2026-06-12,CONFIRMED_FLOW_LEADERS,28.26,70,0.432,True,5.8,15,20,-2,22.88,97.92,up,8.21,102.03,up,6.26,83.68,up,41.5,2.5
OSCR,2026-06-15,CONFIRMED_FLOW_LEADERS,29.14,72,0.4419,True,5.8,6,26,0,19.46,100.18,up,8.21,102.03,up,6.26,83.68,up,35.5,2.5
OSCR,2026-06-16,CONFIRMED_FLOW_LEADERS,28.56,69,0.3714,True,5.9,5,22,-2,5.13,102.25,up,6.14,104.51,up,6.26,83.68,up,31.1,2.5
OSCR,2026-06-17,CONFIRMED_FLOW_LEADERS,28.27,67,0.272,True,5.8,2,12,-3,4.46,103.08,up,6.14,104.51,up,6.26,83.68,up,19.5,3.5
OSCR,2026-06-18,CONFIRMED_FLOW_LEADERS,28.4,68,0.1859,True,5.7,-2,16,-3,3.88,103.21,up,6.14,104.51,up,6.26,83.68,up,17.9,3.5
OSCR,2026-06-22,CONFIRMED_FLOW_LEADERS,28.54,68,0.1127,True,5.6,1,22,-2,6.16,103.35,up,5.46,106.39,up,5.96,88.94,up,26.3,3.5
OSCR,2026-06-23,CONFIRMED_FLOW_LEADERS,29.93,72,0.1311,True,5.4,3,35,0,5.35,104.02,up,5.46,106.39,up,5.96,88.94,up,39.1,3.5
OSCR,2026-06-24,CONFIRMED_FLOW_LEADERS,29.16,67,0.06771,True,5.6,2,29,-3,-9.89,104.73,distribution,5.46,106.39,up,5.96,88.94,up,30.1,-0.5
OSCR,2026-06-25,CONFIRMED_FLOW_LEADERS,28.67,64,-0.02587,False,5.6,1,31,-4,-8.66,103.94,distribution,4.84,107.9,up,5.96,88.94,up,27.5,-0.5
OSCR,2026-06-26,CONFIRMED_FLOW_LEADERS,29.79,68,-0.03067,False,5.4,5,35,0,-7.57,103.61,distribution,4.84,107.9,up,5.22,93.64,up,36.5,0.5
OSCR,2026-06-29,CONFIRMED_FLOW_LEADERS,29.45,66,-0.07267,False,5.6,3,32,-2,-12.93,103.29,distribution,4.84,107.9,up,5.22,93.64,up,31.7,-0.5
OSCR,2026-06-30,CONFIRMED_FLOW_LEADERS,28.52,60,-0.1733,False,5.8,-5,28,-5,-11.31,101.47,distribution,4.28,108.43,up,5.22,93.64,up,17.9,1.5
OSCR,2026-07-01,CONFIRMED_FLOW_LEADERS,31.9,70,-0.02989,False,5.6,9,39,0,-9.9,100.88,distribution,4.28,108.43,up,5.22,93.64,up,44.5,0.5
OSCR,2026-07-02,CONFIRMED_FLOW_LEADERS,32.18,71,0.06113,True,5.4,12,52,0,-8.66,101.49,distribution,4.28,108.43,up,5.22,93.64,up,60.5,0.5
OSCR,2026-07-06,CONFIRMED_FLOW_LEADERS,31.44,66,0.04934,True,5.6,6,53,-2,-20.13,101.17,distribution,13.67,109.21,up,12.44,98.08,up,54.1,-0.5
OSCR,2026-07-07,CONFIRMED_FLOW_LEADERS,31.12,65,0.0004145,True,5.5,6,32,-3,-23.04,100.29,distribution,13.67,109.21,up,12.44,98.08,up,36.3,0.5
OSCR,2026-07-08,CONFIRMED_FLOW_LEADERS,30.81,63,-0.06859,False,5.5,8,26,-4,-25.42,98.53,distribution,13.67,109.21,up,12.44,98.08,up,31.9,-0.5
OSCR,2026-07-09,CONFIRMED_FLOW_LEADERS|MIMO_SHADOW,31.2,64,-0.1017,False,5.3,-2,14,-3,-15.63,96.49,distribution,11.52,109.85,up,12.44,98.08,up,10.3,0.5
OSCR,2026-07-10,CONFIRMED_FLOW_LEADERS|MIMO_SHADOW,30.54,60,-0.1774,False,5.4,-5,12,-5,-13.67,95.4,distribution,11.52,109.85,up,5.48,101.87,up,5.1,1.5
OSCR,2026-07-13,CONFIRMED_FLOW_LEADERS|MIMO_SHADOW,31.6,64,-0.1657,False,5.2,1,13,-2,6.4,94.42,up,11.52,109.85,up,5.48,101.87,up,16.1,3.5
OSCR,2026-07-14,CONFIRMED_FLOW_LEADERS|MIMO_SHADOW,31.07,61,-0.2008,False,5.4,0,7,-3,-3.58,93.49,distribution,9.92,109.85,up,5.48,101.87,up,7.1,0
OSCR,2026-07-15,CONFIRMED_FLOW_LEADERS|MIMO_SHADOW,30.61,58,-0.2585,False,5.6,-1,8,-5,-3.13,91.42,distribution,9.92,109.85,up,5.48,101.87,up,6.7,3
OSCR,2026-07-16,CONFIRMED_FLOW_LEADERS|MIMO_SHADOW,28.86,50,-0.4092,False,6.4,-8,-1,-10,-2.74,88.55,distribution,9.92,109.85,up,5.48,101.87,up,-10.9,3
OSCR,2026-07-17,CONFIRMED_FLOW_LEADERS|MIMO_SHADOW,29.1,51,-0.4822,False,6.1,-5,2,-10,2.08,82.3,up,8.91,108.38,up,0.05,103.91,up,-1.9,7
OSCR,2026-07-20,MIMO_SHADOW,29.6,53,-0.4851,False,5.9,-6,5,-8,11.14,77.64,up,8.91,108.38,up,0.05,103.91,up,0.3,7
OSCR,2026-07-21,MIMO_SHADOW,30.77,58,-0.4,False,5.6,-1,8,-4,9.75,75.5,up,8.91,108.38,up,0.05,103.91,up,9.7,5
OSCR,2026-07-22,MIMO_SHADOW,29.5,52,-0.4189,False,5.8,-4,3,-8,8.53,72.99,up,9.55,106.59,up,0.05,103.91,up,1.1,6
OSCR,2026-07-23,MIMO_SHADOW,28.92,49,-0.4572,False,5.7,0,-3,-10,7.47,67.77,up,9.55,106.59,up,0.05,103.91,up,1.1,9
OSCR,2026-07-24,MIMO_SHADOW,28.19,46,-0.5141,False,5.8,-3,-3,-12,-7.4,62.81,distribution,9.55,106.59,up,-2.95,104.63,distribution,-8,2
OSCR,2026-07-27,MIMO_SHADOW,28.34,47,-0.5223,False,5.7,-4,-1,-12,-6.48,57.94,distribution,8.5,104.3,up,-2.95,104.63,distribution,-7.6,3
OSCR,2026-07-28,MIMO_SHADOW,31.4,59,-0.3127,False,5.7,2,5,-2,-5.67,56.43,distribution,8.5,104.3,up,-2.95,104.63,distribution,6.4,0
OSCR,2026-07-29,MIMO_SHADOW,30.57,55,-0.2251,False,5.8,4,4,-5,-19.19,58.21,distribution,8.5,104.3,up,-2.95,104.63,distribution,7,4
OSCR,2026-07-30,MIMO_SHADOW,31.23,58,-0.1229,False,5.6,8,10,-3,-5.48,58.94,distribution,7.56,102.99,up,-2.95,104.63,distribution,17.6,1
OSCR,2026-07-31,MIMO_SHADOW,31.22,58,-0.05951,False,5.5,11,-2,-3,-4.96,60.15,distribution,7.56,102.99,up,-2.58,105.32,distribution,11.6,1.5
OSCR,2026-08-03,MIMO_SHADOW|CAVA_MACRO,30.74,55,-0.05352,False,5.5,8,-4,-4,-12.57,60.45,distribution,7.56,102.99,up,-2.58,105.32,distribution,5.4,0
OSCR,2026-08-04,MIMO_SHADOW|CAVA_MACRO,30.38,53,-0.07608,False,5.4,-3,-3,-6,-17.17,60.74,distribution,3.31,102.63,up,-2.58,105.32,distribution,-7,3
OSCR,2026-08-05,CAVA_MACRO,30.11,52,-0.1094,False,5.4,-2,-3,-6,-15.02,60.28,distribution,3.31,102.63,up,-2.58,105.32,distribution,-5.8,2
OSCR,2026-08-06,CAVA_MACRO,26.54,38,-0.3581,False,6.8,-15,-14,-18,-13.14,53.79,down,3.31,102.63,up,-2.58,105.32,distribution,-33.2,-3
OSCR,2026-08-07,CAVA_MACRO,27.9,44,-0.4134,False,6.7,-11,-11,-13,15.26,48.67,accumulation,2.9,100.06,up,-2.26,104.72,distribution,-23,6
OSCR,2026-08-10,MIRROR_ESPEJO,27.67,43,-0.445,False,6.7,-10,-9,-14,9,45.71,up,2.9,100.06,up,-2.26,104.72,distribution,-19.2,3
OSCR,2026-08-11,MIRROR_ESPEJO,27.97,45,-0.4252,False,6.5,-8,-11,-13,14.33,43.35,up,2.9,100.06,up,-2.26,104.72,distribution,-18.4,4
OSCR,2026-08-12,MIRROR_ESPEJO,29.61,52,-0.2879,False,6.2,-2,-5,-8,12.89,43.8,up,9.86,97.43,up,-2.26,104.72,distribution,-5.4,5
OSCR,2026-08-13,MIRROR_ESPEJO,30.78,56,-0.1134,False,5.8,16,1,-4,35.68,46.93,up,9.86,97.43,up,-2.26,104.72,distribution,23,3.5
OSCR,2026-08-14,MIRROR_ESPEJO,32.76,62,0.1273,True,5.6,17,14,0,31.9,52.51,up,9.86,97.43,up,14.2,104.47,up,38.1,3.5
OSCR,2026-08-17,MIRROR_ESPEJO,31.55,57,0.1928,True,5.8,14,8,-4,4.01,56.89,up,16.94,96.45,up,14.2,104.47,up,29.7,4.5
OSCR,2026-08-18,MIRROR_ESPEJO,31.28,56,0.2048,True,5.7,12,6,-5,-1.91,59.92,distribution,16.94,96.45,up,14.2,104.47,up,22.7,4.5
OSCR,2026-08-19,MIRROR_ESPEJO,32.3,59,0.2644,True,5.6,9,5,-1,18.81,62.78,up,16.94,96.45,up,14.2,104.47,up,21.3,3.5
OSCR,2026-08-20,MIRROR_ESPEJO,31.57,56,0.2385,True,5.8,3,7,-4,16.46,66.04,up,14.97,95.98,up,14.2,104.47,up,15.7,5
OSCR,2026-08-21,MIMO_SHADOW|MIRROR_ESPEJO,32.04,57,0.2363,True,5.6,-2,11,-2,24.06,67.81,up,14.97,95.98,up,10.03,104.73,up,12.9,5.5
OSCR,2026-08-24,MIMO_SHADOW|MIRROR_ESPEJO,31.81,56,0.2039,True,5.7,1,13,-3,16.33,70.4,up,14.97,95.98,up,10.03,104.73,up,18.1,4.5
OSCR,2026-08-25,MIMO_SHADOW|MIRROR_ESPEJO|CAVA_MACRO,30.93,52,0.1124,True,5.9,-1,9,-6,-3.79,71.59,distribution,10.43,95.12,up,10.03,104.73,up,8.5,3
OSCR,2026-08-26,MIMO_SHADOW|MIRROR_ESPEJO|CAVA_MACRO,31.24,54,0.06421,True,6,-3,-1,-5,-3.32,72.91,distribution,10.43,95.12,up,10.03,104.73,up,-1.9,3
OSCR,2026-08-27,MIMO_SHADOW|CAVA_MACRO,30.05,48,-0.05009,False,6.1,-5,-2,-8,-2.91,72.56,distribution,10.43,95.12,up,10.03,104.73,up,-8.1,3
OSCR,2026-08-28,MIMO_SHADOW|CAVA_MACRO,30.47,50,-0.097,False,6.1,-5,-2,-7,6.42,71.21,up,9.2,93.78,up,3.55,104.13,up,-5.1,6
OXY,2026-04-24,,57.12,48,-0.4677,False,3.8,6,-8,-14,18.38,49.87,up,-14.84,104.56,distribution,74.29,104.16,up,3.3,6
OXY,2026-04-27,,57.27,49,-0.3536,False,3.6,5,-11,-14,22.64,49.62,up,-14.84,104.56,distribution,74.29,104.16,up,-0.3,6
OXY,2026-04-28,,58.61,53,-0.1781,False,3.5,4,-10,-12,19.81,50.8,up,-14.84,104.56,distribution,74.29,104.16,up,-0.7,6
OXY,2026-04-29,,60.76,59,0.07888,True,3.4,7,-8,-8,17.33,52.86,up,-13,102.04,distribution,74.29,104.16,up,8.5,4
OXY,2026-04-30,,60.58,59,0.2245,True,3.4,5,-7,-9,7.75,55.3,up,-13,102.04,distribution,74.29,104.16,up,6.9,4
OXY,2026-05-01,,58.71,52,0.1844,True,3.5,3,-6,-11,6.78,56.53,up,-13,102.04,distribution,65,103.75,up,3.3,6
OXY,2026-05-04,,60.27,56,0.2483,True,3.4,5,-4,-9,72.29,58.61,up,-11.38,100.01,distribution,65,103.75,up,9.3,7
OXY,2026-05-05,,59.34,53,0.2148,True,3.3,1,-6,-10,23.69,60.6,up,-11.38,100.01,distribution,65,103.75,up,1.9,7
OXY,2026-05-06,,55.12,42,-0.0886,False,3.9,-9,-12,-17,20.73,58.79,up,-11.38,100.01,distribution,65,103.75,up,-17.9,2
OXY,2026-05-07,,53.94,39,-0.351,False,4,-11,-10,-19,-35.89,55.99,distribution,-9.96,96.42,distribution,65,103.75,up,-21.7,-2
OXY,2026-05-08,,53.03,37,-0.5559,False,3.9,-10,-9,-20,-73.08,52.71,distribution,-9.96,96.42,distribution,56.87,102.21,up,-19.7,-1
OXY,2026-05-11,,55.14,44,-0.5201,False,3.8,-9,-5,-17,-63.94,50.77,distribution,-9.96,96.42,distribution,56.87,102.21,up,-15.3,1
OXY,2026-05-12,,56.27,47,-0.3966,False,3.7,-5,-3,-15,-6.19,50.47,distribution,7.8,91.81,up,56.87,102.21,up,-8.9,4
OXY,2026-05-13,,56.18,47,-0.3016,False,3.5,2,1,-15,-9.38,50.55,distribution,7.8,91.81,up,56.87,102.21,up,2.7,6
OXY,2026-05-14,,56.84,49,-0.1808,False,3.4,5,2,-14,-8.2,51.58,distribution,7.8,91.81,up,56.87,102.21,up,7.1,5
OXY,2026-05-15,,59.62,57,0.08541,True,3.4,12,5,-10,-7.18,55.02,distribution,30.8,88.66,up,156.07,100.89,up,21.9,3.5
OXY,2026-05-18,,59.7,57,0.2564,True,3.3,8,11,-10,-2.96,58.77,distribution,30.8,88.66,up,156.07,100.89,up,21.9,4.5
OXY,2026-05-19,HIGH_CONVICTION,60.7,59,0.4168,True,3.2,8,11,-8,-2.59,63.08,distribution,30.8,88.66,up,156.07,100.89,up,21.9,2.5
OXY,2026-05-20,HIGH_CONVICTION,58.87,53,0.3807,True,3.4,5,5,-11,-76.96,65.77,distribution,27.3,86.3,up,156.07,100.89,up,11.5,4
OXY,2026-05-21,HIGH_CONVICTION,58.83,53,0.3366,True,3.5,4,3,-11,-67.34,67.73,distribution,27.3,86.3,up,156.07,100.89,up,8.7,5
OXY,2026-05-22,HIGH_CONVICTION,58.81,53,0.2903,True,3.4,-1,2,-11,-59.74,67.98,distribution,27.3,86.3,up,114.27,100.35,up,1.9,4
OXY,2026-05-26,HIGH_CONVICTION,57.46,48,0.1596,True,3.4,-4,1,-13,-52.27,67.36,distribution,13.71,83.65,up,114.27,100.35,up,-2.5,3
OXY,2026-05-27,HIGH_CONVICTION,56.89,47,0.03223,True,3.5,-6,-1,-14,-45.74,65.33,distribution,13.71,83.65,up,114.27,100.35,up,-6.5,3
OXY,2026-05-28,HIGH_CONVICTION,57.32,48,-0.02266,False,3.4,-3,-2,-13,-21.86,64.78,distribution,13.71,83.65,up,114.27,100.35,up,-5.7,4
OXY,2026-05-29,HIGH_CONVICTION,56.63,46,-0.1007,False,3.3,-4,-7,-15,-19.13,63.28,distribution,12.12,79.25,up,62.04,98.87,up,-10.9,4
OXY,2026-06-01,HIGH_CONVICTION,58.92,54,0.00137,True,3.4,0,-3,-11,81.12,64.1,up,12.12,79.25,up,62.04,98.87,up,2.1,8
OXY,2026-06-02,HIGH_CONVICTION,59.09,54,0.07558,True,3.3,3,1,-11,78.25,64.4,up,12.12,79.25,up,62.04,98.87,up,8.9,9
OXY,2026-06-03,HIGH_CONVICTION,59.64,56,0.1525,True,3.2,5,-1,-10,91.97,66.03,up,33.78,76.93,up,62.04,98.87,up,11.7,8
OXY,2026-06-04,HIGH_CONVICTION,58.67,52,0.1298,True,3.2,2,-1,-11,39.02,66.03,up,33.78,76.93,up,62.04,98.87,up,6.1,8
OXY,2026-06-05,HIGH_CONVICTION,56.93,46,-0.003566,False,3.3,1,3,-14,-40.22,64.75,distribution,33.78,76.93,up,50.38,97.64,up,3.1,5
OXY,2026-06-08,HIGH_CONVICTION,57.48,48,-0.05322,False,3.2,-2,7,-13,-35.19,63.08,distribution,12.99,74.2,up,50.38,97.64,up,2.7,4
OXY,2026-06-09,HIGH_CONVICTION,56.55,45,-0.1421,False,3.3,-4,7,-15,-30.79,59.87,distribution,12.99,74.2,up,50.38,97.64,up,0.3,3
OXY,2026-06-10,HIGH_CONVICTION,57.1,47,-0.1561,False,3.2,-4,4,-14,-3.28,58.25,distribution,12.99,74.2,up,50.38,97.64,up,-2.1,4
OXY,2026-06-11,,55.47,42,-0.2613,False,3.5,-5,-1,-16,-3.05,55.87,distribution,11.18,70.76,up,50.38,97.64,up,-7.3,1
OXY,2026-06-12,,56.54,46,-0.2452,False,3.5,-1,1,-15,47.74,52.5,up,11.18,70.76,up,41.47,95.53,up,2.1,6
OXY,2026-06-15,,54.46,40,-0.3543,False,3.8,-5,-4,-18,41.77,47.23,accumulation,11.18,70.76,up,41.47,95.53,up,-7.7,4
OXY,2026-06-16,,53.67,38,-0.4531,False,3.7,-5,-10,-19,-2.09,42.45,down,-4.28,66.13,distribution,41.47,95.53,up,-15.5,0
OXY,2026-06-17,,53.04,36,-0.529,False,3.7,-7,-11,-20,-32.64,37.76,down,-4.28,66.13,distribution,41.47,95.53,up,-18.7,-2
OXY,2026-06-18,,51.82,33,-0.623,False,3.7,-7,-15,-22,-28.56,32.97,down,-4.28,66.13,distribution,41.47,95.53,up,-21.9,-3
OXY,2026-06-22,,52,34,-0.6327,False,3.6,-8,-12,-21,-15.98,28.7,down,-3.75,60.7,down,-18.78,91.56,distribution,-22.2,-3
OXY,2026-06-23,,52.23,35,-0.5844,False,3.5,-4,-11,-21,-13.98,26.1,down,-3.75,60.7,down,-18.78,91.56,distribution,-16.6,-1
OXY,2026-06-24,,51.09,32,-0.5884,False,3.6,-5,-13,-23,-69.05,22.91,down,-3.75,60.7,down,-18.78,91.56,distribution,-19.4,-3
OXY,2026-06-25,,51.21,33,-0.5431,False,3.5,-3,-11,-23,-54.44,20.94,down,-9.65,55.02,down,-18.78,91.56,distribution,-15.4,-2
OXY,2026-06-26,,49.99,30,-0.5537,False,3.5,-4,-12,-25,-47.64,18.97,down,-9.65,55.02,down,-16.44,86.7,distribution,-17.4,-3
OXY,2026-06-29,,49.09,28,-0.5771,False,3.5,-6,-14,-26,-79.35,16.6,down,-9.65,55.02,down,-16.44,86.7,distribution,-22.4,-5
OXY,2026-06-30,,48.57,27,-0.5816,False,3.5,-7,-14,-27,-63.16,14.45,down,-8.45,48.98,down,-16.44,86.7,distribution,-23.6,-5
OXY,2026-07-01,,47.94,25,-0.5798,False,3.4,-6,-19,-28,-73.44,11.99,down,-8.45,48.98,down,-16.44,86.7,distribution,-26.4,-4
OXY,2026-07-02,,48.91,31,-0.4707,False,3.3,-4,-17,-26,-58.86,10.92,down,-8.45,48.98,down,-16.44,86.7,distribution,-22.4,-3
OXY,2026-07-06,,48.81,31,-0.3673,False,3.1,-2,-18,-26,-51.69,10.78,distribution,-5.45,43.13,down,-27.44,80.9,distribution,-19.8,-3
OXY,2026-07-07,,51.68,45,-0.08245,False,3.2,5,-12,-22,-43.02,12.9,distribution,-5.45,43.13,down,-27.44,80.9,distribution,-5.6,0
OXY,2026-07-08,,53.59,53,0.2401,True,3.3,10,-6,-19,-36.1,18,distribution,-5.45,43.13,down,-27.44,80.9,distribution,7.2,0.5
OXY,2026-07-09,,52.3,48,0.3645,True,3.3,9,-9,-21,-60.87,22.15,distribution,-4.85,40.64,distribution,-27.44,80.9,distribution,3.6,0.5
OXY,2026-07-10,,52.89,50,0.4775,True,3.2,8,-6,-20,-37.44,26.54,distribution,-4.85,40.64,distribution,-24.01,76.11,distribution,4.8,1
OXY,2026-07-13,,54.81,56,0.6611,True,3.2,12,-4,-17,-31.29,32.43,distribution,-4.85,40.64,distribution,-24.01,76.11,distribution,12.2,0.5
OXY,2026-07-14,,54.57,56,0.74,True,3.2,6,-2,-18,-31.19,38.2,distribution,14.65,40.42,up,-24.01,76.11,distribution,6.6,2
OXY,2026-07-15,,53.77,52,0.7117,True,3.2,0,-5,-19,-41.45,42.98,distribution,14.65,40.42,up,-24.01,76.11,distribution,-4,3
OXY,2026-07-16,,53.65,52,0.6595,True,3.1,3,-1,-19,-36.61,47.09,distribution,14.65,40.42,up,-24.01,76.11,distribution,2.8,4
OXY,2026-07-17,,54.86,56,0.6784,True,3,4,2,-17,-30.63,52.25,distribution,15.45,40.94,up,1.02,73.56,up,9.4,5
OXY,2026-07-20,,55.19,57,0.6832,True,3,1,4,-17,-20.43,57.48,distribution,15.45,40.94,up,1.02,73.56,up,7.4,4
OXY,2026-07-21,,56.5,62,0.7399,True,2.9,4,9,-15,4.35,63.75,up,15.45,40.94,up,1.02,73.56,up,18,5
OXY,2026-07-22,,57.5,64,0.8047,True,2.8,7,11,-13,3.81,70.63,up,34.96,42.47,up,1.02,73.56,up,23.2,5.5
OXY,2026-07-23,,57.6,65,0.8118,True,2.8,7,10,-13,3.33,76.81,up,34.96,42.47,up,1.02,73.56,up,22.4,4
OXY,2026-07-24,,57.3,63,0.7551,True,2.7,4,12,-13,-2.08,80.7,distribution,34.96,42.47,up,28.18,72.65,up,17.4,2.5
OXY,2026-07-27,,54.93,52,0.5275,True,2.9,0,7,-17,-1.82,81.74,distribution,30.1,44.74,up,28.18,72.65,up,7.6,3
OXY,2026-07-28,,53.93,48,0.291,True,3,-5,8,-19,-18.65,80.97,distribution,30.1,44.74,up,28.18,72.65,up,2.4,2
OXY,2026-07-29,,56.03,56,0.2584,True,3,-3,14,-15,-15.94,81.6,distribution,30.1,44.74,up,28.18,72.65,up,10.6,3.5
OXY,2026-07-30,,55.95,55,0.2157,True,2.9,-3,15,-16,-14.91,81.36,distribution,34.11,45.84,up,28.18,72.65,up,10.4,3.5
OXY,2026-07-31,,57.07,59,0.245,True,2.9,0,19,-14,-12.81,81.79,distribution,34.11,45.84,up,22.09,71.27,up,18.2,1.5
OXY,2026-08-03,,55.47,52,0.1436,True,3,1,13,-16,-11.03,80.73,distribution,34.11,45.84,up,22.09,71.27,up,13.6,2.5
OXY,2026-08-04,,55.09,51,0.04329,True,3.1,2,13,-17,-9.52,78.89,distribution,29.38,46.48,up,22.09,71.27,up,14.3,2.5
OXY,2026-08-05,,53.81,46,-0.1087,False,3.2,-4,4,-19,-26.75,76.67,distribution,29.38,46.48,up,22.09,71.27,up,-2.1,2
OXY,2026-08-06,,56.04,54,-0.06082,False,3.3,0,5,-15,-22.65,76.38,distribution,29.38,46.48,up,22.09,71.27,up,3.5,5
OXY,2026-08-07,,55.91,54,-0.04068,False,3.2,-2,7,-16,-20.94,75.08,distribution,25.35,47.52,up,19.33,69.32,up,2.7,3
OXY,2026-08-10,,58.65,62,0.1443,True,3.2,6,11,-11,-18.09,76.18,distribution,25.35,47.52,up,19.33,69.32,up,18.5,1.5
OXY,2026-08-11,MIMO_SHADOW,59.06,63,0.2738,True,3.1,7,8,-11,-10.58,78.57,distribution,25.35,47.52,up,19.33,69.32,up,17.3,2
OXY,2026-08-12,MIMO_SHADOW,58.55,60,0.3025,True,3,9,7,-12,-15.16,79.7,distribution,41.84,50.52,up,19.33,69.32,up,19.4,2.5
OXY,2026-08-13,MIMO_SHADOW,57.7,57,0.2441,True,3,3,7,-13,-13.02,79.43,distribution,41.84,50.52,up,19.33,69.32,up,12.2,4
OXY,2026-08-14,MIMO_SHADOW,58.36,59,0.2299,True,2.9,4,9,-12,-3.51,80.16,distribution,41.84,50.52,up,43.11,69.27,up,15,2
OXY,2026-08-17,,59.04,61,0.245,True,2.8,1,8,-11,5,81.38,up,39.66,54.05,up,43.11,69.27,up,13.6,6
OXY,2026-08-18,,59.8,63,0.2822,True,2.7,1,8,-10,4.37,83.43,up,39.66,54.05,up,43.11,69.27,up,14.6,6
OXY,2026-08-19,,60.09,64,0.3006,True,2.6,3,6,-9,7.22,85.79,up,39.66,54.05,up,43.11,69.27,up,15.4,6
OXY,2026-08-20,,61.52,68,0.3784,True,2.6,7,7,-7,6.32,88.71,up,34.15,59.34,up,43.11,69.27,up,22,4
OXY,2026-08-21,,61.3,67,0.3832,True,2.5,5,6,-7,3.01,90.9,up,34.15,59.34,up,63.6,70.44,up,18.8,6
OXY,2026-08-24,,60.11,60,0.2791,True,2.6,2,5,-9,2.64,91.4,up,34.15,59.34,up,63.6,70.44,up,13.4,6
OXY,2026-08-25,,58.41,53,0.07913,True,2.7,-2,6,-12,-17.52,89.83,distribution,7.67,63.44,up,63.6,70.44,up,4.4,3
OXY,2026-08-26,,58.62,54,-0.04878,False,2.7,-2,9,-12,-12.85,86.98,distribution,7.67,63.44,up,63.6,70.44,up,4.8,3
OXY,2026-08-27,,59.17,56,-0.103,False,2.6,-4,6,-11,-4.81,85.39,distribution,7.67,63.44,up,63.6,70.44,up,1,4
OXY,2026-08-28,,59.1,55,-0.1475,False,2.5,-4,6,-11,-4.98,84.1,distribution,11.87,65.98,up,32.17,70.91,up,0,4
PAM,2026-07-08,,82.46,49,-0.1318,False,3.5,0,1,-11,1.03,47.3,up,-3.6,60.23,distribution,-25.9,61.95,distribution,1.8,5
PAM,2026-07-09,,81.21,45,-0.1382,False,3.5,2,-2,-12,-7.7,46.33,distribution,-5.13,59.02,distribution,-25.9,61.95,distribution,-1.2,3
PAM,2026-07-10,,83,51,-0.01677,False,3.4,3,1,-10,5.59,46.49,up,-5.13,59.02,distribution,-6.03,61.14,distribution,6.4,6
PAM,2026-07-13,,83.43,52,0.09154,True,3.4,1,0,-10,5.01,47.88,up,-5.13,59.02,distribution,-6.03,61.14,distribution,5.2,5
PAM,2026-07-14,,84.11,54,0.2017,True,3.3,2,-5,-9,9.35,50.15,up,0.47,59.41,up,-6.03,61.14,distribution,2.4,7
PAM,2026-07-15,,83.59,53,0.2303,True,3.3,1,-6,-9,8.33,52.59,up,0.47,59.41,up,-6.03,61.14,distribution,0.4,5
PAM,2026-07-16,,81.76,46,0.1221,True,3.4,1,-6,-11,7.45,53.45,up,0.47,59.41,up,-6.03,61.14,distribution,-0.6,5
PAM,2026-07-17,,81.91,47,0.05983,True,3.3,-1,-4,-11,7.81,53.67,up,0.42,59.96,up,-12.77,60.81,distribution,-1.4,5
PAM,2026-07-20,,84.05,54,0.1566,True,3.2,1,-2,-9,24.42,54.8,up,0.42,59.96,up,-12.77,60.81,distribution,3.6,7
PAM,2026-07-21,,87.35,63,0.4216,True,3.2,4,1,-5,22.07,59.16,up,0.42,59.96,up,-12.77,60.81,distribution,10.6,4
PAM,2026-07-22,,89.39,67,0.6967,True,3.1,7,6,-3,36.25,66.22,up,0.38,63,up,-12.77,60.81,distribution,19.2,1
PAM,2026-07-23,,88.93,65,0.8027,True,3,9,8,-4,32.13,72.87,up,0.38,63,up,-12.77,60.81,distribution,22.7,1.5
PAM,2026-07-24,,86.26,56,0.6542,True,3.3,5,8,-7,5.98,76.65,up,0.38,63,up,-11.17,62.88,distribution,17.4,5
PAM,2026-07-27,,85.71,54,0.4879,True,3.2,2,7,-7,5.29,77.84,up,0.34,67.52,up,-11.17,62.88,distribution,12,6
PAM,2026-07-28,,84.89,52,0.3007,True,3.4,-3,5,-8,-2.39,78.31,distribution,0.34,67.52,up,-11.17,62.88,distribution,1.4,2
PAM,2026-07-29,,85.01,52,0.1695,True,3.5,-5,4,-8,-2.09,77.84,distribution,0.34,67.52,up,-11.17,62.88,distribution,-1.8,2
PAM,2026-07-30,,88.69,61,0.3071,True,3.4,0,8,-4,29.64,78.85,up,5.84,71.1,up,-11.17,62.88,distribution,11.4,2
PAM,2026-07-31,,88.32,60,0.3469,True,3.5,2,10,-4,22.77,80.79,up,5.84,71.1,up,3.66,66.46,up,16.9,2
PAM,2026-08-03,MIMO_SHADOW|CAVA_MACRO,86.72,55,0.2439,True,3.4,1,8,-6,19.93,80.66,up,5.84,71.1,up,3.66,66.46,up,13.1,8
PAM,2026-08-04,MIMO_SHADOW|CAVA_MACRO,84.79,49,0.03531,True,3.5,0,3,-8,17.31,79.08,up,5.35,73.58,up,3.66,66.46,up,7.9,8
PAM,2026-08-05,MIMO_SHADOW|CAVA_MACRO,83.83,47,-0.1668,False,3.5,-1,2,-9,6.59,75.76,up,5.35,73.58,up,3.66,66.46,up,3.9,6
PAM,2026-08-06,CAVA_MACRO,82.85,44,-0.3551,False,3.6,-7,0,-10,-2.91,72.04,distribution,5.35,73.58,up,3.66,66.46,up,-7.9,2
PAM,2026-08-07,CAVA_MACRO,82.36,43,-0.4929,False,3.5,-7,1,-11,-2.62,67.26,distribution,-0.28,72.02,distribution,3.21,67.97,up,-8.1,2
PAM,2026-08-10,,82.71,44,-0.5369,False,3.4,-5,0,-10,-2.32,62.17,distribution,-0.28,72.02,distribution,3.21,67.97,up,-5.5,2
PAM,2026-08-11,,79.81,37,-0.7262,False,3.7,-6,-4,-14,-2.1,56.65,down,-0.28,72.02,distribution,3.21,67.97,up,-11.9,0
PAM,2026-08-12,,79.41,36,-0.8353,False,3.6,-5,-6,-14,-6.08,50.2,down,-0.25,68.28,distribution,3.21,67.97,up,-12.3,1
PAM,2026-08-13,,79.11,36,-0.8802,False,3.6,-5,-5,-14,-8.61,44.1,down,-0.25,68.28,distribution,3.21,67.97,up,-11.5,0
PAM,2026-08-14,,78.93,35,-0.8728,False,3.6,-4,-3,-14,-9.61,38.88,down,-0.25,68.28,distribution,-21.19,66.5,distribution,-10.2,-1
PAM,2026-08-17,,79.86,39,-0.7602,False,3.4,-3,-3,-13,-8.41,35.13,down,0.84,62.87,up,-21.19,66.5,distribution,-9,1
PAM,2026-08-18,,79,37,-0.7,False,3.5,-1,-6,-14,-16.7,32.31,distribution,0.84,62.87,up,-21.19,66.5,distribution,-8,0
PAM,2026-08-19,,79.24,38,-0.6041,False,3.4,0,-9,-14,-14.73,30.13,distribution,0.84,62.87,up,-21.19,66.5,distribution,-9.2,1
PAM,2026-08-20,,79.39,39,-0.4952,False,3.3,0,-11,-14,-11.34,28.68,distribution,0.76,58.87,up,-21.19,66.5,distribution,-10.8,1
PAM,2026-08-21,,79.52,39,-0.384,False,3.3,1,-11,-14,-8.55,27.48,distribution,0.76,58.87,up,-18.54,63.47,distribution,-9.6,0
PAM,2026-08-24,,80.56,44,-0.2182,False,3.3,1,-7,-13,3.98,26.82,up,0.76,58.87,up,-18.54,63.47,distribution,-3.4,4
PAM,2026-08-25,,79.76,42,-0.1439,False,3.3,1,-7,-14,3.52,26.61,up,1.67,55.93,up,-18.54,63.47,distribution,-3.4,4
PAM,2026-08-26,,80.72,46,-0.01805,False,3.2,2,-5,-13,14.33,27.13,up,1.67,55.93,up,-18.54,63.47,distribution,-0.6,7
PAM,2026-08-27,,81.14,48,0.09899,True,3.1,2,-5,-12,17.84,28.61,up,1.67,55.93,up,-18.54,63.47,distribution,1.4,7
PAM,2026-08-28,,80.45,45,0.1333,True,3,1,-9,-13,15.94,30.21,up,3.43,53.85,up,-9.77,60.51,distribution,-2.5,5
PLTR,2026-07-13,,130.04,51,1.599,True,5.2,-2,0,-37,-9.25,48.44,distribution,-9.03,34.49,distribution,14.38,29.62,up,-1.9,-1
PLTR,2026-07-14,,133.72,55,1.744,True,5.4,0,2,-35,-8.09,52.11,distribution,4.24,36.38,up,14.38,29.62,up,2.1,2
PLTR,2026-07-15,,133.76,55,1.767,True,5.2,1,5,-35,-6.94,57.41,distribution,4.24,36.38,up,14.38,29.62,up,5.7,3
PLTR,2026-07-16,,134.44,56,1.749,True,5.2,4,0,-35,-6.07,61.92,distribution,4.24,36.38,up,14.38,29.62,up,6.3,2
PLTR,2026-07-17,,132.38,53,1.526,True,5.2,4,-1,-36,-5.31,65.18,distribution,0.17,39.01,up,20.23,30.88,up,4.5,2
PLTR,2026-07-20,,134.85,56,1.474,True,5,4,3,-35,4.3,68.45,up,0.17,39.01,up,20.23,30.88,up,11.7,6
PLTR,2026-07-21,,132.66,53,1.23,True,4.9,-1,3,-36,-4.17,70.75,distribution,0.17,39.01,up,20.23,30.88,up,1.7,1
PLTR,2026-07-22,,124.57,44,0.4989,True,5.4,-7,4,-40,-3.65,70.77,distribution,0.16,40.19,up,20.23,30.88,up,-4.7,-1
PLTR,2026-07-23,,123.37,43,-0.06011,False,5.4,-8,6,-40,-7.82,69.01,distribution,0.16,40.19,up,20.23,30.88,up,-6.3,-1
PLTR,2026-07-24,,122.92,42,-0.4341,False,5.2,-7,8,-41,-8.58,66.9,distribution,0.16,40.19,up,4.59,31.32,up,-3.5,0
PLTR,2026-07-27,,131.53,53,-0.09334,False,5,-2,23,-37,-7.51,66.44,distribution,21.25,40.97,up,4.59,31.32,up,14.5,1.5
PLTR,2026-07-28,,123.53,44,-0.3823,False,5.8,-7,9,-40,-6.57,64.41,distribution,21.25,40.97,up,4.59,31.32,up,-2.7,-1
PLTR,2026-07-29,,123,44,-0.5731,False,5.7,-1,6,-41,-7.78,63.07,distribution,21.25,40.97,up,4.59,31.32,up,2.1,0
PLTR,2026-07-30,,122.26,43,-0.7046,False,5.5,-1,5,-41,-6.81,60.38,distribution,19.64,40.17,accumulation,4.59,31.32,up,1.3,0
PLTR,2026-07-31,,123.06,44,-0.692,False,5.3,0,-2,-41,-5.96,57.23,distribution,19.64,40.17,accumulation,4.07,30.73,up,-3.1,2
PLTR,2026-08-03,,125.65,48,-0.4741,False,5,-4,-3,-39,-5.21,55.73,distribution,19.64,40.17,accumulation,4.07,30.73,up,-8.7,1
PLTR,2026-08-04,,162.66,73,2.059,True,5.3,32,23,-21,-4.56,63.54,distribution,18.08,44.01,up,4.07,30.73,up,60.3,0.5
PLTR,2026-08-05,,158.43,69,3.273,True,5.4,29,18,-24,-16.27,71.15,distribution,18.08,44.01,up,4.07,30.73,up,52.7,0.5
PLTR,2026-08-06,,155.92,66,3.7,True,5.4,28,18,-25,-21.52,75.93,distribution,18.08,44.01,up,4.07,30.73,up,51.5,0.5
PLTR,2026-08-07,CONFIRMED_FLOW_LEADERS|MIMO_SHADOW|CAVA_MACRO,172.01,73,4.79,True,5.2,40,33,-17,-18.83,81.23,distribution,43.27,51.9,up,3.6,36,up,77.9,1.5
PLTR,2026-08-10,CONFIRMED_FLOW_LEADERS|MIMO_SHADOW|CAVA_MACRO,175.23,74,5.405,True,5.1,39,38,-15,-8,86.34,distribution,43.27,51.9,up,3.6,36,up,80.7,2.5
PLTR,2026-08-11,CONFIRMED_FLOW_LEADERS|MIMO_SHADOW|CAVA_MACRO,174.94,74,5.455,True,5,8,35,-16,-7.77,90.23,distribution,43.27,51.9,up,3.6,36,up,41.1,1.5
PLTR,2026-08-12,CONFIRMED_FLOW_LEADERS|MIMO_SHADOW|CAVA_MACRO,171.04,70,4.904,True,5,8,28,-17,-17.05,92.68,distribution,36.76,59.88,up,3.6,36,up,35.5,0.5
PLTR,2026-08-13,CONFIRMED_FLOW_LEADERS|MIMO_SHADOW|CAVA_MACRO,179.01,73,4.753,True,4.8,15,34,-14,-14.92,95.1,distribution,36.76,59.88,up,3.6,36,up,48.7,2.5
PLTR,2026-08-14,CONFIRMED_FLOW_LEADERS|MIMO_SHADOW|CAVA_MACRO,174.04,68,4.023,True,4.8,1,29,-16,-25.55,96.77,distribution,36.76,59.88,up,5.27,44.94,up,27.9,0.5
PLTR,2026-08-17,CONFIRMED_FLOW_LEADERS|MIMO_SHADOW|CAVA_MACRO,172.55,67,3.182,True,4.7,-2,30,-17,-22.36,97.59,distribution,38.83,66.93,up,5.27,44.94,up,25.1,1.5
PLTR,2026-08-18,CONFIRMED_FLOW_LEADERS|MIMO_SHADOW|CAVA_MACRO,171.54,66,2.338,True,4.6,-2,27,-17,-19.56,97.63,distribution,38.83,66.93,up,5.27,44.94,up,22.7,1.5
PLTR,2026-08-19,CONFIRMED_FLOW_LEADERS|MIMO_SHADOW|CAVA_MACRO,175.19,68,1.829,True,4.4,2,32,-15,-16.94,97.83,distribution,38.83,66.93,up,5.27,44.94,up,31.5,2.5
PLTR,2026-08-20,CONFIRMED_FLOW_LEADERS|MIMO_SHADOW|CAVA_MACRO,173.96,66,1.242,True,4.3,-3,40,-16,-17.41,98.18,distribution,35.81,72.47,up,5.27,44.94,up,31.9,1.5
PLTR,2026-08-21,CONFIRMED_FLOW_LEADERS|MIMO_SHADOW|CAVA_MACRO,179.94,69,1.092,True,4.3,3,46,-13,-14.91,98.59,distribution,35.81,72.47,up,10.68,53.19,up,43.9,1.5
PLTR,2026-08-24,MIMO_SHADOW|CAVA_MACRO,175.89,65,0.5829,True,4.4,2,43,-15,-21.59,97.83,distribution,35.81,72.47,up,10.68,53.19,up,39.3,1.5
PLTR,2026-08-25,MIMO_SHADOW|CAVA_MACRO,172.73,62,-0.06978,False,4.5,1,31,-17,-24.95,96.5,distribution,32.56,77.54,up,10.68,53.19,up,26.5,0.5
PLTR,2026-08-26,MIMO_SHADOW|CAVA_MACRO,177.5,65,-0.2719,False,4.4,1,44,-14,-21.17,95.34,distribution,32.56,77.54,up,10.68,53.19,up,36.9,2.5
PLTR,2026-08-27,MIMO_SHADOW|CAVA_MACRO,185.93,69,0.05324,True,4.3,7,51,-10,-18.05,95,distribution,32.56,77.54,up,10.68,53.19,up,53.7,2.5
PLTR,2026-08-28,MIMO_SHADOW|CAVA_MACRO,186.29,69,0.1766,True,4.1,4,52,-10,-14.8,94.8,distribution,78.12,81.94,up,15.74,60.46,up,50.9,2.5
QQQ,2026-04-24,,663.88,75,5.337,True,1.6,2,13,0,13.08,94.52,up,29.21,55.51,up,21.78,52.85,up,20.8,2.5
QQQ,2026-04-27,,664.23,75,4.944,True,1.5,3,16,0,11.64,97.17,up,29.21,55.51,up,21.78,52.85,up,24.4,3.5
QQQ,2026-04-28,,657.55,69,3.899,True,1.6,2,17,-1,10.07,98.15,up,29.21,55.51,up,21.78,52.85,up,24,2.5
QQQ,2026-04-29,,661.57,71,3.175,True,1.5,1,19,0,12.55,99,up,23.67,61.56,up,21.78,52.85,up,24.4,3.5
QQQ,2026-04-30,,667.74,73,2.819,True,1.5,3,16,0,10.95,99.92,up,23.67,61.56,up,21.78,52.85,up,24.4,2.5
QQQ,2026-05-01,,674.15,75,2.722,True,1.5,2,15,0,15.54,101.06,up,23.67,61.56,up,23.8,59.44,up,22.4,2.5
QQQ,2026-05-04,,672.88,74,2.296,True,1.4,1,15,0,12.37,101.56,up,20.11,67.39,up,23.8,59.44,up,21.2,3.5
QQQ,2026-05-05,,681.61,76,2.319,True,1.4,4,16,0,10.83,102.28,up,20.11,67.39,up,23.8,59.44,up,25.6,2.5
QQQ,2026-05-06,,695.77,80,2.963,True,1.4,5,18,0,9.48,103.46,up,20.11,67.39,up,23.8,59.44,up,28.4,2.5
QQQ,2026-05-07,,694.94,79,3,True,1.4,4,15,0,8.3,104.52,up,17.17,73.75,up,23.8,59.44,up,24.8,2.5
QQQ,2026-05-08,,711.23,83,3.74,True,1.5,6,17,0,7.25,106.25,up,17.17,73.75,up,20.81,65.92,up,28.8,2.5
QQQ,2026-05-11,,713.29,83,3.964,True,1.4,6,17,0,8.14,108.35,up,17.17,73.75,up,20.81,65.92,up,28.8,3.5
QQQ,2026-05-12,,707.24,78,3.328,True,1.5,4,15,-1,7.1,108.8,up,14.71,80,up,20.81,65.92,up,24.8,2.5
QQQ,2026-05-13,,714.71,79,3.041,True,1.5,3,14,0,12.78,109.82,up,14.71,80,up,20.81,65.92,up,22.8,2.5
QQQ,2026-05-14,,719.79,81,2.828,True,1.5,4,13,0,15.6,110.86,up,14.71,80,up,20.81,65.92,up,23.2,2.5
QQQ,2026-05-15,,708.93,71,1.648,True,1.5,0,11,-2,13.59,110.16,up,13.26,85.65,up,18.2,72.05,up,16.8,2.5
QQQ,2026-05-18,,705.88,69,0.4204,True,1.5,-1,9,-2,9.17,108.89,up,13.26,85.65,up,18.2,72.05,up,14,2
QQQ,2026-05-19,HIGH_CONVICTION,701.53,66,-0.8579,False,1.6,-1,8,-3,4.21,106.37,up,13.26,85.65,up,18.2,72.05,up,11.2,2
QQQ,2026-05-20,HIGH_CONVICTION,713.15,70,-1.08,False,1.5,0,11,-1,14.12,104.7,up,11.44,90.06,up,18.2,72.05,up,14.8,3.5
QQQ,2026-05-21,HIGH_CONVICTION,714.51,70,-1.28,False,1.5,-1,9,-1,13.53,103.39,up,11.44,90.06,up,18.2,72.05,up,12,2
QQQ,2026-05-22,HIGH_CONVICTION,717.54,71,-1.346,False,1.5,1,10,0,14.44,103.13,up,11.44,90.06,up,19.29,77.19,up,15.2,2
QQQ,2026-05-26,HIGH_CONVICTION,730.28,75,-0.7028,False,1.5,3,10,0,12.59,103.56,up,16.04,93.96,up,19.29,77.19,up,17.6,2
QQQ,2026-05-27,HIGH_CONVICTION,729.45,75,-0.5126,False,1.5,4,10,0,10.98,104,up,16.04,93.96,up,19.29,77.19,up,18.8,2
QQQ,2026-05-28,HIGH_CONVICTION,735.6,76,-0.1698,False,1.4,3,12,0,14.8,104.3,up,16.04,93.96,up,19.29,77.19,up,19.2,3.5
QQQ,2026-05-29,HIGH_CONVICTION,738.31,77,0.03152,True,1.4,3,12,0,12.97,104.85,up,13.78,98.24,up,25.07,82.37,up,21.2,2.5
QQQ,2026-06-01,HIGH_CONVICTION,742.74,78,0.2433,True,1.4,4,11,0,15.17,105.26,up,13.78,98.24,up,25.07,82.37,up,21.6,2.5
QQQ,2026-06-02,HIGH_CONVICTION,746.16,79,0.3856,True,1.4,2,11,0,16.16,106.16,up,13.78,98.24,up,25.07,82.37,up,19.2,2.5
QQQ,2026-06-03,HIGH_CONVICTION,744.21,77,0.1332,True,1.3,2,11,0,14.15,106.93,up,13.88,101.86,up,25.07,82.37,up,19.2,3.5
QQQ,2026-06-04,HIGH_CONVICTION,740.61,74,-0.4589,False,1.4,1,9,-1,12.4,106.01,up,13.88,101.86,up,25.07,82.37,up,14.4,2
QQQ,2026-06-05,HIGH_CONVICTION,705.06,48,-3.271,False,1.7,-5,1,-6,10.85,101.92,up,13.88,101.86,up,21.41,85.29,up,-1.2,5
QQQ,2026-06-08,HIGH_CONVICTION,716.07,54,-4.348,False,1.7,-4,3,-4,19.24,98.32,up,11.95,102.97,up,21.41,85.29,up,1.6,4
QQQ,2026-06-09,HIGH_CONVICTION,707.83,50,-5.5,False,2,-5,0,-5,16.48,93.52,up,11.95,102.97,up,21.41,85.29,up,-2,6
QQQ,2026-06-10,HIGH_CONVICTION,693.69,43,-7.002,False,2.1,-7,-3,-7,1.88,86.99,up,11.95,102.97,up,21.41,85.29,up,-6.8,5
QQQ,2026-06-11,HIGH_CONVICTION,717.12,54,-6.231,False,2.1,-3,1,-4,1.65,82.31,up,10.32,102.27,up,21.41,85.29,up,1.2,4
QQQ,2026-06-12,,721.34,55,-5.289,False,2.1,2,1,-3,5.1,79.86,up,10.32,102.27,up,18.39,86.83,up,7.2,6
QQQ,2026-06-15,,744,63,-3.098,False,2.1,4,3,0,23.39,81.15,up,10.32,102.27,up,18.39,86.83,up,12.2,4
QQQ,2026-06-16,CONFIRMED_FLOW_LEADERS,729.86,56,-2.582,False,2.1,3,3,-2,8.64,81.43,up,13.24,101.98,up,18.39,86.83,up,11,6
QQQ,2026-06-17,CONFIRMED_FLOW_LEADERS,722.51,53,-2.704,False,2.2,4,2,-3,7.66,80.18,up,13.24,101.98,up,18.39,86.83,up,10.4,6
QQQ,2026-06-18,CONFIRMED_FLOW_LEADERS,740.62,59,-1.587,False,2.1,3,6,-1,22.09,80.27,up,13.24,101.98,up,18.39,86.83,up,13.4,4
QQQ,2026-06-22,CONFIRMED_FLOW_LEADERS,737.95,58,-1.076,False,2.1,2,3,-1,16.89,80.55,up,11.43,101.98,up,23.42,89.31,up,9.8,6
QQQ,2026-06-23,CONFIRMED_FLOW_LEADERS,713.65,49,-2.349,False,2.3,-4,0,-4,14.66,76.93,up,11.43,101.98,up,23.42,89.31,up,-0.8,4
QQQ,2026-06-24,CONFIRMED_FLOW_LEADERS,710.62,48,-3.31,False,2.3,-3,-1,-5,10.17,72.57,up,11.43,101.98,up,23.42,89.31,up,-0.4,6
QQQ,2026-06-25,,716.38,50,-3.458,False,2.3,-1,-2,-4,13.77,69.59,up,9.88,100.33,up,23.42,89.31,up,1.2,4
QQQ,2026-06-26,,706.52,46,-4.076,False,2.3,-5,-3,-5,3.61,65.53,up,9.88,100.33,up,20.1,90.6,up,-4.4,6
QQQ,2026-06-29,,724.08,53,-3.198,False,2.3,-2,-2,-3,18.1,63.31,up,9.88,100.33,up,20.1,90.6,up,0,4
QQQ,2026-06-30,,736.4,57,-1.756,False,2.2,3,0,-1,25.57,64,up,15.18,99.01,up,20.1,90.6,up,8.6,7
QQQ,2026-07-01,,725.17,52,-1.533,False,2.2,2,-2,-3,12.83,64.52,up,15.18,99.01,up,20.1,90.6,up,4.8,6
QQQ,2026-07-02,,712.6,48,-2.17,False,2.3,-1,-4,-4,11.12,63.2,up,15.18,99.01,up,20.1,90.6,up,-0.4,4
QQQ,2026-07-06,,722.82,52,-1.852,False,2.3,2,-3,-3,17.74,62.33,up,8.68,97.39,up,19.69,91.74,up,4,6
QQQ,2026-07-07,,709.43,47,-2.455,False,2.3,-2,-4,-5,15.26,59.49,up,8.68,97.39,up,19.69,91.74,up,-1.6,6
QQQ,2026-07-08,,711.44,48,-2.615,False,2.3,-3,1,-5,14.68,56.53,up,8.68,97.39,up,19.69,91.74,up,1.2,6
QQQ,2026-07-09,,723.28,52,-1.856,False,2.2,0,1,-3,21.53,56.39,up,7.71,95.06,up,19.69,91.74,up,4.8,7
QQQ,2026-07-10,,725.51,53,-1.17,False,2.1,2,2,-3,19.99,56.7,up,7.71,95.06,up,21.91,92.15,up,8,7
QQQ,2026-07-13,,711.74,48,-1.584,False,2.2,-2,3,-5,17.23,55.32,up,7.71,95.06,up,21.91,92.15,up,4,6
QQQ,2026-07-14,,719.69,51,-1.275,False,2.1,1,0,-4,20.41,55.23,up,5.54,92.99,up,21.91,92.15,up,5.2,7
QQQ,2026-07-15,,717.74,50,-1.159,False,2.1,1,0,-4,17.42,55.12,up,5.54,92.99,up,21.91,92.15,up,5.2,6
QQQ,2026-07-16,,705.94,46,-1.796,False,2.1,-2,-5,-5,14.91,52.51,accumulation,5.54,92.99,up,21.91,92.15,up,-3.4,6
QQQ,2026-07-17,,695.33,42,-2.791,False,2.2,-4,-5,-7,12.81,47.7,accumulation,4.84,89.8,up,18.7,91.27,up,-5.8,5
QQQ,2026-07-20,,696.06,42,-3.229,False,2.1,-2,-4,-7,11.53,44.42,accumulation,4.84,89.8,up,18.7,91.27,up,-2.6,6
QQQ,2026-07-21,,708.97,48,-2.51,False,2.1,-1,-4,-5,9.95,42.9,up,4.84,89.8,up,18.7,91.27,up,-0.4,7
QQQ,2026-07-22,,705.35,47,-2.152,False,2,-2,-4,-5,6.22,41.68,up,7.62,86.82,up,18.7,91.27,up,-1.6,7
QQQ,2026-07-23,,691.96,42,-2.658,False,2.1,-2,-3,-7,5.42,38.87,accumulation,7.62,86.82,up,18.7,91.27,up,-1.8,5
QQQ,2026-07-24,,684.23,39,-3.312,False,2.1,-2,-4,-8,-0.47,35.38,down,7.62,86.82,up,11.88,89.34,up,-5.6,1
QQQ,2026-07-27,,682.12,39,-3.658,False,2.1,-2,-5,-9,-1.85,32.22,down,6.65,82.3,up,11.88,89.34,up,-6.4,1
QQQ,2026-07-28,,675.49,36,-4.073,False,2.1,-5,-4,-9,-1.62,28.37,down,6.65,82.3,up,11.88,89.34,up,-9.2,1
QQQ,2026-07-29,,661.73,32,-4.955,False,2.2,-6,-9,-11,-1.43,24.63,down,6.65,82.3,up,11.88,89.34,up,-15.4,-1
QQQ,2026-07-30,,683.55,43,-3.802,False,2.2,-1,-7,-8,-1.26,23.4,distribution,5.82,76.56,up,11.88,89.34,up,-5.8,2
QQQ,2026-07-31,,687.99,45,-2.535,False,2.2,1,-5,-8,1.97,24.43,up,5.82,76.56,up,10.38,86.46,up,1.2,8
QQQ,2026-08-03,,700.07,50,-0.7681,False,2.2,3,-2,-6,10.03,26.4,up,5.82,76.56,up,10.38,86.46,up,6,8
RCAT,2026-05-05,,10.43,38,-0.1481,False,10.4,-8,-20,-40,-3.6,30.86,down,-2.36,63.78,distribution,-10.65,70.42,distribution,-30.6,-5
RCAT,2026-05-06,,10.62,39,-0.1418,False,10,-4,-12,-39,-1.03,28.32,down,-2.36,63.78,distribution,-10.65,70.42,distribution,-19.4,-3
RCAT,2026-05-07,,10.36,38,-0.1419,False,9.8,-12,-21,-40,-0.9,26.36,down,-2.06,58.62,distribution,-10.65,70.42,distribution,-36.2,-4
RCAT,2026-05-08,,10.37,38,-0.1284,False,9.6,-8,-13,-40,-0.67,24.95,distribution,-2.06,58.62,distribution,-9.2,66.84,distribution,-24,-4
RCAT,2026-05-11,,11.25,45,-0.05124,False,9.3,2,-9,-35,-0.59,24.66,distribution,-2.06,58.62,distribution,-9.2,66.84,distribution,-8.8,-1
RCAT,2026-05-12,,11.03,44,-0.008381,False,9.4,6,-14,-36,-2.81,24.99,distribution,0.1,54.22,up,-9.2,66.84,distribution,-8,-2
RCAT,2026-05-13,,9.4,35,-0.07921,False,11.7,-11,-26,-46,-2.45,22.34,down,0.1,54.22,up,-9.2,66.84,distribution,-39,-5
RCAT,2026-05-14,,9.74,38,-0.09168,False,10.9,-6,-25,-44,2.02,21.39,accumulation,0.1,54.22,up,-9.2,66.84,distribution,-29.2,2
RCAT,2026-05-15,,9.49,37,-0.1044,False,10.8,-8,-31,-45,-1.3,20.45,down,0.09,48.56,accumulation,-7.96,62.95,distribution,-39.4,-3
RCAT,2026-05-18,,8.93,34,-0.136,False,11.4,-21,-30,-49,-1.13,19.5,down,0.09,48.56,accumulation,-7.96,62.95,distribution,-54.2,-5
RCAT,2026-05-19,,8.55,33,-0.1662,False,11.5,-22,-32,-51,-5.88,18.07,down,0.09,48.56,accumulation,-7.96,62.95,distribution,-57,-5
RCAT,2026-05-20,,8.94,36,-0.1443,False,10.6,-5,-29,-49,-0.12,17.6,down,-1.73,43.93,down,-7.96,62.95,distribution,-34.2,-3
RCAT,2026-05-21,,9.03,37,-0.1097,False,10.1,-7,-33,-48,1.06,17.71,up,-1.73,43.93,down,-7.96,62.95,distribution,-35.8,-2
RCAT,2026-05-22,,9.41,40,-0.05023,False,9.5,-1,-25,-46,0.92,19.12,up,-1.73,43.93,down,-7.32,58.47,distribution,-22.2,0
RCAT,2026-05-26,,9.77,44,0.02055,True,8.9,9,-17,-44,0.81,21.93,up,1.21,39.98,accumulation,-7.32,58.47,distribution,-1.8,2.5
RCAT,2026-05-27,,10.67,51,0.1291,True,8.3,25,-9,-39,0.71,26.22,up,1.21,39.98,accumulation,-7.32,58.47,distribution,23.8,2.5
RCAT,2026-05-28,,14.15,68,0.4201,True,8,58,25,-18,0.62,36.59,up,1.21,39.98,accumulation,-7.32,58.47,distribution,93.6,2.5
RCAT,2026-05-29,,14.5,69,0.6093,True,8.4,61,31,-16,3.42,46.66,up,1.06,41.65,up,-6.34,57.58,distribution,102,1.5
RCAT,2026-06-01,CONFIRMED_FLOW_LEADERS,14.84,70,0.723,True,8.4,58,27,-15,5.79,56.39,up,1.06,41.65,up,-6.34,57.58,distribution,95.2,2.5
RCAT,2026-06-02,CONFIRMED_FLOW_LEADERS,14.95,70,0.7669,True,8.2,53,33,-14,5.97,64.77,up,1.06,41.65,up,-6.34,57.58,distribution,94,3.5
RCAT,2026-06-03,CONFIRMED_FLOW_LEADERS,13.79,62,0.682,True,9,29,25,-21,-4.41,70.5,distribution,-0.64,46.06,distribution,-6.34,57.58,distribution,54.8,-1.5
RCAT,2026-06-04,CONFIRMED_FLOW_LEADERS,14.74,65,0.6539,True,8.7,4,41,-15,-3.86,75.41,distribution,-0.64,46.06,distribution,-6.34,57.58,distribution,37.6,0.5
RCAT,2026-06-05,CONFIRMED_FLOW_LEADERS,12.68,53,0.4693,True,10.8,-13,19,-27,-19.33,78.16,distribution,-0.64,46.06,distribution,-11.58,58.78,distribution,-2.4,-1.5
RCAT,2026-06-08,CONFIRMED_FLOW_LEADERS,12.46,52,0.3127,True,10.8,-16,20,-28,-18.56,79.65,distribution,-3.5,48.6,distribution,-11.58,58.78,distribution,-5.2,-0.5
RCAT,2026-06-09,CONFIRMED_FLOW_LEADERS,11.495,47,0.1336,True,12,-23,11,-34,-16.2,79.44,distribution,-3.5,48.6,distribution,-11.58,58.78,distribution,-20.8,-1.5
RCAT,2026-06-10,CONFIRMED_FLOW_LEADERS,10.895,45,-0.02731,False,12.4,-21,-3,-37,-18.96,78.33,distribution,-3.5,48.6,distribution,-11.58,58.78,distribution,-31.6,-2
RCAT,2026-06-11,,12.01,50,-0.05881,False,11.2,-19,9,-31,-16.42,77.45,distribution,-4.03,49.22,distribution,-11.58,58.78,distribution,-19.6,-1
RCAT,2026-06-12,,11.18,46,-0.1316,False,12,-12,19,-36,-20.16,76.53,distribution,-4.03,49.22,distribution,-14.86,57.45,distribution,-3.2,-1.5
RCAT,2026-06-15,,11.97,50,-0.1226,False,11.1,-4,23,-31,-12.12,76.13,distribution,-4.03,49.22,distribution,-14.86,57.45,distribution,9.6,-0.5
RCAT,2026-06-16,,10.9,46,-0.1815,False,12,-5,15,-37,-10.5,74.96,distribution,-3.51,48.85,distribution,-14.86,57.45,distribution,2,-1.5
RCAT,2026-06-17,,11.2,47,-0.1918,False,11.6,3,25,-35,-9.11,72.76,distribution,-3.51,48.85,distribution,-14.86,57.45,distribution,19.6,-0.5
RCAT,2026-06-18,,11.44,48,-0.1746,False,11.1,-5,34,-34,-8.08,70.69,distribution,-3.51,48.85,distribution,-14.86,57.45,distribution,17.2,-0.5
RCAT,2026-06-22,,10.63,44,-0.2076,False,11.7,-5,19,-39,-13.37,67.74,distribution,-3.06,47.92,distribution,-12.77,55.64,distribution,5.2,-2.5
RCAT,2026-06-23,,10.18,42,-0.247,False,11.8,-15,13,-41,-15.33,63.75,distribution,-3.06,47.92,distribution,-12.77,55.64,distribution,-11.6,-2.5
RCAT,2026-06-24,,9.34,39,-0.3125,False,12.6,-14,-1,-46,-13.16,59.44,distribution,-3.06,47.92,distribution,-12.77,55.64,distribution,-21.6,-4
RCAT,2026-06-25,,8.91,37,-0.3642,False,13,-20,-9,-49,-14.8,54.14,distribution,-6.84,46.03,distribution,-12.77,55.64,distribution,-35.2,-5
RCAT,2026-06-26,,9.28,40,-0.3526,False,12,-19,-13,-47,-12.72,49.7,distribution,-6.84,46.03,distribution,-17.55,52.38,distribution,-37.2,-3
RCAT,2026-06-29,,10.32,46,-0.2584,False,10.8,-3,-27,-41,-10.95,47.53,distribution,-6.84,46.03,distribution,-17.55,52.38,distribution,-29.2,-1
RCAT,2026-06-30,,10.65,48,-0.1621,False,10.3,5,-27,-39,-9.45,47.34,distribution,-5.93,45,distribution,-17.55,52.38,distribution,-19.6,-1
RCAT,2026-07-01,,10.55,47,-0.09651,False,10.2,13,-29,-39,-8.81,47.64,distribution,-5.93,45,distribution,-17.55,52.38,distribution,-11.6,-0.5
RCAT,2026-07-02,,10.44,47,-0.05411,False,10.7,17,-30,-40,-7.63,48.13,distribution,-5.93,45,distribution,-17.55,52.38,distribution,-7.6,-1.5
RCAT,2026-07-06,,10.11,45,-0.04235,False,10.6,9,-27,-42,-8.69,47.81,distribution,-6.23,44.98,distribution,-15.02,50.26,distribution,-14.8,-0.5
RCAT,2026-07-07,,9.23,40,-0.08543,False,11.6,-11,-37,-47,-12.97,46.36,distribution,-6.23,44.98,distribution,-15.02,50.26,distribution,-46.8,-4
RCAT,2026-07-08,,9.17,40,-0.1081,False,11.4,-14,-28,-47,-11.17,44.74,distribution,-6.23,44.98,distribution,-15.02,50.26,distribution,-43.2,-3
RCAT,2026-07-09,,9.19,40,-0.1114,False,10.9,-13,-26,-47,-9.52,43.28,distribution,-7.21,43.86,distribution,-15.02,50.26,distribution,-40.4,-3
RCAT,2026-07-10,,8.83,38,-0.1264,False,10.9,-15,-23,-49,-8.23,41.21,distribution,-7.21,43.86,distribution,-17.04,47.75,distribution,-40.4,-5
RCAT,2026-07-13,,8.38,36,-0.1535,False,11.2,-17,-23,-52,-7.13,38.76,distribution,-7.21,43.86,distribution,-17.04,47.75,distribution,-42.8,-5
RCAT,2026-07-14,,8.79,39,-0.1314,False,10.3,-5,-27,-49,-3.53,37.3,distribution,-7.03,41.97,distribution,-17.04,47.75,distribution,-31.6,-3
RCAT,2026-07-15,,8.24,36,-0.1406,False,11,-10,-26,-53,-3.08,35.99,distribution,-7.03,41.97,distribution,-17.04,47.75,distribution,-36.8,-5
RCAT,2026-07-16,,7.67,33,-0.17,False,11.5,-17,-36,-56,-6.58,33.93,distribution,-7.03,41.97,distribution,-17.04,47.75,distribution,-53.2,-6
RCAT,2026-07-17,,7.64,33,-0.1755,False,11.3,-13,-30,-56,-5.91,31.82,distribution,-6.1,39.91,distribution,-17.57,44.08,distribution,-43.6,-5
RCAT,2026-07-20,,7.76,35,-0.1559,False,10.6,-7,-31,-55,-4.33,30.34,distribution,-6.1,39.91,distribution,-17.57,44.08,distribution,-37.2,-4
RIO,2026-07-28,,91.64,44,0.4979,True,2.3,1,-2,-18,8.4,35.66,up,11.04,49.29,accumulation,4.02,69.05,accumulation,4.1,6
RIO,2026-07-29,,93.66,50,0.6331,True,2.3,1,-1,-16,7.49,39.89,up,11.04,49.29,accumulation,4.02,69.05,accumulation,4.9,7
RIO,2026-07-30,,97.18,59,0.9284,True,2.4,6,2,-13,40.56,46.81,up,9.53,47.6,up,4.02,69.05,accumulation,14.3,5
RIO,2026-07-31,,96.85,58,1.061,True,2.3,6,4,-14,34.53,52.68,up,9.53,47.6,up,3.5,65.84,up,16.4,8
RIO,2026-08-03,,95.9,55,1.042,True,2.3,4,2,-14,22.1,56.42,up,9.53,47.6,up,3.5,65.84,up,11.4,8
RIO,2026-08-04,,99.01,62,1.187,True,2.4,8,6,-12,20.73,61.82,up,11.62,47.76,up,3.5,65.84,up,20.4,4
RIO,2026-08-05,,101.51,66,1.384,True,2.4,8,11,-9,19.36,67.77,up,11.62,47.76,up,3.5,65.84,up,26.4,4.5
RIO,2026-08-06,,99.65,60,1.323,True,2.4,3,12,-11,-5.47,71.81,distribution,11.62,47.76,up,3.5,65.84,up,16.2,1.5
RIO,2026-08-07,,101.1,63,1.311,True,2.3,4,13,-10,-5.6,75.92,distribution,10.02,49.75,up,13.4,65.15,up,19.2,2.5
RIO,2026-08-10,,101.91,64,1.287,True,2.2,6,13,-9,7.68,79.17,up,10.02,49.75,up,13.4,65.15,up,24.6,5.5
RIO,2026-08-11,,100.99,62,1.143,True,2.2,2,12,-10,6.72,81.5,up,10.02,49.75,up,13.4,65.15,up,19,4.5
RIO,2026-08-12,,101.22,62,1.003,True,2.2,0,9,-10,5.88,83.87,up,8.87,52.32,up,13.4,65.15,up,14.2,4
RIO,2026-08-13,,98.2,53,0.6619,True,2.3,-1,5,-12,5.14,83.86,up,8.87,52.32,up,13.4,65.15,up,7.8,6
RIO,2026-08-14,,95.68,47,0.2439,True,2.4,-5,6,-15,-37.94,81.58,distribution,8.87,52.32,up,-1.53,64.41,distribution,-0.7,2
RIO,2026-08-17,,97.21,51,0.05716,True,2.3,-5,8,-13,-7.43,80.05,distribution,7.68,52.77,up,-1.53,64.41,distribution,0.9,3
RIO,2026-08-18,,96.69,50,-0.1057,False,2.3,-4,9,-14,-6.5,77.81,distribution,7.68,52.77,up,-1.53,64.41,distribution,0.9,2
RIO,2026-08-19,,100.44,58,0.02773,True,2.3,-1,11,-10,-5.69,77.78,distribution,7.68,52.77,up,-1.53,64.41,distribution,10.1,2.5
RIO,2026-08-20,,102.17,61,0.2108,True,2.4,4,11,-9,23.22,78.72,up,6.66,54.11,up,-1.53,64.41,distribution,19.1,2.5
RIO,2026-08-21,,105.3,66,0.5044,True,2.4,10,15,-6,20.32,81.92,up,6.66,54.11,up,-1.34,64.48,distribution,30.5,2.5
RIO,2026-08-24,CAVA_MACRO,104.8,64,0.6189,True,2.3,8,15,-6,9.87,84.71,up,6.66,54.11,up,-1.34,64.48,distribution,27.1,3.5
RIO,2026-08-25,CAVA_MACRO,106.81,67,0.774,True,2.3,10,16,-5,40.43,87.32,up,13.59,58.07,up,-1.34,64.48,distribution,31.3,2.5
RIO,2026-08-26,,104.7,61,0.6818,True,2.3,4,14,-7,35.38,89.09,up,13.59,58.07,up,-1.34,64.48,distribution,21.5,2.5
RIO,2026-08-27,,104.78,62,0.5775,True,2.2,3,12,-6,31.99,89.33,up,13.59,58.07,up,-1.34,64.48,distribution,18.7,3.5
RIO,2026-08-28,,103.3,58,0.3703,True,2.2,-2,6,-8,28.08,88.84,up,5.88,61.45,up,-5.62,66.2,distribution,7.9,4
ROOT,2026-06-08,,54.92,51,-0.4202,False,6.1,-4,-3,-65,-18.2,57.37,distribution,-5.49,51.39,distribution,-6.5,27.08,distribution,-11.2,-2
ROOT,2026-06-09,,53.85,49,-0.3813,False,6.2,-3,-5,-65,-18.37,56.9,distribution,-5.49,51.39,distribution,-6.5,27.08,distribution,-11.6,-2
ROOT,2026-06-10,,53.96,49,-0.3327,False,6.2,3,-5,-65,-15.71,56.53,distribution,-5.49,51.39,distribution,-6.5,27.08,distribution,-4.4,0
ROOT,2026-06-11,,54.74,51,-0.2371,False,6.1,4,-8,-65,-11.52,56.74,distribution,-5.57,53.55,distribution,-6.5,27.08,distribution,-5.6,0
ROOT,2026-06-12,,54.9,51,-0.1561,False,6.1,3,-4,-65,-9.53,57.75,distribution,-5.57,53.55,distribution,-4.41,29.56,distribution,-3.6,0
ROOT,2026-06-15,,54.86,51,-0.1009,False,6,0,-3,-63,-8.24,57.88,distribution,-5.57,53.55,distribution,-4.41,29.56,distribution,-5.4,1
ROOT,2026-06-16,,57.17,56,0.08547,True,5.7,6,3,-61,-1.43,59.56,distribution,-5.01,55.91,distribution,-4.41,29.56,distribution,9.6,0
ROOT,2026-06-17,,48.5,39,-0.3567,False,7.6,-10,-17,-65,-1.26,57.18,distribution,-5.01,55.91,distribution,-4.41,29.56,distribution,-29.6,-6
ROOT,2026-06-18,,51.99,46,-0.3927,False,7.2,-5,-3,-62,-1.11,53.12,distribution,-5.01,55.91,distribution,-4.41,29.56,distribution,-12.4,-1
ROOT,2026-06-22,,51.07,45,-0.4528,False,7.1,-7,-10,-63,-3.52,50.27,distribution,-4.51,56.31,distribution,-3.84,31.56,distribution,-20.4,-2
ROOT,2026-06-23,,52.18,47,-0.3944,False,6.7,-5,-10,-61,0,47.95,up,-4.51,56.31,distribution,-3.84,31.56,distribution,-15,1
ROOT,2026-06-24,,53.1,49,-0.2759,False,6.4,-7,-7,-60,0,47.93,up,-4.51,56.31,distribution,-3.84,31.56,distribution,-15,1
ROOT,2026-06-25,,52.24,47,-0.2389,False,6.4,8,-10,-60,0,48.17,up,0.61,55.44,up,-3.84,31.56,distribution,0.6,1
ROOT,2026-06-26,,55.69,54,0.02066,True,6.1,7,3,-58,0,49.81,up,0.61,55.44,up,-3.34,33.54,distribution,11.8,2
ROOT,2026-06-29,,57.73,57,0.316,True,5.8,13,10,-56,5.31,54.43,up,0.61,55.44,up,-3.34,33.54,distribution,26.6,2.5
ROOT,2026-06-30,,55.92,53,0.372,True,5.9,7,7,-57,-0.06,58.55,distribution,0.55,56.2,up,-3.34,33.54,distribution,13,-1
ROOT,2026-07-01,CONFIRMED_FLOW_LEADERS,60.01,60,0.6506,True,5.7,13,5,-54,-0.06,64.53,distribution,0.55,56.2,up,-3.34,33.54,distribution,19.6,-1.5
ROOT,2026-07-02,CONFIRMED_FLOW_LEADERS,61.73,62,0.9015,True,5.6,18,11,-53,4.12,71.09,up,0.55,56.2,up,-3.34,33.54,distribution,33.4,0.5
ROOT,2026-07-06,CONFIRMED_FLOW_LEADERS|MIMO_SHADOW,63.99,65,1.154,True,5.4,15,22,-51,9.09,77.59,up,31.91,59.95,up,2.47,37.65,up,40.1,2.5
ROOT,2026-07-07,CONFIRMED_FLOW_LEADERS|MIMO_SHADOW,63.6,64,1.223,True,5.3,10,21,-52,7.01,83.24,up,31.91,59.95,up,2.47,37.65,up,33.3,2.5
ROOT,2026-07-08,CONFIRMED_FLOW_LEADERS|MIMO_SHADOW,66.21,68,1.362,True,5.3,18,24,-50,6.28,87.83,up,31.91,59.95,up,2.47,37.65,up,46.3,1.5
ROOT,2026-07-09,CONFIRMED_FLOW_LEADERS|MIMO_SHADOW,64.4,63,1.252,True,5.4,7,17,-51,1.2,91.62,up,30.49,64.59,up,2.47,37.65,up,26.5,1.5
ROOT,2026-07-10,CONFIRMED_FLOW_LEADERS|MIMO_SHADOW,64.36,63,1.102,True,5.3,4,20,-51,0.98,94.43,up,30.49,64.59,up,4.5,43.82,up,25.3,2.5
ROOT,2026-07-13,CONFIRMED_FLOW_LEADERS|MIMO_SHADOW,62.33,58,0.8052,True,5.5,-3,16,-53,0.88,95.25,up,30.49,64.59,up,4.5,43.82,up,13.7,3.5
ROOT,2026-07-14,CONFIRMED_FLOW_LEADERS|MIMO_SHADOW,61.73,57,0.5215,True,5.4,-3,13,-53,-0.84,94.97,distribution,16.96,68.24,up,4.5,43.82,up,8.3,1.5
ROOT,2026-07-15,CONFIRMED_FLOW_LEADERS|MIMO_SHADOW,55.69,45,-0.08749,False,6.4,-16,1,-58,-0.74,92.11,distribution,16.96,68.24,up,4.5,43.82,up,-20.9,0
ROOT,2026-07-16,CONFIRMED_FLOW_LEADERS|MIMO_SHADOW,59.43,52,-0.2441,False,6.1,-8,8,-55,-0.66,89.25,distribution,16.96,68.24,up,4.5,43.82,up,-5.7,1
ROOT,2026-07-17,,59.63,52,-0.3344,False,5.9,-7,4,-55,0,87.04,up,15.72,69.52,up,3.94,48.27,up,-3.7,4
ROOT,2026-07-20,,60.07,53,-0.3623,False,5.6,-4,24,-54,1.32,85.28,up,15.72,69.52,up,3.94,48.27,up,15.9,4.5
ROOT,2026-07-21,,59.06,51,-0.4412,False,5.6,-4,14,-53,1.17,83.72,up,15.72,69.52,up,3.94,48.27,up,7.9,3.5
ROOT,2026-07-22,,58.68,50,-0.5069,False,5.5,5,15,-54,1.06,81.43,up,9.8,70.54,up,3.94,48.27,up,19.5,4.5
ROOT,2026-07-23,,57.54,48,-0.6082,False,5.4,-3,10,-55,-2.81,78.21,distribution,9.8,70.54,up,3.94,48.27,up,2.9,1
ROOT,2026-07-24,,57.95,49,-0.6261,False,5.3,-3,9,-54,-1.13,75.4,distribution,9.8,70.54,up,1.83,51.02,up,2.1,1
ROOT,2026-07-27,,59.65,52,-0.5071,False,5.1,-1,14,-52,-1.03,73.3,distribution,14.29,70.59,up,1.83,51.02,up,8.5,1.5
ROOT,2026-07-28,,61.4,56,-0.3042,False,4.9,4,10,-51,-0.93,71.91,distribution,14.29,70.59,up,1.83,51.02,up,12.3,1
ROOT,2026-07-29,,56.56,46,-0.4792,False,5.9,-4,-2,-55,-17.77,68.76,distribution,14.29,70.59,up,1.83,51.02,up,-7.9,-1
ROOT,2026-07-30,,58.04,49,-0.4774,False,5.6,1,4,-54,-15.92,65.92,distribution,13.29,70.32,up,1.83,51.02,up,2.9,3
ROOT,2026-07-31,,54.15,42,-0.7066,False,6.2,-7,-10,-57,-14.19,62.32,distribution,13.29,70.32,up,1.6,52.22,up,-18.9,-2
ROOT,2026-08-03,,57.07,48,-0.6323,False,5.9,-4,-8,-55,-1.3,59.26,distribution,13.29,70.32,up,1.6,52.22,up,-12.7,1
ROOT,2026-08-04,,59.12,52,-0.4258,False,5.6,-4,-8,-53,6.87,58.82,up,19.57,69.65,up,1.6,52.22,up,-9.7,4
ROOT,2026-08-05,,60.28,54,-0.203,False,5.4,7,-5,-52,6.32,59.85,up,19.57,69.65,up,1.6,52.22,up,5.9,4
ROOT,2026-08-06,,50.51,39,-0.6788,False,8.1,-13,-24,-59,5.82,53.08,accumulation,19.57,69.65,up,1.6,52.22,up,-35.3,-1
ROOT,2026-08-07,,51.5,41,-0.8793,False,7.9,-5,-20,-50,10.6,49.92,accumulation,18.68,66.23,up,1.4,51.73,up,-22.5,3
ROOT,2026-08-10,,53.44,44,-0.8341,False,7.5,-6,-17,-48,20.45,47.78,up,18.68,66.23,up,1.4,51.73,up,-20.3,3
ROOT,2026-08-11,,51.59,42,-0.8772,False,7.7,-13,-17,-50,7.64,45.93,up,18.68,66.23,up,1.4,51.73,up,-28.7,1
ROOT,2026-08-12,,48.27,38,-1.065,False,8.4,-20,-22,-53,6.69,43.84,accumulation,-10.03,60.36,distribution,1.4,51.73,up,-42.1,-1
ROOT,2026-08-13,,49.83,41,-1.02,False,7.8,-1,-11,-52,15.12,41.57,accumulation,-10.03,60.36,distribution,1.4,51.73,up,-10.5,2
ROOT,2026-08-14,,51.45,43,-0.8257,False,7.3,0,-13,-50,22.85,40.4,up,-10.03,60.36,distribution,1.17,49.73,up,-9.9,3
ROOT,2026-08-17,,49.7,41,-0.7606,False,7.4,-7,-17,-52,20,38.95,up,3.68,55.17,up,1.17,49.73,up,-21.5,1
ROOT,2026-08-18,,52.29,46,-0.5014,False,7,1,-13,-49,33.43,38.5,up,3.68,55.17,up,1.17,49.73,up,-8.7,4
ROOT,2026-08-19,,56.46,52,-0.03215,False,6.6,17,-4,-45,54.9,40.4,up,3.68,55.17,up,1.17,49.73,up,17.7,4.5
ROOT,2026-08-20,,57.41,54,0.3388,True,6.2,15,-2,-44,53.88,44.05,up,72.48,53.19,up,1.17,49.73,up,18.9,4.5
ROOT,2026-08-21,,55.79,51,0.4638,True,6.4,8,-3,-46,47.14,46.97,up,72.48,53.19,up,1.03,49.5,up,9.7,3
ROOT,2026-08-24,,56.54,52,0.5783,True,6.1,14,-2,-45,46,49.46,up,72.48,53.19,up,1.03,49.5,up,17.7,4.5
ROOT,2026-08-25,,57.7,54,0.7052,True,5.7,10,-3,-44,40.25,52.13,up,66.02,53.99,up,1.03,49.5,up,13.1,4.5
SASK.V,2026-05-05,,1,55,0.0006809,True,6.9,-2,28,-10,4.03,95,up,-3.48,77.11,distribution,-4.19,86,distribution,23,3.5
SASK.V,2026-05-06,,1.13,65,0.005352,True,6.9,11,49,0,31.12,94.97,up,-3.05,79.97,distribution,-4.19,86,distribution,56.4,-0.5
SASK.V,2026-05-07,,1.17,67,0.01007,True,6.8,6,46,0,28.52,95.82,up,-3.05,79.97,distribution,-4.19,86,distribution,49,0.5
SASK.V,2026-05-08,,1.15,65,0.01071,True,6.7,14,40,-2,21.72,96.54,up,-3.05,79.97,distribution,-3.65,87.8,distribution,52.8,0.5
SASK.V,2026-05-11,,1.11,60,0.007461,True,6.8,8,39,-5,19.87,96.52,up,-3.12,83.01,distribution,-3.65,87.8,distribution,44.8,1.5
SASK.V,2026-05-12,,1.05,54,0.0006555,True,7.3,5,28,-10,2.95,94.5,up,-3.12,83.01,distribution,-3.65,87.8,distribution,31.4,3.5
SASK.V,2026-05-13,,1.02,52,-0.006111,False,7.5,-10,20,-13,-5.25,91.08,distribution,-3.12,83.01,distribution,-3.65,87.8,distribution,1,1.5
SASK.V,2026-05-14,,0.99,49,-0.01249,False,7.5,-15,8,-15,-13.15,86.32,distribution,-5.49,84.01,distribution,-3.65,87.8,distribution,-14.6,1
SASK.V,2026-05-15,,1.03,52,-0.01378,False,7,-10,10,-12,-12.47,82.29,distribution,-5.49,84.01,distribution,-5.61,89.19,distribution,-7,2
SASK.V,2026-05-19,,0.93,44,-0.02073,False,8,-16,-2,-21,-42.43,76.55,distribution,-5.49,84.01,distribution,-5.61,89.19,distribution,-23.8,-1
SASK.V,2026-05-20,,0.97,48,-0.02188,False,7.5,-8,-1,-17,-26.28,71.75,distribution,-5.22,83.46,distribution,-5.61,89.19,distribution,-13.4,1
SASK.V,2026-05-21,,0.95,46,-0.02311,False,7.6,-7,-1,-19,-24.26,66.35,distribution,-5.22,83.46,distribution,-5.61,89.19,distribution,-12.2,0
SASK.V,2026-05-22,,0.96,47,-0.02236,False,7.2,-3,-4,-18,-18.31,62.18,distribution,-5.22,83.46,distribution,-6.28,88.75,distribution,-9.8,1
SASK.V,2026-05-25,,1.01,52,-0.01781,False,7,-2,-7,-14,-16.19,59.11,distribution,-3.63,83.6,distribution,-6.28,88.75,distribution,-11,2
SASK.V,2026-05-26,,1.08,57,-0.009789,False,6.7,16,1,-8,-14.17,59.45,distribution,-3.63,83.6,distribution,-6.28,88.75,distribution,19,2.5
SASK.V,2026-05-27,,1.05,54,-0.006379,False,6.8,8,1,-10,-22.2,60.71,distribution,-3.63,83.6,distribution,-6.28,88.75,distribution,8.4,1
SASK.V,2026-05-28,,1.06,55,-0.003469,False,6.7,12,4,-9,-19.43,61.81,distribution,-3.17,84.58,distribution,-6.28,88.75,distribution,15.6,2.5
SASK.V,2026-05-29,,1.16,62,0.004726,True,6.3,21,14,-1,-17,64.73,distribution,-3.17,84.58,distribution,-5.45,89.29,distribution,37.4,-1.5
SASK.V,2026-06-01,CONFIRMED_FLOW_LEADERS,1.17,63,0.01005,True,6.3,16,6,0,-14.87,69.48,distribution,-3.17,84.58,distribution,-5.45,89.29,distribution,25,-2.5
SASK.V,2026-06-02,CONFIRMED_FLOW_LEADERS,1.2,65,0.01455,True,6.2,11,19,0,-13.01,75.45,distribution,-2.76,87.16,distribution,-5.45,89.29,distribution,29.4,-1.5
SASK.V,2026-06-03,CONFIRMED_FLOW_LEADERS,1.18,63,0.01507,True,6.3,12,15,-2,-16.82,80.1,distribution,-2.76,87.16,distribution,-5.45,89.29,distribution,27.4,-2.5
SASK.V,2026-06-04,CONFIRMED_FLOW_LEADERS,1.11,55,0.009845,True,6.7,5,11,-8,-14.42,82.51,distribution,-2.76,87.16,distribution,-5.45,89.29,distribution,14.8,1.5
SASK.V,2026-06-05,CONFIRMED_FLOW_LEADERS,0.93,41,-0.005748,False,9,-20,-18,-23,-12.39,79.9,distribution,-7.52,87.97,distribution,-4.74,89.11,distribution,-41.4,-3
SASK.V,2026-06-08,CONFIRMED_FLOW_LEADERS,0.92,41,-0.01616,False,9,-21,-21,-23,-13.99,75.22,distribution,-7.52,87.97,distribution,-4.74,89.11,distribution,-45,-2
SASK.V,2026-06-09,CONFIRMED_FLOW_LEADERS,0.91,40,-0.02275,False,9.3,-24,-21,-24,-12.03,69.83,distribution,-7.52,87.97,distribution,-4.74,89.11,distribution,-48.6,-2
SASK.V,2026-06-10,CONFIRMED_FLOW_LEADERS,0.9,39,-0.02653,False,9.4,-24,-19,-25,-14.39,65.55,distribution,-7.11,85.64,distribution,-4.74,89.11,distribution,-47,-3
SASK.V,2026-06-11,,1.01,49,-0.02065,False,8.6,-9,-4,-16,-12.37,63.16,distribution,-7.11,85.64,distribution,-4.74,89.11,distribution,-17,1
SASK.V,2026-06-12,,1.06,53,-0.01279,False,8.2,14,4,-12,-10.66,63.33,distribution,-7.11,85.64,distribution,-1.47,87.57,distribution,17,2.5
SASK.V,2026-06-15,,1.1,56,-0.004726,False,7.8,20,11,-8,2.07,64.89,up,-6.19,84.67,distribution,-1.47,87.57,distribution,34.8,4.5
SASK.V,2026-06-16,,1.06,53,-0.00204,False,7.9,16,3,-12,-9.75,66.31,distribution,-6.19,84.67,distribution,-1.47,87.57,distribution,18.6,1.5
SASK.V,2026-06-17,,1.09,55,0.001603,True,7.4,21,17,-9,0.17,67.7,up,-6.19,84.67,distribution,-1.47,87.57,distribution,41.8,4.5
SASK.V,2026-06-18,,1.23,63,0.01267,True,6.9,22,27,0,0.15,71.51,up,-5.39,86.21,distribution,-1.47,87.57,distribution,52,0.5
SASK.V,2026-06-19,,1.11,54,0.01119,True,8,5,17,-10,-31.77,73.86,distribution,-5.39,86.21,distribution,-1.29,87.95,distribution,19.6,1.5
SASK.V,2026-06-22,CONFIRMED_FLOW_LEADERS|MIMO_SHADOW,1.09,52,0.00828,True,8,-1,14,-11,-32.58,74.33,distribution,-5.39,86.21,distribution,-1.29,87.95,distribution,9,1.5
SASK.V,2026-06-23,CONFIRMED_FLOW_LEADERS|MIMO_SHADOW,1.08,52,0.005245,True,8,2,7,-12,-29.8,74.06,distribution,-6.72,86.5,distribution,-1.29,87.95,distribution,7,2
SASK.V,2026-06-24,CONFIRMED_FLOW_LEADERS|MIMO_SHADOW,1.04,49,0.0003633,True,8.2,-5,-4,-15,-25.14,72.96,distribution,-6.72,86.5,distribution,-1.29,87.95,distribution,-10.2,1
SASK.V,2026-06-25,CONFIRMED_FLOW_LEADERS|MIMO_SHADOW,1,46,-0.00542,False,8.4,-19,-5,-19,-21.33,70.89,distribution,-6.72,86.5,distribution,-1.29,87.95,distribution,-29.8,0
SASK.V,2026-06-26,CONFIRMED_FLOW_LEADERS|MIMO_SHADOW,1,46,-0.0089,False,8.2,-10,-6,-19,-18.18,68.87,distribution,-6.92,85.35,distribution,-3.26,87.54,distribution,-19.8,1
SASK.V,2026-06-29,MIMO_SHADOW,1.02,48,-0.009457,False,7.9,-6,-12,-17,-15.55,67.56,distribution,-6.92,85.35,distribution,-3.26,87.54,distribution,-19.8,0
SASK.V,2026-06-30,MIMO_SHADOW,0.99,45,-0.01132,False,8,-8,-15,-20,-13.52,66.51,distribution,-6.92,85.35,distribution,-3.26,87.54,distribution,-24.6,-1
SASK.V,2026-07-02,MIMO_SHADOW,1.09,54,-0.005589,False,7.4,5,-9,-11,-11.77,66.25,distribution,-6.01,84.62,distribution,-3.26,87.54,distribution,-4.2,2
SASK.V,2026-07-03,,1.07,52,-0.003037,False,7.3,7,-9,-13,-14.36,66.93,distribution,-6.01,84.62,distribution,-1.49,87.11,distribution,-1.8,2
SASK.V,2026-07-06,,1.06,51,-0.001969,False,7.3,6,-5,-14,-12.34,67.62,distribution,-6.01,84.62,distribution,-1.49,87.11,distribution,0.2,2
SASK.V,2026-07-07,,0.98,45,-0.006349,False,8,-4,5,-20,-26.7,66.79,distribution,-5.29,83.44,distribution,-1.49,87.11,distribution,-3.8,0
SASK.V,2026-07-08,,1.08,53,-0.002413,False,7.5,9,17,-12,-22.61,67.65,distribution,-5.29,83.44,distribution,-1.49,87.11,distribution,21.4,2.5
SASK.V,2026-07-09,,1.07,52,-0.0004858,False,7.7,-2,18,-13,-19.24,67.96,distribution,-5.29,83.44,distribution,-1.49,87.11,distribution,9,1.5
SASK.V,2026-07-10,,1.11,55,0.003274,True,7.2,4,23,-10,-9.67,69.22,distribution,-4.65,83.01,distribution,-1.3,87.2,distribution,23.2,2.5
SASK.V,2026-07-13,MIMO_SHADOW,1.09,53,0.004149,True,7.3,3,8,-11,-8.36,70.24,distribution,-4.65,83.01,distribution,-1.3,87.2,distribution,9,2
SASK.V,2026-07-14,MIMO_SHADOW,1.12,55,0.00635,True,7.1,14,6,-9,-2.08,71.23,distribution,-4.65,83.01,distribution,-1.3,87.2,distribution,21.6,2.5
SASK.V,2026-07-15,MIMO_SHADOW,1.05,49,0.002872,True,7.5,-3,-5,-15,-13.72,71.33,distribution,-4.81,82.56,distribution,-1.3,87.2,distribution,-8.6,1
SASK.V,2026-07-16,MIMO_SHADOW,0.98,44,-0.00399,False,8.1,-8,-8,-20,-11.8,68.46,distribution,-4.81,82.56,distribution,-1.3,87.2,distribution,-19,-1
SASK.V,2026-07-17,,1.02,47,-0.005585,False,7.6,-8,-6,-17,-10.17,65.01,distribution,-4.81,82.56,distribution,-2.82,86.72,distribution,-17.4,1
SASK.V,2026-07-20,,1.04,49,-0.005058,False,7.3,-5,-15,-15,-5.46,62.79,distribution,-4.24,80.87,distribution,-2.82,86.72,distribution,-21,2
SASK.V,2026-07-21,,1.02,48,-0.00577,False,7.3,-9,-8,-17,-4.74,61.99,distribution,-4.24,80.87,distribution,-2.82,86.72,distribution,-20.2,0
SASK.V,2026-07-22,,1.06,51,-0.003379,False,6.8,1,-3,-14,2.69,62.34,up,-4.24,80.87,distribution,-2.82,86.72,distribution,-1.2,6
SASK.V,2026-07-23,,1.05,50,-0.002352,False,6.7,7,-3,-15,0.65,61.99,up,-3.61,79.32,distribution,-2.82,86.72,distribution,6,4
SASK.V,2026-07-24,,0.99,45,-0.005419,False,7.2,-3,-5,-20,0.58,59.95,up,-3.61,79.32,distribution,-3.07,84.71,distribution,-7.6,2
SASK.V,2026-07-27,,1.02,48,-0.005135,False,6.7,-2,2,-17,6.28,57.71,up,-3.61,79.32,distribution,-3.07,84.71,distribution,-0.8,3
SASK.V,2026-07-28,,0.98,45,-0.007222,False,7.2,-4,-2,-20,5.6,54.09,up,-3.16,76.2,distribution,-3.07,84.71,distribution,-6.4,2
SASK.V,2026-07-29,,0.96,43,-0.009392,False,7.2,-9,-6,-22,0.86,50.18,up,-3.16,76.2,distribution,-3.07,84.71,distribution,-15.6,1
SASK.V,2026-07-30,,1.02,49,-0.006373,False,6.8,-3,3,-17,13.89,48.63,up,-3.16,76.2,distribution,-3.07,84.71,distribution,-1.2,3
SASK.V,2026-07-31,,0.98,45,-0.006629,False,7.1,-1,-10,-20,12.46,47.65,up,-2.76,72.09,distribution,-2.91,81.75,distribution,-9.2,2
SASK.V,2026-08-04,,1.04,51,-0.002526,False,6.7,2,-3,-15,11.27,47.74,up,-2.76,72.09,distribution,-2.91,81.75,distribution,0,6
SASK.V,2026-08-05,,1.04,51,0.0002709,True,6.4,6,-2,-15,10.16,48.99,up,-2.76,72.09,distribution,-2.91,81.75,distribution,7.6,5
SASK.V,2026-08-06,,1.04,51,0.002101,True,6.1,8,6,-15,9.06,50.32,up,-1.61,69.75,distribution,-2.91,81.75,distribution,16.4,4
SASK.V,2026-08-07,,1.07,54,0.00514,True,5.8,5,-1,-13,7.93,53.22,up,-1.61,69.75,distribution,-0.82,80.19,distribution,8.2,5
SASK.V,2026-08-10,,1.14,60,0.01132,True,5.5,16,7,-7,23.16,58.11,up,-1.61,69.75,distribution,-0.82,80.19,distribution,29.8,2.5
SASK.V,2026-08-11,,1.1,55,0.01209,True,5.9,6,-1,-11,11,63.26,up,-1.4,70.88,distribution,-0.82,80.19,distribution,9.4,4
SASK.V,2026-08-12,,1.13,58,0.01388,True,5.6,9,4,-8,9.62,67.76,up,-1.4,70.88,distribution,-0.82,80.19,distribution,19,4.5
SASK.V,2026-08-13,,1.07,52,0.01044,True,5.9,3,-4,-13,-5.12,70.29,distribution,-1.4,70.88,distribution,-0.82,80.19,distribution,0.4,3
SASK.V,2026-08-14,,1.06,51,0.007058,True,5.9,-1,1,-14,-6.74,71.68,distribution,-1.73,71.71,distribution,-0.72,79.75,distribution,-0.4,1
SASK.V,2026-08-17,,1.13,57,0.008988,True,5.6,-1,15,-8,-5.9,74.25,distribution,-1.73,71.71,distribution,-0.72,79.75,distribution,12.8,2.5
SASK.V,2026-08-18,,1.09,53,0.007104,True,5.7,-1,7,-11,-13.63,76.3,distribution,-1.73,71.71,distribution,-0.72,79.75,distribution,4.4,1
SASK.V,2026-08-19,,1.11,55,0.00674,True,5.5,-2,7,-10,-11.92,78.89,distribution,-1.51,72.3,distribution,-0.72,79.75,distribution,4.2,2
SASK.V,2026-08-20,,1.1,54,0.005419,True,5.3,3,8,-11,-12.51,80.22,distribution,-1.51,72.3,distribution,-0.72,79.75,distribution,10,3
SASK.V,2026-08-21,,1.18,60,0.009299,True,5.1,11,11,-4,-10.95,83.36,distribution,-1.51,72.3,distribution,-0.63,80.75,distribution,24,-1.5
SASK.V,2026-08-24,,1.21,62,0.01302,True,4.9,7,15,-2,-3.77,87.49,distribution,-1.32,74.83,distribution,-0.63,80.75,distribution,22.4,-1.5
SASK.V,2026-08-25,,1.24,65,0.01642,True,4.8,14,25,0,-3.3,91.84,distribution,-1.32,74.83,distribution,-0.63,80.75,distribution,38.8,-1.5
SE,2026-06-01,,95.25,60,0.5611,True,4.7,9,12,-52,7.94,71.07,up,-16.2,32.5,distribution,0.66,18.24,up,24.9,0.5
SE,2026-06-02,,93.14,56,0.5395,True,4.7,5,8,-53,-4.9,72.68,distribution,-16.2,32.5,distribution,0.66,18.24,up,13.9,0
SE,2026-06-03,,89.46,50,0.2547,True,5,-4,5,-54,-4.28,71.04,distribution,-18.62,36.27,distribution,0.66,18.24,up,-0.3,-1
SE,2026-06-04,,92.09,54,0.2219,True,4.8,0,9,-53,11.6,70.21,up,-18.62,36.27,distribution,0.66,18.24,up,10.7,3
SE,2026-06-05,,86.56,46,-0.1724,False,5.3,-4,-4,-56,10.15,67.45,up,-18.62,36.27,distribution,0.58,19.96,up,-6.5,2
SE,2026-06-08,,84.49,43,-0.5516,False,5.3,-11,-5,-57,-3.96,62.51,distribution,-35.66,38.55,distribution,0.58,19.96,up,-18.7,-2
SE,2026-06-09,,84.87,44,-0.7436,False,5.2,-9,-2,-57,-3.47,57.78,distribution,-35.66,38.55,distribution,0.58,19.96,up,-13.9,-1
SE,2026-06-10,,82.44,41,-0.986,False,5.3,-8,-3,-58,-3.04,52.79,distribution,-35.66,38.55,distribution,0.58,19.96,up,-13.5,-2
SE,2026-06-11,,85.69,46,-0.8825,False,5.1,-7,-11,-56,18.01,48.96,up,-32.08,39.3,distribution,0.58,19.96,up,-15.7,2
SE,2026-06-12,,82.94,43,-0.9486,False,5.2,-4,-11,-58,15.76,46.43,up,-32.08,39.3,distribution,-9.03,21.25,distribution,-13.6,-1
SE,2026-06-15,,86.66,49,-0.7023,False,5.1,3,-2,-56,13.79,45.48,up,-32.08,39.3,distribution,-9.03,21.25,distribution,2,3
SE,2026-06-16,,86.81,49,-0.4995,False,5.1,2,-2,-56,13.01,45.55,up,-28.61,40.78,distribution,-9.03,21.25,distribution,0.8,2
SE,2026-06-17,,90.84,55,-0.08576,False,5,10,3,-54,11.38,47.85,up,-28.61,40.78,distribution,-9.03,21.25,distribution,14.4,1.5
SE,2026-06-18,,91.28,55,0.2096,True,4.9,7,5,-54,12.6,50.68,up,-28.61,40.78,distribution,-9.03,21.25,distribution,14.4,1
SE,2026-06-22,,89.04,51,0.2437,True,4.9,7,3,-55,-2.43,51.95,distribution,-25.46,44.46,distribution,14.26,23.8,up,11.3,-1
SE,2026-06-23,,91.79,55,0.4302,True,4.8,6,3,-53,-2.13,53.42,distribution,-25.46,44.46,distribution,14.26,23.8,up,10.1,1
SE,2026-06-24,,92.75,57,0.5873,True,4.8,7,6,-53,-1.86,56.95,distribution,-25.46,44.46,distribution,14.26,23.8,up,14.7,-1
SE,2026-06-25,MIMO_SHADOW,89.01,50,0.4163,True,5.1,-2,0,-55,-23.2,58.21,distribution,-22.75,48.21,distribution,14.26,23.8,up,-1.9,-1
SE,2026-06-26,,91.33,54,0.4345,True,5,0,-2,-54,-6.92,58.54,distribution,-22.75,48.21,distribution,12.91,26.92,up,-1.1,2
SE,2026-06-29,,92.95,56,0.5247,True,4.9,4,1,-53,-6.05,61.51,distribution,-22.75,48.21,distribution,12.91,26.92,up,7.1,2
SE,2026-06-30,,95.83,60,0.7345,True,4.8,4,6,-51,-5.3,65,distribution,-20.49,52.7,distribution,12.91,26.92,up,11.1,-1
SE,2026-07-01,MIMO_SHADOW,102.33,67,1.238,True,4.7,10,7,-48,31.1,71.52,up,-20.49,52.7,distribution,12.91,26.92,up,23.1,1.5
SE,2026-07-02,MIMO_SHADOW,103.3,68,1.542,True,4.6,16,11,-47,27.21,78.33,up,-20.49,52.7,distribution,12.91,26.92,up,33.5,1.5
SE,2026-07-06,,105,69,1.75,True,4.4,15,17,-47,33.07,83.85,up,-18.41,60.49,distribution,11.53,31.73,up,37.1,1.5
SE,2026-07-07,CONFIRMED_FLOW_LEADERS|MIMO_SHADOW,104.23,68,1.724,True,4.3,12,13,-47,24.74,88.4,up,-18.41,60.49,distribution,11.53,31.73,up,30.3,1.5
SE,2026-07-08,CONFIRMED_FLOW_LEADERS|MIMO_SHADOW,105.31,69,1.668,True,4.3,10,22,-46,21.65,90.94,up,-18.41,60.49,distribution,11.53,31.73,up,35.1,0.5
SE,2026-07-09,MIMO_SHADOW,109.11,72,1.764,True,4.2,7,29,-44,39.42,93.82,up,-1.81,68.03,distribution,11.53,31.73,up,37.1,1.5
SE,2026-07-10,MIMO_SHADOW,111.14,74,1.835,True,4.3,8,31,-43,34.5,97.5,up,-1.81,68.03,distribution,10.28,38.34,up,39.9,0.5
SE,2026-07-13,MIMO_SHADOW,110.66,73,1.722,True,4.3,5,34,-44,27.64,99.73,up,-1.81,68.03,distribution,10.28,38.34,up,38.7,0.5
SE,2026-07-14,MIMO_SHADOW,109.29,70,1.438,True,4.3,5,28,-44,16.94,100.2,up,-1.62,74.99,distribution,10.28,38.34,up,33.9,0.5
SE,2026-07-15,MACRO_THEMATIC_BENEFICIARIES,111.36,72,1.279,True,4.2,6,34,-43,25.78,100.64,up,-1.62,74.99,distribution,10.28,38.34,up,39.9,1.5
SE,2026-07-16,MACRO_THEMATIC_BENEFICIARIES,106.22,61,0.743,True,4.6,-3,23,-46,22.55,99.91,up,-1.62,74.99,distribution,10.28,38.34,up,19.3,0.5
SE,2026-07-17,,104.05,57,0.1868,True,4.7,-6,20,-47,19.73,97.21,up,-21.08,79.25,distribution,9.15,44.12,up,13.3,2.5
SE,2026-07-20,,105.69,59,-0.1101,False,4.6,-4,16,-46,26.68,95.2,up,-21.08,79.25,distribution,9.15,44.12,up,10.5,1.5
SE,2026-07-21,,106.26,60,-0.2971,False,4.4,-3,16,-46,26.59,93.48,up,-21.08,79.25,distribution,9.15,44.12,up,11.7,1.5
SE,2026-07-22,,104.88,57,-0.529,False,4.4,-6,18,-47,23.26,91.03,up,-15.65,81.97,distribution,9.15,44.12,up,9.7,2.5
SE,2026-07-23,,99.5,48,-1.031,False,4.7,-6,8,-49,20.36,87.2,up,-15.65,81.97,distribution,9.15,44.12,up,0.7,2
SE,2026-07-24,,100,48,-1.299,False,4.6,-4,8,-49,20.85,82.46,up,-15.65,81.97,distribution,-2.29,48.06,distribution,1.6,1
SE,2026-07-27,,104.39,55,-1.154,False,4.5,-1,17,-47,46.26,79.52,up,-13.95,82.9,distribution,-2.29,48.06,distribution,12.4,1.5
SE,2026-07-28,,107.41,59,-0.843,False,4.4,1,18,-45,41.57,78.02,up,-13.95,82.9,distribution,-2.29,48.06,distribution,16.6,-0.5
SE,2026-07-29,,108.37,60,-0.5739,False,4.2,3,17,-45,43.39,77.52,up,-13.95,82.9,distribution,-2.29,48.06,distribution,18.2,-0.5
SE,2026-07-30,,106.24,56,-0.541,False,4.3,7,11,-46,37.69,75.36,up,-5.04,84.28,distribution,-2.29,48.06,distribution,18.2,0.5
SE,2026-07-31,,106.74,57,-0.4889,False,4.2,7,4,-46,34.43,73.94,up,-5.04,84.28,distribution,-2.02,52.65,distribution,12.6,1
SE,2026-08-03,,111.15,63,-0.1767,False,4,6,8,-43,28.89,74.35,up,-5.04,84.28,distribution,-2.02,52.65,distribution,14.6,0
SE,2026-08-04,MIMO_SHADOW,111.44,63,0.01962,True,3.9,4,6,-43,25.92,75.65,up,16.46,85.92,up,-2.02,52.65,distribution,12.6,1
SE,2026-08-05,MIMO_SHADOW,114.91,67,0.3359,True,3.7,6,10,-42,39.29,78.5,up,16.46,85.92,up,-2.02,52.65,distribution,19.2,0
SE,2026-08-06,MIMO_SHADOW,111,59,0.2389,True,3.8,4,5,-44,32.77,80.12,up,16.46,85.92,up,-2.02,52.65,distribution,11.8,1
SE,2026-08-07,MIMO_SHADOW|CAVA_MACRO,113.43,62,0.2922,True,3.7,6,4,-42,27.55,82.19,up,14.57,88.46,up,-1.81,58.22,distribution,13.4,1
SE,2026-08-10,MIMO_SHADOW|CAVA_MACRO,114.8,64,0.3686,True,3.6,3,3,-42,23.3,84.57,up,14.57,88.46,up,-1.81,58.22,distribution,9,2
SE,2026-08-11,MIMO_SHADOW|CAVA_MACRO,131.51,77,1.433,True,3.8,18,19,-33,19.81,91.1,up,14.57,88.46,up,-1.81,58.22,distribution,40.8,-0.5
SE,2026-08-12,MIMO_SHADOW|CAVA_MACRO,128.11,71,1.775,True,3.9,11,17,-35,4.14,95.51,up,12.88,92.39,up,-1.81,58.22,distribution,30.8,-0.5
SE,2026-08-13,MIMO_SHADOW|CAVA_MACRO,123.32,64,1.554,True,4.2,11,11,-37,-14.82,97.27,distribution,12.88,92.39,up,-1.81,58.22,distribution,22,-2.5
SE,2026-08-14,MIMO_SHADOW|CAVA_MACRO,121.94,62,1.204,True,4.1,8,15,-38,-18.28,97.6,distribution,12.88,92.39,up,-1.59,64.87,distribution,21.6,-1.5
SE,2026-08-17,MIMO_SHADOW|CAVA_MACRO,119.45,59,0.7197,True,4.1,4,15,-39,-15.99,96.23,distribution,-20.12,95.19,distribution,-1.59,64.87,distribution,16.8,-3.5
SE,2026-08-18,MIMO_SHADOW|CAVA_MACRO,116.26,55,0.1294,True,4.2,-12,10,-41,-14,93.46,distribution,-20.12,95.19,distribution,-1.59,64.87,distribution,-7.4,-2
SE,2026-08-19,MIMO_SHADOW|CAVA_MACRO,119.1,58,-0.1118,False,4.1,-7,12,-39,-0.78,91.55,distribution,-20.12,95.19,distribution,-1.59,64.87,distribution,-0.8,-0.5
SE,2026-08-20,MIMO_SHADOW|CAVA_MACRO,117.24,55,-0.421,False,4.1,-5,12,-40,-8.19,89.45,distribution,-26.4,95.49,distribution,-1.59,64.87,distribution,0.6,-1.5
SE,2026-08-21,MIMO_SHADOW|CAVA_MACRO,117.53,55,-0.6187,False,4,-4,18,-40,-6,87.05,distribution,-26.4,95.49,distribution,-10.97,69.49,distribution,6.6,-0.5
SE,2026-08-24,MIMO_SHADOW|CAVA_MACRO,115.68,53,-0.8711,False,4,-3,16,-41,-12.72,84.13,distribution,-26.4,95.49,distribution,-10.97,69.49,distribution,6.2,-1.5
SE,2026-08-25,MIMO_SHADOW|CAVA_MACRO,123.18,61,-0.546,False,3.9,6,18,-37,-11.13,82.7,distribution,-0.82,95.92,distribution,-10.97,69.49,distribution,19.6,-2.5
SE,2026-08-26,MIMO_SHADOW|CAVA_MACRO,119.12,55,-0.6124,False,4,0,11,-39,-25.13,81.4,distribution,-0.82,95.92,distribution,-10.97,69.49,distribution,5.8,-1.5
SE,2026-08-27,MIMO_SHADOW|CAVA_MACRO,118.32,54,-0.7113,False,3.9,1,9,-40,-21.99,79.28,distribution,-0.82,95.92,distribution,-10.97,69.49,distribution,5.4,-1
SE,2026-08-28,MIMO_SHADOW|CAVA_MACRO,119.36,56,-0.7063,False,3.8,2,12,-39,-19.24,77.47,distribution,-0.73,95.75,distribution,-5.62,73.43,distribution,10,-0.5
SEDANA.ST,2026-07-07,,8.97,55,0.1198,True,4,8,-1,-49,4.1,43.44,up,-9.46,31.75,distribution,3.56,38.36,up,12.3,2
SEDANA.ST,2026-07-08,,8.96,55,0.1246,True,4,3,1,-49,3.7,47.21,up,-5.52,31.92,distribution,3.56,38.36,up,7.9,4
SEDANA.ST,2026-07-09,,8.95,55,0.1222,True,3.9,3,3,-49,3.32,51.06,up,-5.52,31.92,distribution,3.56,38.36,up,9.5,5
SEDANA.ST,2026-07-10,,8.93,54,0.1145,True,3.8,3,5,-49,2.28,55.6,up,-5.52,31.92,distribution,5.61,38.9,up,11.1,5
SEDANA.ST,2026-07-13,,8.81,51,0.0972,True,3.9,-1,-1,-50,2.06,58.56,up,-6.61,31.73,distribution,5.61,38.9,up,1.5,2
SEDANA.ST,2026-07-14,,8.74,49,0.07779,True,3.8,-3,1,-50,-0.91,61.27,distribution,-6.61,31.73,distribution,5.61,38.9,up,-2.3,0
SEDANA.ST,2026-07-15,,8.82,51,0.06746,True,3.7,-2,5,-50,-0.82,64.28,distribution,-6.61,31.73,distribution,5.61,38.9,up,2.1,0
SEDANA.ST,2026-07-16,,8.98,55,0.06831,True,3.7,0,10,-49,-0.72,67.78,distribution,-5.82,32.34,distribution,5.61,38.9,up,8.5,-1
SEDANA.ST,2026-07-17,,8.64,47,0.04406,True,3.9,-3,1,-51,-14.61,69.12,distribution,-5.82,32.34,distribution,4.91,39.14,up,-2.3,-1
SEDANA.ST,2026-07-20,,8.75,49,0.03397,True,3.8,-1,8,-50,-8.48,70.86,distribution,-5.82,32.34,distribution,4.91,39.14,up,5.7,0
SEDANA.ST,2026-07-21,,8.74,49,0.02555,True,3.7,0,7,-50,-8,72.15,distribution,-7.65,32.05,distribution,4.91,39.14,up,6.1,1
SEDANA.ST,2026-07-22,,8.66,47,0.01409,True,3.7,-2,4,-50,-7.07,71.51,distribution,-7.65,32.05,distribution,4.91,39.14,up,1.3,-1
SEDANA.ST,2026-07-23,,8.62,46,0.003842,True,3.7,-4,9,-51,-8.07,70.53,distribution,-7.65,32.05,distribution,4.91,39.14,up,2.9,-1
SEDANA.ST,2026-07-24,,8.67,48,0.0006311,True,3.6,0,7,-50,-7.17,70.01,distribution,-6.63,31.19,distribution,4.29,38.81,up,6.1,1
SEDANA.ST,2026-07-27,,8.8,52,0.007102,True,3.5,1,6,-50,-0.44,69.8,distribution,-6.63,31.19,distribution,4.29,38.81,up,6.5,1
SEDANA.ST,2026-07-28,,9,57,0.02375,True,3.5,3,10,-49,-0.39,71.65,distribution,-6.63,31.19,distribution,4.29,38.81,up,13.1,-1
SEDANA.ST,2026-07-29,,9.7,69,0.07777,True,3.7,12,17,-45,-0.35,76.48,distribution,-5.75,33.36,distribution,4.29,38.81,up,30.5,-2.5
SEDANA.ST,2026-07-30,,9.9,72,0.1203,True,3.7,15,14,-43,8.6,82.53,up,-5.75,33.36,distribution,4.29,38.81,up,34.7,0.5
SEDANA.ST,2026-07-31,,9.8,69,0.1339,True,3.7,13,13,-44,3.15,87.63,up,-5.75,33.36,distribution,3.76,40.55,up,31.5,0.5
SEDANA.ST,2026-08-03,MIMO_SHADOW,10.06,72,0.1515,True,3.8,14,16,-42,2.86,92.13,up,-5,38.4,distribution,3.76,40.55,up,35.1,0.5
SEDANA.ST,2026-08-04,MIMO_SHADOW,10.04,71,0.1523,True,3.9,12,13,-43,1.64,96.36,up,-5,38.4,distribution,3.76,40.55,up,30.3,0.5
SEDANA.ST,2026-08-05,,10.48,76,0.1716,True,3.8,8,17,-40,1.47,100.47,up,-5,38.4,distribution,3.76,40.55,up,28.7,1.5
SEDANA.ST,2026-08-06,,10.28,70,0.1602,True,3.8,4,15,-41,-8.36,103.5,distribution,-2.33,44.83,distribution,3.76,40.55,up,19.3,-2.5
SEDANA.ST,2026-08-07,,10.68,75,0.1682,True,3.8,9,19,-39,12.52,106.11,up,-2.33,44.83,distribution,3.29,45.58,up,31.5,0.5
SEDANA.ST,2026-08-10,,10.7,75,0.1632,True,3.8,6,20,-39,12.4,108.54,up,-2.33,44.83,distribution,3.29,45.58,up,28.7,0.5
SEDANA.ST,2026-08-11,,11.14,79,0.1768,True,3.8,11,26,-36,11.2,111.46,up,-2.04,53.64,distribution,3.29,45.58,up,39.5,0.5
SEDANA.ST,2026-08-12,CONFIRMED_FLOW_LEADERS|MIMO_SHADOW,11.24,79,0.1792,True,3.8,7,29,-36,15.51,114.44,up,-2.04,53.64,distribution,3.29,45.58,up,37.1,0.5
SEDANA.ST,2026-08-13,CONFIRMED_FLOW_LEADERS|MIMO_SHADOW,11.28,80,0.1703,True,3.8,10,28,-35,15.71,116.82,up,-2.04,53.64,distribution,3.29,45.58,up,39.9,0.5
SEDANA.ST,2026-08-14,CONFIRMED_FLOW_LEADERS|MIMO_SHADOW,11.56,82,0.1696,True,3.7,8,29,-34,13.75,118.9,up,1.77,62.75,up,2.88,54,up,38.3,2.5
SEDANA.ST,2026-08-17,CONFIRMED_FLOW_LEADERS|MIMO_SHADOW,10.94,66,0.1163,True,4.1,2,27,-37,-20.38,119.12,distribution,1.77,62.75,up,2.88,54,up,26.5,-1.5
SEDANA.ST,2026-08-18,CONFIRMED_FLOW_LEADERS|MIMO_SHADOW,10.36,55,0.03513,True,4.6,-7,18,-37,-17.83,117.09,distribution,1.77,62.75,up,2.88,54,up,6.5,0.5
SEDANA.ST,2026-08-19,CONFIRMED_FLOW_LEADERS|MIMO_SHADOW,10.62,58,-0.00573,False,4.6,-6,22,-36,-1.25,114.77,distribution,-6.36,69.14,distribution,2.88,54,up,9.9,-0.5
SEDANA.ST,2026-08-20,CONFIRMED_FLOW_LEADERS|MIMO_SHADOW,10.3,53,-0.05619,False,4.9,-9,19,-38,-1.09,111.54,distribution,-6.36,69.14,distribution,2.88,54,up,2.9,-0.5
SEDANA.ST,2026-08-21,CONFIRMED_FLOW_LEADERS|MIMO_SHADOW,11.64,66,-0.003963,False,5.1,1,35,-30,-0.96,110.33,distribution,-6.36,69.14,distribution,3.19,61.37,up,29.7,-1.5
SEDANA.ST,2026-08-24,CONFIRMED_FLOW_LEADERS|MIMO_SHADOW,12.18,70,0.05885,True,5.1,11,40,-26,26.36,111.16,up,-5.52,75.44,distribution,3.19,61.37,up,50.7,1.5
SEDANA.ST,2026-08-25,CONFIRMED_FLOW_LEADERS|MIMO_SHADOW,12.02,68,0.0802,True,5,16,37,-27,15.01,111.73,up,-5.52,75.44,distribution,3.19,61.37,up,54.3,2.5
SEDANA.ST,2026-08-26,CONFIRMED_FLOW_LEADERS|MIMO_SHADOW,12.7,72,0.1279,True,4.8,20,41,-23,13.13,112.97,up,-5.52,75.44,distribution,3.19,61.37,up,63.3,3.5
SEDANA.ST,2026-08-27,CONFIRMED_FLOW_LEADERS|MIMO_SHADOW,13.62,77,0.2045,True,4.7,32,40,-16,11.49,115.12,up,5.7,82.68,up,3.19,61.37,up,76.9,4.5
SLS,2026-05-29,,9.31,73,0.2395,True,8,23,99,0,18.78,108.78,up,49.84,96.56,up,48.92,100.71,up,113.3,2.5
SLS,2026-06-01,,9.07,70,0.2045,True,8,17,83,-3,10.23,109.11,up,49.84,96.56,up,48.92,100.71,up,93.3,2.5
SLS,2026-06-02,,8.33,61,0.1168,True,8.8,3,69,-11,8.97,108.12,up,49.84,96.56,up,48.92,100.71,up,63.3,4.5
SLS,2026-06-03,,8.19,60,0.03879,True,8.8,-5,63,-12,3.75,105.54,up,18.83,99.07,up,48.92,100.71,up,48.9,4.5
SLS,2026-06-04,,9.04,65,0.03398,True,8.3,-2,86,-3,3.3,103.67,up,18.83,99.07,up,48.92,100.71,up,71.9,3.5
SLS,2026-06-05,,8.23,57,-0.03069,False,9.3,-12,60,-12,-19.25,101.64,distribution,18.83,99.07,up,21.38,103.19,up,33.1,3.5
SLS,2026-06-08,,7.98,55,-0.09369,False,9.4,-12,62,-14,-23.68,98.92,distribution,11.91,99.88,up,21.38,103.19,up,33.7,3.5
SLS,2026-06-09,,7.68,52,-0.1553,False,9.7,-8,53,-18,-20.72,95.28,distribution,11.91,99.88,up,21.38,103.19,up,31.3,2.5
SLS,2026-06-10,,7.15,48,-0.2272,False,10.2,-13,36,-23,-33.2,90.5,distribution,11.91,99.88,up,21.38,103.19,up,11.7,2.5
SLS,2026-06-11,,7.75,53,-0.2291,False,9.6,-14,48,-17,-12.09,86.84,distribution,4.99,98.9,up,21.38,103.19,up,20.1,3.5
SLS,2026-06-12,,7.83,53,-0.2196,False,9.3,-5,20,-16,-8.35,84.38,distribution,4.99,98.9,up,10.77,103.47,up,8.5,3.5
SLS,2026-06-15,,7.73,52,-0.2146,False,9.3,-3,4,-17,-7.35,81.67,distribution,4.99,98.9,up,10.77,103.47,up,-1.9,2
SLS,2026-06-16,,7.53,51,-0.2185,False,9.2,-2,6,-19,-12.55,78.08,distribution,-1.14,97.73,distribution,10.77,103.47,up,0.9,2
SLS,2026-06-17,,7.76,53,-0.1998,False,8.9,9,6,-17,-11.24,74.69,distribution,-1.14,97.73,distribution,10.77,103.47,up,14.1,2.5
SLS,2026-06-18,,8.05,55,-0.1637,False,8.5,4,6,-14,-10,72.27,distribution,-1.14,97.73,distribution,10.77,103.47,up,8.1,4
SLS,2026-06-22,,8.53,59,-0.106,False,8.2,9,-5,-8,5.34,72.25,up,-1.01,97.25,distribution,13.79,103.34,up,10.3,4.5
SLS,2026-06-23,MIMO_SHADOW,9.07,63,-0.03384,False,7.8,17,20,-3,20.75,73.95,up,-1.01,97.25,distribution,13.79,103.34,up,39.9,2.5
SLS,2026-06-24,MIMO_SHADOW,9.17,64,0.01569,True,7.5,22,18,-2,21.27,77,up,-1.01,97.25,distribution,13.79,103.34,up,46.3,2.5
SLS,2026-06-25,MIMO_SHADOW,10.53,72,0.1288,True,7.5,36,30,0,18.72,81.83,up,42.29,98.77,up,13.79,103.34,up,73.7,2.5
SLS,2026-06-26,MIMO_SHADOW,12.39,79,0.3074,True,7.1,54,44,0,16.63,88.51,up,42.29,98.77,up,12.08,105.83,up,106.5,3.5
SLS,2026-06-29,MIMO_SHADOW,15.45,85,0.5937,True,6.8,81,68,0,14.74,96.2,up,42.29,98.77,up,12.08,105.83,up,158.1,3.5
SLS,2026-06-30,MIMO_SHADOW,14.76,79,0.6916,True,7.9,63,59,-4,0.22,100.98,up,35.15,102.68,up,12.08,105.83,up,129.3,2.5
SLS,2026-07-01,MIMO_SHADOW,13.27,68,0.6139,True,9.2,45,46,-14,-28.24,102.57,distribution,35.15,102.68,up,12.08,105.83,up,93.3,1.5
SLS,2026-07-02,MIMO_SHADOW,14.98,73,0.6328,True,8.6,42,80,-3,-25.52,104.01,distribution,35.15,102.68,up,12.08,105.83,up,117.9,0.5
SLS,2026-07-06,MIMO_SHADOW,13.94,67,0.5345,True,9.5,13,70,-10,-41.12,105.29,distribution,18.28,106.2,up,10.59,110.19,up,75.1,1.5
SLS,2026-07-07,MIMO_SHADOW,13.5,64,0.4049,True,9.7,-13,49,-13,-44.39,104.94,distribution,18.28,106.2,up,10.59,110.19,up,25.1,1.5
SLS,2026-07-08,MIMO_SHADOW,13.76,65,0.3062,True,10.4,-7,67,-11,-39.32,104.77,distribution,18.28,106.2,up,10.59,110.19,up,46.7,1.5
SLS,2026-07-09,MIMO_SHADOW,13.51,63,0.1988,True,10.6,2,69,-13,-39.62,104.51,distribution,9.74,107.75,up,10.59,110.19,up,59.1,1.5
SLS,2026-07-10,MIMO_SHADOW,12.76,59,0.05923,True,11,-15,66,-17,-49.14,102.88,distribution,9.74,107.75,up,-14.5,112.14,distribution,34.8,-0.5
SLS,2026-07-13,MIMO_SHADOW,12.62,58,-0.05439,False,10.7,-9,77,-18,-47.02,100.7,distribution,9.74,107.75,up,-14.5,112.14,distribution,48.8,2.5
SLS,2026-07-14,MIMO_SHADOW,13.39,61,-0.08759,False,9.9,-1,73,-13,-42.3,99.05,distribution,6.77,108.01,up,-14.5,112.14,distribution,55.2,1.5
SLS,2026-07-15,MIMO_SHADOW,12.79,58,-0.1559,False,10.3,-7,63,-17,-38.69,97.31,distribution,6.77,108.01,up,-14.5,112.14,distribution,40,1.5
SLS,2026-07-16,MIMO_SHADOW,11.75,52,-0.2703,False,11.2,-13,52,-24,-35.25,94.37,distribution,6.77,108.01,up,-14.5,112.14,distribution,23,1.5
SLS,2026-07-17,MIMO_SHADOW,13.19,58,-0.2488,False,10.4,3,75,-15,-31.45,91.81,distribution,5.88,107.16,up,-8.16,111.86,distribution,61.6,3.5
SLS,2026-07-20,MIMO_SHADOW,12.48,54,-0.2798,False,11.2,-1,61,-19,-42.32,88.97,distribution,5.88,107.16,up,-8.16,111.86,distribution,44.6,1.5
SLS,2026-07-21,MIMO_SHADOW,12.9,56,-0.2694,False,10.6,-4,60,-17,-27.61,87.02,distribution,5.88,107.16,up,-8.16,111.86,distribution,41.2,2.5
SLS,2026-07-22,MIMO_SHADOW,12.08,52,-0.312,False,11.2,-6,42,-22,-23.36,84.8,distribution,-10.39,105.61,distribution,-8.16,111.86,distribution,23.4,0.5
SLS,2026-07-23,MIMO_SHADOW,12.34,53,-0.3161,False,10.9,5,36,-20,-19.86,82.25,distribution,-10.39,105.61,distribution,-8.16,111.86,distribution,31.8,1.5
SLS,2026-07-24,MIMO_SHADOW,11.32,48,-0.3767,False,11.8,-14,23,-27,-16.95,78.83,distribution,-10.39,105.61,distribution,-27.37,110.58,distribution,-2.4,-0.5
SLS,2026-07-27,MIMO_SHADOW,10.84,45,-0.4343,False,12.7,-13,3,-30,-14.53,74.07,distribution,-9.09,102.71,distribution,-27.37,110.58,distribution,-17.2,-1
SLS,2026-07-28,MIMO_SHADOW,10.09,42,-0.5032,False,13.8,-22,-19,-35,-12.48,67.67,distribution,-9.09,102.71,distribution,-27.37,110.58,distribution,-45.6,-4
SLS,2026-07-29,MIMO_SHADOW,10.1,42,-0.526,False,13.4,-16,-35,-35,-10.53,61.79,distribution,-9.09,102.71,distribution,-27.37,110.58,distribution,-51.2,-3
SLS,2026-07-30,MIMO_SHADOW,10.29,43,-0.5059,False,12.6,-17,-30,-33,-4.89,56.38,distribution,-16.53,98.46,distribution,-27.37,110.58,distribution,-48.4,-3
SLS,2026-07-31,MIMO_SHADOW,10.01,42,-0.4889,False,12.5,-12,-25,-35,-4.25,52.13,distribution,-16.53,98.46,distribution,-23.95,107.38,distribution,-38.4,-3
SLS,2026-08-03,MIMO_SHADOW|CAVA_MACRO,11.22,50,-0.3784,False,11.4,4,-25,-27,-3.7,49.24,distribution,-16.53,98.46,distribution,-23.95,107.38,distribution,-19.2,0
SLS,2026-08-04,MIMO_SHADOW|CAVA_MACRO,11.81,53,-0.254,False,10.6,17,-15,-24,8.77,48.91,up,9.24,95.48,up,-23.95,107.38,distribution,8.4,4.5
SLS,2026-08-05,CAVA_MACRO,11.86,53,-0.1611,False,10.2,17,-12,-23,7.67,49.8,up,9.24,95.48,up,-23.95,107.38,distribution,10.8,4.5
SLS,2026-08-06,CAVA_MACRO,11.7,52,-0.106,False,10,14,-15,-24,3.47,50.51,up,9.24,95.48,up,-23.95,107.38,distribution,4.8,4.5
SLS,2026-08-07,CAVA_MACRO,12.01,54,-0.04711,False,9.4,20,-11,-22,3.04,52.18,up,11.2,93.71,up,3.63,104.78,up,16.7,6.5
SLS,2026-08-10,CAVA_MACRO,11.04,48,-0.07059,False,10.2,-2,-13,-29,2.66,52.48,up,11.2,93.71,up,3.63,104.78,up,-12.3,4
SLS,2026-08-11,CAVA_MACRO,11.05,48,-0.08175,False,9.8,-6,-12,-28,2.54,52.21,up,11.2,93.71,up,3.63,104.78,up,-16.3,4
SLS,2026-08-12,CAVA_MACRO,11.77,53,-0.03911,False,9.4,-1,-12,-24,2.22,53.68,up,9.8,92,up,3.63,104.78,up,-9.3,6
SLS,2026-08-13,CAVA_MACRO,12.36,56,0.02682,True,9,6,-3,-20,13.84,55.92,up,9.8,92,up,3.63,104.78,up,9.3,7
SLS,2026-08-14,MIMO_SHADOW|CAVA_MACRO,12.78,59,0.09297,True,8.5,6,9,-17,20.57,59.97,up,9.8,92,up,3.3,103.18,up,18.9,4
SLS,2026-08-17,MIMO_SHADOW|CAVA_MACRO,13,60,0.1428,True,8.3,18,-1,-16,18,64.87,up,27.27,90.94,up,3.3,103.18,up,25.3,4.5
SLS,2026-08-18,MIMO_SHADOW|CAVA_MACRO,13.1,60,0.1719,True,8.1,19,5,-15,17.73,69.54,up,27.27,90.94,up,3.3,103.18,up,31.3,5.5
SLS,2026-08-19,MIMO_SHADOW|CAVA_MACRO,13.85,64,0.2274,True,7.8,18,7,-10,15.52,75.39,up,27.27,90.94,up,3.3,103.18,up,32.7,5.5
SLS,2026-08-20,MIMO_SHADOW|CAVA_MACRO,13.4,60,0.2196,True,8.3,8,11,-13,5.14,79.65,up,23.07,90.72,up,3.3,103.18,up,22.9,4.5
SLS,2026-08-21,MIMO_SHADOW|CAVA_MACRO,15.46,70,0.3321,True,7.8,21,25,0,4.5,84.56,up,23.07,90.72,up,2.99,102.97,up,51.7,3.5
SLS,2026-08-24,MIMO_SHADOW|CAVA_MACRO,14.33,61,0.3099,True,8.6,10,27,-7,-14.42,88.25,distribution,23.07,90.72,up,2.99,102.97,up,36.1,1.5
SLS,2026-08-25,MIMO_SHADOW|CAVA_MACRO,14.09,60,0.2604,True,8.8,8,30,-9,-16.52,90.04,distribution,19.62,91.37,up,2.99,102.97,up,36.1,1.5
SLS,2026-08-26,MIMO_SHADOW|CAVA_MACRO,13.73,57,0.1882,True,8.8,-1,36,-11,-20.3,89.67,distribution,19.62,91.37,up,2.99,102.97,up,29.1,3.5
SLS,2026-08-27,MIMO_SHADOW|CAVA_MACRO,15.21,64,0.2225,True,8.2,14,51,-2,-17.76,90.72,distribution,19.62,91.37,up,2.99,102.97,up,60.1,0.5
SLS,2026-08-28,MIMO_SHADOW|CAVA_MACRO,13.21,52,0.0992,True,9.9,-15,28,-15,-44.87,90.05,distribution,5.37,90.76,up,2.65,102.34,up,4.9,2.5
SU,2026-04-21,,62.55,49,-0.707,False,3,-2,-2,-6,5.52,67.65,up,5.81,116.12,up,1.01,120.03,up,0,6
SU,2026-04-22,,63.43,53,-0.585,False,2.9,1,0,-5,15,66.14,up,5.81,116.12,up,1.01,120.03,up,5.2,9
SU,2026-04-23,,64.56,57,-0.4155,False,2.7,1,1,-3,25.35,66.01,up,5.81,116.12,up,1.01,120.03,up,7,7
SU,2026-04-24,,64,54,-0.332,False,2.7,5,-1,-4,21.5,65.86,up,10.58,113.17,up,11.23,119.01,up,9.2,5
SU,2026-04-27,,64.47,56,-0.2402,False,2.6,5,-1,-3,23.18,66.36,up,10.58,113.17,up,11.23,119.01,up,10.2,6
SU,2026-04-28,,65.19,59,-0.1316,False,2.5,4,-2,-2,19.83,68.23,up,10.58,113.17,up,11.23,119.01,up,8.2,5
SU,2026-04-29,,67.07,65,0.05626,True,2.5,6,2,0,35.02,71.45,up,9.27,111.58,up,11.23,119.01,up,15.8,3
SU,2026-04-30,,68.46,68,0.2525,True,2.5,6,4,0,29.67,75.31,up,9.27,111.58,up,11.23,119.01,up,18.4,3
SU,2026-05-01,,67.55,64,0.2963,True,2.6,6,4,-1,25.35,78.23,up,9.27,111.58,up,22.28,118.78,up,17.4,3
SU,2026-05-04,,68.56,66,0.3642,True,2.6,6,4,0,30.45,81.51,up,8.12,110.75,up,22.28,118.78,up,18.4,3
SU,2026-05-05,,69.65,69,0.4479,True,2.6,7,5,0,25.93,85.42,up,8.12,110.75,up,22.28,118.78,up,20.4,2
SU,2026-05-06,,64.32,49,0.1263,True,3.2,-4,-4,-8,22.12,84.61,up,8.12,110.75,up,22.28,118.78,up,-2.5,5
SU,2026-05-07,,63.74,47,-0.1295,False,3.2,-7,-1,-8,13.93,81.27,up,7.08,108.63,up,22.28,118.78,up,-5.7,6
SU,2026-05-08,,64.01,48,-0.2762,False,3.2,-5,1,-8,14.53,78.47,up,7.08,108.63,up,19.12,118.04,up,-1.7,6
SU,2026-05-11,,65.12,51,-0.2926,False,3,-5,1,-7,12.65,77.04,up,7.08,108.63,up,19.12,118.04,up,-1.2,7
SU,2026-05-12,,66.56,56,-0.2046,False,2.9,-4,3,-4,11.01,77.09,up,16.7,105.46,up,19.12,118.04,up,2.6,5
SU,2026-05-13,,66.07,54,-0.1787,False,2.9,3,4,-5,5.52,77.08,up,16.7,105.46,up,19.12,118.04,up,10.8,8
SU,2026-05-14,,66.79,56,-0.1153,False,2.8,5,6,-4,4.87,77.6,up,16.7,105.46,up,19.12,118.04,up,15.8,6
SU,2026-05-15,,68.29,60,0.01831,True,2.7,7,7,-2,16.71,79.44,up,14.51,103.41,up,31.26,117.26,up,21,3
SU,2026-05-18,CONFIRMED_FLOW_LEADERS,69.73,64,0.185,True,2.8,7,14,0,26.12,81.96,up,14.51,103.41,up,31.26,117.26,up,26.6,2.5
SU,2026-05-19,CONFIRMED_FLOW_LEADERS,69.65,63,0.2663,True,2.7,5,13,0,22.78,84.46,up,14.51,103.41,up,31.26,117.26,up,23.4,3.5
SU,2026-05-20,CONFIRMED_FLOW_LEADERS,67.83,56,0.1781,True,2.8,3,8,-3,5.18,85.4,up,11.04,101.81,up,31.26,117.26,up,17,5
SU,2026-05-21,CONFIRMED_FLOW_LEADERS,67.73,56,0.09776,True,2.8,1,7,-3,4.61,85.4,up,11.04,101.81,up,31.26,117.26,up,13.8,5
SU,2026-05-22,CONFIRMED_FLOW_LEADERS,67.34,54,0.007741,True,2.7,-1,4,-3,0.75,84.36,up,11.04,101.81,up,23.29,116.8,up,8,5
SU,2026-05-26,CONFIRMED_FLOW_LEADERS,65.56,48,-0.1723,False,2.8,-6,2,-6,0.66,81.02,up,1.43,99.07,up,23.29,116.8,up,-1.6,6
SU,2026-05-27,CONFIRMED_FLOW_LEADERS,63.97,43,-0.3869,False,2.9,-8,-1,-8,0.58,76.08,up,1.43,99.07,up,23.29,116.8,up,-6.4,5
SU,2026-05-28,CONFIRMED_FLOW_LEADERS,63.31,41,-0.5516,False,2.9,-7,-3,-9,-5.51,71.16,distribution,1.43,99.07,up,23.29,116.8,up,-9.8,2
SU,2026-05-29,CONFIRMED_FLOW_LEADERS,62.36,38,-0.6936,False,2.9,-8,-7,-11,-4.82,64.79,distribution,1.26,93.85,up,3.2,114.23,up,-15.2,1
SU,2026-06-01,CONFIRMED_FLOW_LEADERS,63.76,44,-0.6625,False,2.9,-5,-7,-9,-4.22,60.77,distribution,1.26,93.85,up,3.2,114.23,up,-10.6,2
SU,2026-06-02,CONFIRMED_FLOW_LEADERS,65.31,50,-0.5133,False,2.8,0,-3,-6,10.4,58,up,1.26,93.85,up,3.2,114.23,up,1.6,9
SU,2026-06-03,CONFIRMED_FLOW_LEADERS,65.54,50,-0.3811,False,2.7,2,-4,-6,9.09,58.07,up,1.12,90.42,up,3.2,114.23,up,3.2,9
SU,2026-06-04,CONFIRMED_FLOW_LEADERS,65.47,50,-0.2847,False,2.7,3,-6,-6,7.37,56.9,up,1.12,90.42,up,3.2,114.23,up,2.8,7
SU,2026-06-05,CONFIRMED_FLOW_LEADERS,62.22,40,-0.4181,False,3,0,-3,-11,6.48,54.31,up,1.12,90.42,up,2.8,111.61,up,0.6,7
SU,2026-06-08,CONFIRMED_FLOW_LEADERS,63.25,44,-0.4144,False,3,-1,-1,-9,15.48,51.84,up,-7.78,86.69,distribution,2.8,111.61,up,2,4
SU,2026-06-09,CONFIRMED_FLOW_LEADERS,61.2,39,-0.5207,False,3.2,-6,-4,-12,13.44,47.85,accumulation,-7.78,86.69,distribution,2.8,111.61,up,-8.9,3
SU,2026-06-10,CONFIRMED_FLOW_LEADERS,62.09,42,-0.5014,False,3.1,-5,-5,-11,20.02,45.03,accumulation,-7.78,86.69,distribution,2.8,111.61,up,-8.5,5
SU,2026-06-11,,61.8,41,-0.4787,False,3.1,-6,-7,-11,17.17,42.94,accumulation,-6.88,81.94,distribution,2.8,111.61,up,-11.3,4
SU,2026-06-12,,61.6,40,-0.4481,False,3,-1,-7,-12,12.95,40.35,accumulation,-6.88,81.94,distribution,0.32,107.99,up,-4.8,5
SU,2026-06-15,,59.65,35,-0.5249,False,3.3,-6,-11,-14,11.19,36.69,accumulation,-6.88,81.94,distribution,0.32,107.99,up,-14.5,2
SU,2026-06-16,,58.16,32,-0.6344,False,3.3,-5,-15,-17,9.68,33.16,accumulation,-6.07,75.73,down,0.32,107.99,up,-16.5,1
SU,2026-06-17,,56.28,29,-0.7821,False,3.5,-9,-19,-19,8.48,29.69,accumulation,-6.07,75.73,down,0.32,107.99,up,-24.5,0
SU,2026-06-18,,55.33,27,-0.8849,False,3.6,-10,-21,-21,7.42,26,accumulation,-6.07,75.73,down,0.32,107.99,up,-27.3,0
SU,2026-06-22,,56.23,31,-0.834,False,3.5,-9,-17,-19,15.39,23.54,accumulation,-5.36,68.08,down,0.29,101.9,up,-22.9,1
SU,2026-06-23,,56.5,32,-0.7279,False,3.3,-5,-17,-19,13.21,22.08,accumulation,-5.36,68.08,down,0.29,101.9,up,-18.1,2
SU,2026-06-24,,54.46,28,-0.7383,False,3.6,-6,-19,-22,11.47,19.48,accumulation,-5.36,68.08,down,0.29,101.9,up,-20.9,0
SU,2026-06-25,,54.36,28,-0.6959,False,3.4,-3,-17,-22,8.96,17.19,accumulation,-13.07,60.22,down,0.29,101.9,up,-15.7,2
SU,2026-06-26,,53.9,27,-0.6439,False,3.3,-3,-16,-23,7.75,15.15,accumulation,-13.07,60.22,down,-5.43,94.59,distribution,-16.4,0
SU,2026-06-29,,53.81,27,-0.5635,False,3.2,-4,-15,-23,5.84,13.84,accumulation,-13.07,60.22,down,-5.43,94.59,distribution,-16.8,0
SU,2026-06-30,,53.68,27,-0.4709,False,3.1,-5,-14,-23,3.81,12.84,accumulation,-11.5,52.77,down,-5.43,94.59,distribution,-17.2,0
SU,2026-07-01,,53.57,26,-0.3731,False,3,-2,-16,-23,2.25,11.65,accumulation,-11.5,52.77,down,-5.43,94.59,distribution,-14.7,0
SU,2026-07-02,,55.05,35,-0.1748,False,2.9,1,-16,-21,1.96,11.82,up,-11.5,52.77,down,-5.43,94.59,distribution,-10.1,2
SU,2026-07-06,,54.91,35,-0.02694,False,2.8,2,-16,-21,0.39,12.93,up,-4.5,46.88,down,-0.18,86.95,down,-9.4,1
SU,2026-07-07,,56.66,44,0.2022,True,2.8,5,-13,-19,16.51,15.38,up,-4.5,46.88,down,-0.18,86.95,down,-1.4,1
SU,2026-07-08,,59.06,53,0.5114,True,2.8,10,-5,-15,14.28,20.06,up,-4.5,46.88,down,-0.18,86.95,down,11,3.5
SU,2026-07-09,,58.49,51,0.6638,True,2.7,9,-8,-16,7.48,25.19,up,-4.04,44.04,distribution,-0.18,86.95,down,7.4,3.5
SU,2026-07-10,,59.25,54,0.7933,True,2.6,8,-3,-15,6.52,30.94,up,-4.04,44.04,distribution,-0.16,81.02,distribution,10.7,4
SU,2026-07-13,,61.27,60,0.9802,True,2.6,12,-1,-12,5.71,37.66,up,-4.04,44.04,distribution,-0.16,81.02,distribution,18.1,1.5
SU,2026-07-14,,61.04,59,1.048,True,2.6,8,-1,-12,4.96,44.41,up,7.9,43.8,up,-0.16,81.02,distribution,13.3,2
SU,2026-07-15,,60.64,57,1.023,True,2.6,3,-2,-13,1.02,50.3,up,7.9,43.8,up,-0.16,81.02,distribution,6.5,6
SU,2026-07-16,,60.68,57,0.9683,True,2.5,4,2,-13,1.22,55.93,up,7.9,43.8,up,-0.16,81.02,distribution,10.9,7
SU,2026-07-17,,62.43,63,1.004,True,2.5,5,7,-10,1.07,62.47,up,13.32,44.7,up,11.81,78.23,up,18.6,5
SU,2026-07-20,,62.25,62,0.9695,True,2.5,2,11,-11,-0.51,68.21,distribution,13.32,44.7,up,11.81,78.23,up,14.2,1.5
SYK,2026-07-06,,324.73,57,1.667,True,3.2,-2,10,-20,9.68,82.27,up,110.64,34.38,up,-5.83,28.25,distribution,9.6,3
SYK,2026-07-07,,329.74,59,1.847,True,3.2,0,9,-18,8.47,85.23,up,110.64,34.38,up,-5.83,28.25,distribution,11.2,1
SYK,2026-07-08,,326.85,57,1.654,True,3.1,4,7,-19,4.13,87.03,up,110.64,34.38,up,-5.83,28.25,distribution,14.4,5
SYK,2026-07-09,,327.11,57,1.435,True,3,4,8,-19,3.9,88.19,up,95.55,39.32,up,-5.83,28.25,distribution,15.7,5
SYK,2026-07-10,,329.78,59,1.361,True,2.9,1,5,-18,3.43,89.65,up,95.55,39.32,up,-5.1,31.36,distribution,9.7,4
SYK,2026-07-13,,331.45,60,1.316,True,2.8,2,7,-18,4.89,91.28,up,95.55,39.32,up,-5.1,31.36,distribution,12.5,3
SYK,2026-07-14,,311.07,45,-0.1201,False,3.4,-6,2,-23,4.29,87.97,up,74.69,42.57,up,-5.1,31.36,distribution,-4.6,2
SYK,2026-07-15,,316.44,49,-0.7083,False,3.2,-3,1,-22,10.37,84.69,up,74.69,42.57,up,-5.1,31.36,distribution,-1.8,4
SYK,2026-07-16,,331.2,57,-0.1336,False,3.3,1,8,-18,27.41,84.31,up,74.69,42.57,up,-5.1,31.36,distribution,9.6,4
SYK,2026-07-17,,319.87,50,-0.5249,False,3.5,-3,3,-21,24.53,82.91,accumulation,92.72,45.34,up,-4.46,33.42,distribution,-1.2,3
SYK,2026-07-20,,319.14,50,-0.8234,False,3.3,-4,6,-21,20.93,80.28,accumulation,92.72,45.34,up,-4.46,33.42,distribution,0,4
SYK,2026-07-21,,314.58,47,-1.291,False,3.3,1,2,-22,12.66,76.6,accumulation,92.72,45.34,up,-4.46,33.42,distribution,2.8,5
SYK,2026-07-22,,309.24,45,-1.886,False,3.3,-2,1,-23,11.44,72.75,accumulation,35.7,46.66,up,-4.46,33.42,distribution,-1.6,3
SYK,2026-07-23,,318.97,50,-1.565,False,3.3,-4,3,-21,10.31,69.42,up,35.7,46.66,up,-4.46,33.42,distribution,-1.4,4
SYK,2026-07-24,,330.25,56,-0.5826,False,3.2,3,5,-18,26.09,69.96,up,35.7,46.66,up,15.2,35.13,up,11.1,8
SYK,2026-07-27,,336.74,59,0.4573,True,3.1,6,7,-17,33.55,72.39,up,29.9,49.7,up,15.2,35.13,up,18.3,5
SYK,2026-07-28,,346.6,63,1.693,True,3.1,10,4,-13,30.62,77.43,up,29.9,49.7,up,15.2,35.13,up,20.7,4.5
SYK,2026-07-29,MIMO_SHADOW,352.25,65,2.715,True,3,14,7,-12,36.99,81.81,up,29.9,49.7,up,15.2,35.13,up,28.4,5.5
SYK,2026-07-30,MIMO_SHADOW,348.04,63,2.912,True,3,9,11,-13,33.77,84.67,up,25.22,56.59,up,15.2,35.13,up,25.6,4.5
SYK,2026-07-31,MIMO_SHADOW,325.7,50,1.42,True,3.6,-1,4,-17,30.71,81.91,accumulation,25.22,56.59,up,13.3,38.22,up,5.5,5
SYK,2026-08-03,,341.2,56,1.358,True,3.6,1,4,-13,58.47,81.64,up,25.22,56.59,up,13.3,38.22,up,9.9,9
SYK,2026-08-04,,335.96,54,0.8698,True,3.6,-3,3,-15,52.93,80.47,accumulation,21.39,60.36,up,13.3,38.22,up,2.3,6
SYK,2026-08-05,,337.03,54,0.5401,True,3.5,-4,2,-15,50.79,79.04,up,21.39,60.36,up,13.3,38.22,up,1.3,8
SYK,2026-08-06,,337.43,55,0.2831,True,3.4,-3,3,-14,43.78,78.71,up,21.39,60.36,up,13.3,38.22,up,3.3,7
SYK,2026-08-07,,339.03,55,0.1612,True,3.3,4,4,-14,36.32,77.92,up,27.42,64.53,up,35.12,42.13,up,12.5,9
SYK,2026-08-10,,345.81,58,0.4606,True,3.3,1,5,-12,42.45,78.19,up,27.42,64.53,up,35.12,42.13,up,10.7,8
SYK,2026-08-11,,348.15,60,0.7238,True,3.1,4,5,-12,39.17,79.73,up,27.42,64.53,up,35.12,42.13,up,14.3,7
SYK,2026-08-12,MIMO_SHADOW,347.21,59,0.7397,True,3.1,3,12,-12,32.67,80.1,up,45.91,68.58,up,35.12,42.13,up,18.7,4.5
SYK,2026-08-13,MIMO_SHADOW,341.09,55,0.2675,True,3.1,1,8,-14,17.86,79.75,up,45.91,68.58,up,35.12,42.13,up,12.1,7
SYK,2026-08-14,MIMO_SHADOW,339.21,53,-0.216,False,3,0,2,-14,15.29,78.11,up,45.91,68.58,up,29.73,46.82,up,4.6,9
SYK,2026-08-17,MIMO_SHADOW,331.68,49,-1.041,False,3,-4,4,-16,1.27,75.26,up,37.99,71.03,up,29.73,46.82,up,1.4,5
SYK,2026-08-18,MIMO_SHADOW,331.37,48,-1.574,False,3,-5,4,-16,1.11,72.03,up,37.99,71.03,up,29.73,46.82,up,0.2,5
SYK,2026-08-19,MIMO_SHADOW,339.98,54,-1.323,False,3,-2,8,-14,14.47,69.87,up,37.99,71.03,up,29.73,46.82,up,7,6
SYK,2026-08-20,,327.7,46,-1.924,False,3.2,-4,6,-17,12.44,67.5,up,31.74,72.32,up,29.73,46.82,up,2.5,5
SYK,2026-08-21,,329.45,47,-2.128,False,3.1,-3,3,-16,10.72,63.41,up,31.74,72.32,up,25.08,50.08,up,1.3,6
SYK,2026-08-24,,327.81,46,-2.284,False,3.1,-1,-1,-17,6.74,60.38,up,31.74,72.32,up,25.08,50.08,up,0.5,5
SYK,2026-08-25,,330.59,48,-2.114,False,3,0,-2,-16,5.85,56.88,up,33.98,72.05,up,25.08,50.08,up,1.4,8
SYK,2026-08-26,,329.67,48,-1.98,False,3,-3,-5,-16,3.69,53.96,up,33.98,72.05,up,25.08,50.08,up,-4.6,5
SYK,2026-08-27,,322.12,43,-2.294,False,3,-2,-9,-18,3.22,49.63,accumulation,33.98,72.05,up,25.08,50.08,up,-7.6,4
SYK,2026-08-28,,330.69,49,-1.839,False,2.9,0,-5,-16,2.8,46.6,up,28.76,71.05,up,23.26,52.13,up,-1,9
TDOC,2026-05-22,,6.57,56,-0.05916,False,4.8,3,15,-31,-2.84,82.97,distribution,-2.51,75.54,distribution,-4.03,48.02,distribution,13.6,-1.5
TDOC,2026-05-26,,6.59,57,-0.05633,False,4.8,4,15,-30,-2.53,81.48,distribution,5.06,77.83,up,-4.03,48.02,distribution,14.8,0.5
TDOC,2026-05-27,,6.59,57,-0.05381,False,4.7,0,13,-30,-2.28,80.23,distribution,5.06,77.83,up,-4.03,48.02,distribution,8.4,1.5
TDOC,2026-05-28,,7.51,72,0.007226,True,4.9,16,25,-21,-2.06,81.78,distribution,5.06,77.83,up,-4.03,48.02,distribution,41.2,-0.5
TDOC,2026-05-29,,7.61,74,0.04939,True,5.1,16,28,-20,1.04,84.71,up,4.84,82.02,up,-3.51,53.62,distribution,46.6,1.5
TDOC,2026-06-01,,7.91,77,0.09017,True,4.9,20,31,-16,9.71,88.06,up,4.84,82.02,up,-3.51,53.62,distribution,53.8,2.5
TDOC,2026-06-02,,7.54,66,0.08497,True,5.1,14,17,-20,8.64,89.96,up,4.84,82.02,up,-3.51,53.62,distribution,35.4,1.5
TDOC,2026-06-03,,7.09,56,0.04593,True,5.6,8,7,-25,-6.61,89.15,distribution,-30.43,85.38,distribution,-3.51,53.62,distribution,16.2,0
TDOC,2026-06-04,,7.31,60,0.03039,True,5.5,-3,10,-23,1.23,88.83,up,-30.43,85.38,distribution,-3.51,53.62,distribution,8.4,1
TDOC,2026-06-05,,7.05,55,-0.0003221,False,5.7,-7,4,-25,-7.52,87.47,distribution,-30.43,85.38,distribution,-11.62,58.6,distribution,-7.2,0
TDOC,2026-06-08,,7.08,55,-0.02042,False,5.4,-10,2,-25,-5.73,85.72,distribution,-28.54,87.02,distribution,-11.62,58.6,distribution,-12.4,1
TDOC,2026-06-09,,6.93,52,-0.04425,False,5.8,-8,-4,-27,-5.24,83.41,distribution,-28.54,87.02,distribution,-11.62,58.6,distribution,-15.8,-1
TDOC,2026-06-10,,7.03,54,-0.05312,False,5.6,-1,2,-26,-1,81.31,distribution,-28.54,87.02,distribution,-11.62,58.6,distribution,-2.6,0
TDOC,2026-06-11,,7.31,58,-0.04054,False,5.5,0,8,-23,-0.91,80.8,distribution,-26.1,87.92,distribution,-11.62,58.6,distribution,5.4,2
TDOC,2026-06-12,,7.34,59,-0.03103,False,5.3,4,8,-22,-0.84,81.02,distribution,-26.1,87.92,distribution,-5.67,61.97,distribution,10.2,0
TDOC,2026-06-15,,7.46,61,-0.01814,False,5.3,5,13,-21,4.4,82.58,up,-26.1,87.92,distribution,-5.67,61.97,distribution,18.4,0.5
TDOC,2026-06-16,CONFIRMED_FLOW_LEADERS,7.57,63,-0.004391,False,5.1,9,19,-20,8.94,83.54,up,-23.4,89.34,distribution,-5.67,61.97,distribution,28,1.5
TDOC,2026-06-17,CONFIRMED_FLOW_LEADERS,7.59,63,0.003434,True,5.1,8,20,-20,8.11,84.73,up,-23.4,89.34,distribution,-5.67,61.97,distribution,29.6,0.5
TDOC,2026-06-18,CONFIRMED_FLOW_LEADERS,8.07,70,0.03649,True,5,10,22,-15,7.45,86.47,up,-23.4,89.34,distribution,-5.67,61.97,distribution,34.6,2.5
TDOC,2026-06-22,CONFIRMED_FLOW_LEADERS,7.58,58,0.02163,True,5.5,3,17,-20,-16.68,87.22,distribution,-20.48,91.05,distribution,6.15,66.25,up,19.7,1.5
TDOC,2026-06-23,CONFIRMED_FLOW_LEADERS,7.69,60,0.01577,True,5.5,3,17,-19,-9.7,86.84,distribution,-20.48,91.05,distribution,6.15,66.25,up,19.7,-0.5
TDOC,2026-06-24,CONFIRMED_FLOW_LEADERS,7.81,61,0.01645,True,5.2,3,19,-17,-2.53,87.35,distribution,-20.48,91.05,distribution,6.15,66.25,up,21.3,0.5
TDOC,2026-06-25,CONFIRMED_FLOW_LEADERS,7.91,63,0.01989,True,5.1,4,20,-16,-2.26,88.5,distribution,5.23,92.94,up,6.15,66.25,up,23.3,1.5
TDOC,2026-06-26,CONFIRMED_FLOW_LEADERS,8.39,69,0.04908,True,5,4,27,-11,-1.99,90.82,distribution,5.23,92.94,up,5.38,70.92,up,29.9,2.5
TDOC,2026-06-29,CONFIRMED_FLOW_LEADERS|MIMO_SHADOW,8.69,72,0.08127,True,4.9,15,16,-8,12.83,94.8,up,5.23,92.94,up,5.38,70.92,up,38.3,5.5
TDOC,2026-06-30,CONFIRMED_FLOW_LEADERS|MIMO_SHADOW,8.48,67,0.08094,True,4.9,10,11,-10,1.02,97.44,up,4.58,95.52,up,5.38,70.92,up,28.3,4.5
TDOC,2026-07-01,CONFIRMED_FLOW_LEADERS|MIMO_SHADOW,9.1,73,0.113,True,4.8,17,15,-4,0.92,100.52,up,4.58,95.52,up,5.38,70.92,up,39.9,3.5
TDOC,2026-07-02,CONFIRMED_FLOW_LEADERS|MIMO_SHADOW,9.2,74,0.1303,True,4.6,16,22,-3,5.66,103.6,up,4.58,95.52,up,5.38,70.92,up,44.3,3.5
TDOC,2026-07-06,CONFIRMED_FLOW_LEADERS|MIMO_SHADOW,9.29,75,0.1364,True,4.7,11,31,-2,5.09,106.11,up,57.02,98.58,up,16.57,76.55,up,45.5,2.5
TDOC,2026-07-07,CONFIRMED_FLOW_LEADERS|MIMO_SHADOW,9.52,76,0.1439,True,4.6,10,30,0,4.57,108.45,up,57.02,98.58,up,16.57,76.55,up,43.5,3.5
TDOC,2026-07-08,CONFIRMED_FLOW_LEADERS|MIMO_SHADOW,9.07,66,0.1081,True,4.9,7,29,-5,-18.76,108.96,distribution,57.02,98.58,up,16.57,76.55,up,36.1,1.5
TDOC,2026-07-09,CONFIRMED_FLOW_LEADERS|MIMO_SHADOW,9.21,68,0.08444,True,4.7,1,30,-3,-9.73,108.32,distribution,44.65,101.24,up,16.57,76.55,up,29.7,0.5
TDOC,2026-07-10,CONFIRMED_FLOW_LEADERS|MIMO_SHADOW,9.28,68,0.06498,True,4.5,1,34,-3,-5.03,107.88,distribution,44.65,101.24,up,15.67,81.67,up,32.9,0.5
TDOC,2026-07-13,CONFIRMED_FLOW_LEADERS|MIMO_SHADOW,9.65,72,0.06818,True,4.3,4,37,0,-4.59,108.26,distribution,44.65,101.24,up,15.67,81.67,up,38.9,0.5
TDOC,2026-07-14,CONFIRMED_FLOW_LEADERS|MIMO_SHADOW,9.27,64,0.03738,True,4.6,-3,27,-4,-26.39,107.98,distribution,43,103.2,up,15.67,81.67,up,21.5,-0.5
TDOC,2026-07-15,CONFIRMED_FLOW_LEADERS|MIMO_SHADOW,9.72,68,0.03978,True,4.5,7,32,0,-24.11,108.17,distribution,43,103.2,up,15.67,81.67,up,38.5,0.5
TDOC,2026-07-16,CONFIRMED_FLOW_LEADERS|MIMO_SHADOW,9.47,64,0.01809,True,4.7,3,27,-3,-37.07,107.96,distribution,43,103.2,up,15.67,81.67,up,28.7,-0.5
TDOC,2026-07-17,CONFIRMED_FLOW_LEADERS|MIMO_SHADOW,9.43,63,-0.004194,False,4.6,2,25,-3,-36.12,106.03,distribution,37.62,105.15,up,13.71,86.23,up,23.9,0.5
TDOC,2026-07-20,CONFIRMED_FLOW_LEADERS|MIMO_SHADOW,9.65,65,-0.009083,False,4.5,0,27,-1,-18.72,104.57,distribution,37.62,105.15,up,13.71,86.23,up,23.1,0.5
TDOC,2026-07-21,CONFIRMED_FLOW_LEADERS|MIMO_SHADOW,9.71,66,-0.013,False,4.4,5,20,0,-13.28,103.89,distribution,37.62,105.15,up,13.71,86.23,up,24.5,0.5
TDOC,2026-07-22,CONFIRMED_FLOW_LEADERS|MIMO_SHADOW,8.92,52,-0.07032,False,5.3,-8,18,-8,-12.35,101.34,distribution,0.11,105.78,up,13.71,86.23,up,5.3,2.5
TDOC,2026-07-23,CONFIRMED_FLOW_LEADERS|MIMO_SHADOW,8.66,48,-0.1241,False,5.4,-9,13,-11,-11.38,96.48,distribution,0.11,105.78,up,13.71,86.23,up,-0.9,3.5
TDOC,2026-07-24,CONFIRMED_FLOW_LEADERS|MIMO_SHADOW,8.77,50,-0.149,False,5.2,-7,12,-10,-0.24,92.02,distribution,0.11,105.78,up,2.49,88.77,up,1.7,4.5
TDOC,2026-07-27,CONFIRMED_FLOW_LEADERS|MIMO_SHADOW,8.91,52,-0.1522,False,4.9,-8,13,-8,13.94,88.03,up,0.1,104.74,up,2.49,88.77,up,4.3,7.5
TDOC,2026-07-28,CONFIRMED_FLOW_LEADERS|MIMO_SHADOW,9.36,58,-0.1215,False,4.8,-4,12,-4,13.26,85.58,up,0.1,104.74,up,2.49,88.77,up,9.3,5.5
TDOC,2026-07-29,CONFIRMED_FLOW_LEADERS|MIMO_SHADOW,9.18,55,-0.1111,False,4.8,3,6,-6,12.56,84.67,up,0.1,104.74,up,2.49,88.77,up,11.9,7
TDOC,2026-07-30,CONFIRMED_FLOW_LEADERS|MIMO_SHADOW,6.58,31,-0.2682,False,9.3,-24,-22,-32,11.39,74.86,accumulation,0.09,100.41,up,2.49,88.77,up,-46.9,-2
TDOC,2026-07-31,CONFIRMED_FLOW_LEADERS|MIMO_SHADOW,6.71,33,-0.3471,False,9,-23,-26,-31,33.36,65.41,accumulation,0.09,100.41,up,2.18,87.63,up,-48.9,0
TDOC,2026-08-03,,6.68,32,-0.3824,False,8.6,-25,-27,-31,24.12,58.16,accumulation,0.09,100.41,up,2.18,87.63,up,-52.1,0
TDOC,2026-08-04,,6.71,33,-0.3837,False,8.3,-28,-28,-31,26.43,51.9,accumulation,11.41,93.55,accumulation,2.18,87.63,up,-56.5,0
TDOC,2026-08-05,,6.93,36,-0.3507,False,7.9,-25,-27,-29,62.18,47.53,accumulation,11.41,93.55,accumulation,2.18,87.63,up,-52.1,2
TDOC,2026-08-06,,6.68,34,-0.3272,False,7.9,2,-26,-31,10.03,43.9,accumulation,11.41,93.55,accumulation,2.18,87.63,up,-18.9,0
TDOC,2026-08-07,,7.13,40,-0.2653,False,7.4,6,-23,-27,8.78,41.63,up,46.61,87.99,up,9.81,84.13,up,-10.7,5
TDOC,2026-08-10,,7.08,40,-0.214,False,7.2,6,-24,-27,-0.63,40.03,distribution,46.61,87.99,up,9.81,84.13,up,-14.5,1
TDOC,2026-08-11,,6.81,37,-0.1855,False,7.3,1,-29,-30,-45.45,38.7,distribution,46.61,87.99,up,9.81,84.13,up,-24.5,-1
TDOC,2026-08-12,,6.71,36,-0.1616,False,7.2,-3,-28,-31,-39.77,37.33,distribution,4.16,82.65,up,9.81,84.13,up,-28.5,-1
TDOC,2026-08-13,,6.96,40,-0.119,False,6.8,4,-28,-28,7.39,36.51,up,4.16,82.65,up,9.81,84.13,up,-17.1,4
TDOC,2026-08-14,,6.81,39,-0.09234,False,6.6,-4,-28,-30,-18.85,35.66,distribution,4.16,82.65,up,2.56,80.24,up,-29.7,0
TDOC,2026-08-17,,6.54,36,-0.08441,False,6.7,-8,-31,-33,-16.49,34.28,distribution,-11.19,77.28,distribution,2.56,80.24,up,-36.9,-4
TDOC,2026-08-18,,6.47,35,-0.0757,False,6.6,-5,-33,-33,-14.43,32.32,distribution,-11.19,77.28,distribution,2.56,80.24,up,-34.9,-2
TDOC,2026-08-19,,6.66,39,-0.05019,False,6.2,-1,-31,-31,21.12,31.81,up,-11.19,77.28,distribution,2.56,80.24,up,-25.5,1
TDOC,2026-08-20,,6.49,37,-0.03836,False,6.3,-7,-27,-33,-11.71,31.72,distribution,-14.15,71.8,distribution,2.56,80.24,up,-32.5,-4
TDOC,2026-08-21,,6.39,36,-0.03116,False,6.1,-6,-26,-34,-10.25,30.83,distribution,-14.15,71.8,distribution,-5.67,76.09,distribution,-32,-4
TDOC,2026-08-24,,6.2,34,-0.03291,False,6.1,-5,-29,-36,-43.25,29.93,distribution,-14.15,71.8,distribution,-5.67,76.09,distribution,-33.2,-5
TDOC,2026-08-25,,6.19,34,-0.02862,False,5.8,-4,-31,-36,-37.84,28.46,distribution,-38.54,66.24,distribution,-5.67,76.09,distribution,-32.6,-4
TDOC,2026-08-26,,6.33,37,-0.01113,False,5.6,-5,-32,-35,-7.81,27.83,distribution,-38.54,66.24,distribution,-5.67,76.09,distribution,-34.6,-3
TDOC,2026-08-27,,6.36,37,0.00672,True,5.3,-2,-31,-35,-1.41,27.74,distribution,-38.54,66.24,distribution,-5.67,76.09,distribution,-28.2,-3
TDOC,2026-08-28,,6.5,40,0.03087,True,5.1,2,-1,-33,-1.24,28.17,distribution,-6.69,61.19,distribution,-2.89,72,distribution,0.6,0
TECK,2026-07-06,,61.45,50,-0.2829,False,4,6,-9,-13,19.46,38.64,up,-9.55,78.5,distribution,23.54,90.25,up,2.5,5
TECK,2026-07-07,,58.37,42,-0.318,False,4.4,0,-13,-17,17.02,37.27,accumulation,-9.55,78.5,distribution,23.54,90.25,up,-8.9,3
TECK,2026-07-08,,56.13,38,-0.4596,False,4.8,-6,-9,-20,14.9,34.07,accumulation,-9.55,78.5,distribution,23.54,90.25,up,-12.9,1
TECK,2026-07-09,,59.23,46,-0.3188,False,4.6,0,-5,-16,53.8,33.28,accumulation,-8.35,75.04,distribution,23.54,90.25,up,-2.5,7
TECK,2026-07-10,,59.82,48,-0.1677,False,4.6,0,-3,-15,45,33.67,up,-8.35,75.04,distribution,20.01,87.36,up,0.1,8
TECK,2026-07-13,,58.47,45,-0.1416,False,4.6,-5,-2,-17,21.87,33.89,up,-8.35,75.04,distribution,20.01,87.36,up,-5.1,4
TECK,2026-07-14,,60.09,49,-0.005365,False,4.4,3,-6,-15,18.63,35.71,up,-7.31,72.16,distribution,20.01,87.36,up,1.3,7
TECK,2026-07-15,,57.95,44,-0.04713,False,4.6,3,-11,-18,15.93,36.79,up,-7.31,72.16,distribution,20.01,87.36,up,-2.7,3
TECK,2026-07-16,,55.79,40,-0.1995,False,4.7,-6,-16,-21,-11.06,35.95,distribution,-7.31,72.16,distribution,20.01,87.36,up,-20.5,-1
TECK,2026-07-17,,55.05,39,-0.322,False,4.7,-8,-18,-22,-9.68,34.29,distribution,-28.28,68.33,distribution,17.08,83.26,up,-24.5,-2
TECK,2026-07-20,,54.5,38,-0.4066,False,4.6,-7,-17,-23,-8.47,32.72,down,-28.28,68.33,distribution,17.08,83.26,up,-23.5,-1
TECK,2026-07-21,,56.83,44,-0.2783,False,4.4,-5,-12,-19,-7.41,32.7,distribution,-28.28,68.33,distribution,17.08,83.26,up,-16.1,1
TECK,2026-07-22,,57.21,45,-0.1471,False,4.2,-1,-10,-19,-2.17,33.93,distribution,-24.74,63.87,distribution,17.08,83.26,up,-9.7,2
TECK,2026-07-23,,59.85,52,0.1237,True,4.1,7,0,-15,-1.9,37.43,distribution,-24.74,63.87,distribution,17.08,83.26,up,9.9,3
TECK,2026-07-24,,60.19,53,0.3206,True,3.9,9,4,-15,2.03,42.1,up,-24.74,63.87,distribution,14.63,79.93,up,18.5,6.5
TECK,2026-07-27,,59.75,51,0.4105,True,4,10,1,-15,-3,46.32,distribution,-11.04,62.1,distribution,14.63,79.93,up,14.3,2.5
TECK,2026-07-28,,58.63,48,0.3842,True,4.1,3,1,-17,-14.79,48.58,distribution,-11.04,62.1,distribution,14.63,79.93,up,5.9,3
TECK,2026-07-29,,57.48,46,0.2836,True,4.2,0,-1,-19,-12.94,49.58,distribution,-11.04,62.1,distribution,14.63,79.93,up,0.7,3
TECK,2026-07-30,,62.49,58,0.5343,True,4.2,4,5,-11,-11.81,54.23,distribution,1.79,60.82,up,14.63,79.93,up,11.3,5
TECK,2026-07-31,MIMO_SHADOW,60.24,52,0.5275,True,4.3,0,1,-15,-10.81,57.83,distribution,1.79,60.82,up,12.8,78.11,up,2.3,5
TECK,2026-08-03,,60.2,52,0.4994,True,4.2,1,0,-15,-10.73,59.15,distribution,1.79,60.82,up,12.8,78.11,up,2.7,6
TECK,2026-08-04,,64.74,61,0.7506,True,4.2,10,5,-8,-10.1,64.27,distribution,1.56,61.65,up,12.8,78.11,up,19.5,1.5
TECK,2026-08-05,,66.05,63,0.9559,True,4,15,13,-6,8.05,69.59,up,1.56,61.65,up,12.8,78.11,up,34.9,5.5
TECK,2026-08-06,MIMO_SHADOW,66.12,63,1.04,True,3.9,6,18,-6,8.45,73.66,up,1.56,61.65,up,12.8,78.11,up,28.1,5.5
TECK,2026-08-07,MIMO_SHADOW,66.47,64,1.06,True,3.7,10,12,-6,13.04,77.73,up,8.34,64.68,up,37.15,78.21,up,28.1,5.5
TECK,2026-08-10,MIMO_SHADOW,66.87,64,1.039,True,3.7,11,12,-5,12.48,80.83,up,8.34,64.68,up,37.15,78.21,up,29.3,4.5
TECK,2026-08-11,MIMO_SHADOW,66.14,62,0.919,True,3.6,2,13,-6,-1.02,82.81,distribution,8.34,64.68,up,37.15,78.21,up,16.3,2.5
TECK,2026-08-12,MIMO_SHADOW,65.95,61,0.7756,True,3.6,0,10,-7,-4.54,84.3,distribution,5.2,68,up,37.15,78.21,up,11.5,1
TECK,2026-08-13,MIMO_SHADOW,63.76,54,0.4957,True,3.7,-4,10,-10,-4.24,83.3,distribution,5.2,68,up,37.15,78.21,up,5.7,3
TECK,2026-08-14,MIMO_SHADOW,63.53,54,0.2688,True,3.6,-4,14,-10,-8.75,81.92,distribution,5.2,68,up,19.42,79.16,up,8.9,4.5
TECK,2026-08-17,,64.84,57,0.1848,True,3.5,-3,18,-8,-7.66,81.35,distribution,0.08,69.32,up,19.42,79.16,up,14.3,4.5
TECK,2026-08-18,,63.91,54,0.05126,True,3.5,-3,17,-9,-6.7,80.27,distribution,0.08,69.32,up,19.42,79.16,up,12.5,3.5
TECK,2026-08-19,,65.95,59,0.08318,True,3.4,0,16,-7,37.58,80.16,up,0.08,69.32,up,19.42,79.16,up,19.3,5.5
TECK,2026-08-20,,66.16,60,0.1001,True,3.4,4,16,-6,37.36,79.9,up,0.07,70.94,up,19.42,79.16,up,24.1,4.5
TECK,2026-08-21,MIMO_SHADOW,69.2,66,0.2872,True,3.3,9,16,-2,32.69,82.08,up,0.07,70.94,up,16.59,80.41,up,31.1,3.5
TECK,2026-08-24,MIMO_SHADOW,70.2,68,0.4402,True,3.2,8,17,-1,48.96,84.38,up,0.07,70.94,up,16.59,80.41,up,30.7,3.5
TECK,2026-08-25,MIMO_SHADOW,71.62,70,0.5897,True,3.2,12,20,0,42.84,86.74,up,0.06,75.36,up,16.59,80.41,up,37.9,2.5
TECK,2026-08-26,MIMO_SHADOW,71.12,68,0.6052,True,3,8,21,-1,35.75,89.66,up,0.06,75.36,up,16.59,80.41,up,34.4,3.5
TECK,2026-08-27,MIMO_SHADOW,70.54,66,0.5295,True,3,7,23,-2,19.6,91.14,up,0.06,75.36,up,16.59,80.41,up,34.8,2.5
TECK,2026-08-28,MIMO_SHADOW,69.34,61,0.3598,True,3.1,0,11,-3,16.74,91.46,up,-8.27,78.89,distribution,14.22,83.07,up,15.3,1.5
TK,2026-07-28,,11.27,52,0.1063,True,3.6,-1,5,-20,-11.34,57.79,distribution,-10.72,39.11,distribution,-3.06,68.1,distribution,2.8,0
TK,2026-07-29,,11.45,55,0.1132,True,3.5,3,10,-19,-9.78,62.04,distribution,-10.72,39.11,distribution,-3.06,68.1,distribution,11.6,1
TK,2026-07-30,,11.3,52,0.1034,True,3.6,1,13,-20,-15.32,64.55,distribution,-6.26,39.78,distribution,-3.06,68.1,distribution,11.6,0.5
TK,2026-07-31,,11.65,58,0.1154,True,3.6,4,17,-18,-13.15,68.69,distribution,-6.26,39.78,distribution,12.19,65.72,up,20.9,1.5
TK,2026-08-03,,11.79,60,0.1267,True,3.6,5,14,-17,-5.3,72.88,distribution,-6.26,39.78,distribution,12.19,65.72,up,19.7,-0.5
TK,2026-08-04,,11.23,49,0.0921,True,3.9,0,8,-21,-27.97,74.96,distribution,-5.48,41.35,distribution,12.19,65.72,up,7.9,2
TK,2026-08-05,,10.87,44,0.04301,True,4.1,-5,1,-23,-23.65,74.44,distribution,-5.48,41.35,distribution,12.19,65.72,up,-3.7,0
TK,2026-08-06,,11.27,50,0.03584,True,4,0,2,-20,-20.1,74.49,distribution,-5.48,41.35,distribution,12.19,65.72,up,3.1,4
TK,2026-08-07,,11.32,51,0.0329,True,3.9,-3,6,-20,-15.28,74.54,distribution,-2.05,42.07,distribution,11.12,63.54,up,2.7,2
TK,2026-08-10,,11.18,49,0.02057,True,3.9,-5,2,-21,-18.26,74.68,distribution,-2.05,42.07,distribution,11.12,63.54,up,-2.9,1
TK,2026-08-11,,11.3,51,0.01955,True,3.9,1,4,-20,-15.62,73.51,distribution,-2.05,42.07,distribution,11.12,63.54,up,5.9,3
TK,2026-08-12,,11.78,58,0.04859,True,3.9,8,8,-17,3.7,75.17,up,12.21,43.29,up,11.12,63.54,up,21.5,5
TK,2026-08-13,,12.08,62,0.08337,True,3.8,7,10,-15,3.24,79.51,up,12.21,43.29,up,11.12,63.54,up,21.9,5
TK,2026-08-14,,12.47,66,0.1255,True,3.7,10,14,-12,16.6,84.78,up,12.21,43.29,up,55.37,62.48,up,29.7,5.5
TK,2026-08-17,,12.85,69,0.169,True,3.6,15,21,-9,14.53,89.9,up,10.77,46.47,up,55.37,62.48,up,42.3,5.5
TK,2026-08-18,,12.97,70,0.1942,True,3.5,15,21,-8,16.82,94.12,up,10.77,46.47,up,55.37,62.48,up,42.3,5.5
TK,2026-08-19,,13.17,72,0.2113,True,3.3,12,16,-7,14.72,98.08,up,10.77,46.47,up,55.37,62.48,up,34.7,5.5
TK,2026-08-20,,13.18,72,0.2097,True,3.3,9,18,-7,13.21,100.43,up,9.5,51.48,up,55.37,62.48,up,32.7,4.5
TK,2026-08-21,,13.24,73,0.1992,True,3.3,6,18,-6,11.56,102.7,up,9.5,51.48,up,52.55,64.9,up,29.1,4.5
TK,2026-08-24,CAVA_MACRO,13.35,74,0.1865,True,3.3,4,19,-6,13.81,104.02,up,9.5,51.48,up,52.55,64.9,up,27.5,4.5
TK,2026-08-25,CAVA_MACRO,13.36,74,0.1662,True,3.2,3,19,-6,12.08,104.71,up,8.37,57.47,up,52.55,64.9,up,26.3,5.5
TK,2026-08-26,,12.25,52,0.07042,True,4,-7,9,-13,10.57,102.39,up,8.37,57.47,up,52.55,64.9,up,3.3,5
TK,2026-08-27,,12.77,58,0.03614,True,3.9,-3,12,-10,28.28,99.72,up,8.37,57.47,up,52.55,64.9,up,12.5,7.5
TK,2026-08-28,CAVA_MACRO,13.05,61,0.02684,True,3.7,-1,15,-8,34.99,98.23,up,7.6,62.06,up,41.14,66.59,up,17.3,5.5
TMO,2026-06-30,,501.36,59,3.918,True,2.9,7,2,-22,-9.38,77.63,distribution,10.2,49.6,up,-7.59,33.89,distribution,11.5,-1
TMO,2026-07-01,,513.33,64,4.196,True,2.9,4,4,-20,2.19,80.34,up,10.2,49.6,up,-7.59,33.89,distribution,12.5,3
TMO,2026-07-02,,523.44,67,4.75,True,2.9,3,9,-18,1.91,83.95,up,10.2,49.6,up,-7.59,33.89,distribution,16.3,1
TMO,2026-07-06,,517.6,63,4.42,True,2.9,1,9,-19,-3.3,86.16,distribution,19.52,54.88,up,3.05,37.24,up,11.4,0
TMO,2026-07-07,,516.62,63,3.853,True,2.9,2,7,-19,-3.7,88.62,distribution,19.52,54.88,up,3.05,37.24,up,11,1
TMO,2026-07-08,,510.13,59,2.806,True,2.9,2,8,-20,-3.23,88.84,distribution,19.52,54.88,up,3.05,37.24,up,11.8,1
TMO,2026-07-09,,524.71,64,2.853,True,2.8,2,12,-18,9.64,89.88,up,21.72,60.09,up,3.05,37.24,up,18,4.5
TMO,2026-07-10,,527.05,65,2.794,True,2.8,1,7,-18,10.43,91.46,up,21.72,60.09,up,6.03,41.21,up,12.8,4
TMO,2026-07-13,,528.51,66,2.61,True,2.7,2,10,-17,10.38,93.01,up,21.72,60.09,up,6.03,41.21,up,17.4,4
TMO,2026-07-14,,534.07,67,2.613,True,2.7,3,12,-16,9.08,94.46,up,25.12,65.79,up,6.03,41.21,up,20.2,3.5
TMO,2026-07-15,,535.29,68,2.45,True,2.6,5,14,-16,9.15,96.09,up,25.12,65.79,up,6.03,41.21,up,24.2,4.5
TMO,2026-07-16,,543.19,70,2.612,True,2.5,4,15,-15,15.08,97.42,up,25.12,65.79,up,6.03,41.21,up,23.8,5.5
TMO,2026-07-17,,532.48,63,1.776,True,2.6,1,13,-17,3.92,97.5,up,21.98,71.46,up,5.28,46,up,17.6,3.5
TMO,2026-07-20,,526.23,59,0.6382,True,2.5,0,14,-18,3.55,96.47,up,21.98,71.46,up,5.28,46,up,17.2,4.5
TMO,2026-07-21,,523.46,57,-0.4079,False,2.8,-2,13,-18,3.2,93.54,up,21.98,71.46,up,5.28,46,up,12,5.5
TMO,2026-07-22,,526.46,59,-0.9726,False,2.7,-2,13,-18,5.91,91.86,up,19.23,74.41,up,5.28,46,up,12,4.5
TMO,2026-07-23,,572.32,73,1.531,True,3.1,5,22,-10,5.25,94.45,up,19.23,74.41,up,5.28,46,up,31.1,4.5
TMO,2026-07-24,,568.26,71,2.638,True,3.1,7,15,-11,0.77,95.57,up,19.23,74.41,up,4.62,51.82,up,26.9,4.5
TMO,2026-07-27,CONFIRMED_FLOW_LEADERS,559.53,66,2.507,True,3.1,6,11,-12,-7.8,95.59,distribution,16.83,79.77,up,4.62,51.82,up,19.5,1.5
TMO,2026-07-28,CONFIRMED_FLOW_LEADERS,576.41,70,3.236,True,3.2,10,12,-10,-6.89,96.91,distribution,16.83,79.77,up,4.62,51.82,up,26.1,1.5
TMO,2026-07-29,CONFIRMED_FLOW_LEADERS,576.46,70,3.384,True,3.1,9,14,-10,-6.03,97.64,distribution,16.83,79.77,up,4.62,51.82,up,26.5,2.5
TMO,2026-07-30,CONFIRMED_FLOW_LEADERS,576.77,70,3.169,True,3.1,1,15,-10,-4.98,97.12,distribution,25.47,84.16,up,4.62,51.82,up,17.7,1.5
TMO,2026-07-31,CONFIRMED_FLOW_LEADERS,574.3,69,2.554,True,3.1,1,12,-10,-6.73,96.63,distribution,25.47,84.16,up,9.26,59.06,up,15.3,1.5
TMO,2026-08-03,CONFIRMED_FLOW_LEADERS|CAVA_MACRO,574.03,69,1.853,True,3,3,10,-10,-6.15,96.3,distribution,25.47,84.16,up,9.26,59.06,up,16.6,2
TMO,2026-08-04,CONFIRMED_FLOW_LEADERS|MIMO_SHADOW|CAVA_MACRO,564.75,62,0.558,True,3.1,-2,9,-12,-5.39,95.05,distribution,14.79,87.07,up,9.26,59.06,up,7.3,1
TMO,2026-08-05,CONFIRMED_FLOW_LEADERS|MIMO_SHADOW|CAVA_MACRO,577.83,67,0.3829,True,2.9,0,12,-10,8.08,93.79,up,14.79,87.07,up,9.26,59.06,up,17.6,5.5
TMO,2026-08-06,CONFIRMED_FLOW_LEADERS|MIMO_SHADOW|CAVA_MACRO,580.02,68,0.2234,True,2.9,1,14,-9,7.07,93.21,up,14.79,87.07,up,9.26,59.06,up,20.4,4.5
TMO,2026-08-07,CONFIRMED_FLOW_LEADERS|MIMO_SHADOW|CAVA_MACRO,594,72,0.834,True,2.8,3,13,-7,6.19,93.59,up,31.41,90.15,up,25.11,65.78,up,22,5.5
TMO,2026-08-10,CONFIRMED_FLOW_LEADERS|MIMO_SHADOW|CAVA_MACRO,599.69,73,1.364,True,2.7,4,14,-6,10.83,94.94,up,31.41,90.15,up,25.11,65.78,up,24,5.5
TMO,2026-08-11,CONFIRMED_FLOW_LEADERS|MIMO_SHADOW|CAVA_MACRO,605,75,1.789,True,2.6,7,14,-5,14.53,96.43,up,31.41,90.15,up,25.11,65.78,up,27.6,5.5
TMO,2026-08-12,CONFIRMED_FLOW_LEADERS|MIMO_SHADOW|CAVA_MACRO,603.01,73,1.655,True,2.6,4,13,-6,10.85,96.79,up,33.37,93.19,up,25.11,65.78,up,23.2,4.5
TMO,2026-08-13,CONFIRMED_FLOW_LEADERS|MIMO_SHADOW|CAVA_MACRO,595.89,68,0.8476,True,2.6,3,11,-7,2.7,97.11,up,33.37,93.19,up,25.11,65.78,up,20.4,4.5
TMO,2026-08-14,CONFIRMED_FLOW_LEADERS|MIMO_SHADOW|CAVA_MACRO,588.29,63,-0.3729,False,2.5,-1,8,-8,-4.9,96.25,distribution,33.37,93.19,up,17.04,72.15,up,7.2,2
TMO,2026-08-17,CONFIRMED_FLOW_LEADERS|MIMO_SHADOW|CAVA_MACRO,585.51,61,-1.48,False,2.5,-2,10,-8,-6.98,94.27,distribution,18.18,95.48,up,17.04,72.15,up,7.6,1
TMO,2026-08-18,CONFIRMED_FLOW_LEADERS|MIMO_SHADOW|CAVA_MACRO,589.04,62,-2.051,False,2.4,-3,12,-8,-6.19,93.25,distribution,18.18,95.48,up,17.04,72.15,up,8,2.5
TMO,2026-08-19,CONFIRMED_FLOW_LEADERS|MIMO_SHADOW|CAVA_MACRO,613.54,71,-0.9138,False,2.5,2,17,-4,-5.48,94.28,distribution,18.18,95.48,up,17.04,72.15,up,19,-0.5
TMO,2026-08-20,CONFIRMED_FLOW_LEADERS|MIMO_SHADOW|CAVA_MACRO,627.55,74,0.5671,True,2.6,5,19,-2,-4.84,96.07,distribution,15.91,98.13,up,17.04,72.15,up,26.2,-0.5
TMO,2026-08-21,CONFIRMED_FLOW_LEADERS|MIMO_SHADOW|CAVA_MACRO,629.27,75,1.4,True,2.6,7,10,-2,-2.64,97.82,distribution,15.91,98.13,up,14.91,78.24,up,21.4,-1
TMO,2026-08-24,CONFIRMED_FLOW_LEADERS|MIMO_SHADOW|CAVA_MACRO,628.74,74,1.637,True,2.5,7,11,-2,-2.38,99.26,distribution,15.91,98.13,up,14.91,78.24,up,22.2,0.5
TMO,2026-08-25,CONFIRMED_FLOW_LEADERS|MIMO_SHADOW|CAVA_MACRO,628.15,74,1.48,True,2.7,7,12,-2,-2.72,100.9,distribution,14.57,100.8,up,14.91,78.24,up,23,-0.5
TMO,2026-08-26,CONFIRMED_FLOW_LEADERS|MIMO_SHADOW|CAVA_MACRO,633.71,75,1.473,True,2.6,3,10,-1,-2.44,101.52,distribution,14.57,100.8,up,14.91,78.24,up,16.6,0
TMO,2026-08-27,CONFIRMED_FLOW_LEADERS|MIMO_SHADOW|CAVA_MACRO,630.7,73,1.011,True,2.6,1,9,-1,-5.25,101.85,distribution,14.57,100.8,up,14.91,78.24,up,13.4,-1
TMO,2026-08-28,CONFIRMED_FLOW_LEADERS|MIMO_SHADOW|CAVA_MACRO,622.18,66,-0.06616,False,2.6,-1,8,-3,-13.85,100.71,distribution,9.48,102.13,up,7.32,84.25,up,8.2,-1
TNZ.TO,2026-08-04,,55.48,58,0.344,True,4.1,3,19,-18,17.66,89.64,up,0.42,45.96,up,-12.42,67.97,distribution,22.8,3.5
TNZ.TO,2026-08-05,,53.13,51,0.103,True,4.3,0,19,-22,15.84,88.98,up,0.42,45.96,up,-12.42,67.97,distribution,18.2,3.5
TNZ.TO,2026-08-06,,54.37,54,0.01458,True,4.3,1,18,-20,14.16,87.35,up,0.42,45.96,up,-12.42,67.97,distribution,18.6,3.5
TNZ.TO,2026-08-07,,54.18,54,-0.06489,False,4.2,-4,13,-20,9.92,85.91,up,0.36,48.63,up,-22.82,65.15,distribution,6.6,4.5
TNZ.TO,2026-08-10,,56.6,60,0.03213,True,4.1,1,22,-17,8.88,85.18,up,0.36,48.63,up,-22.82,65.15,distribution,22.8,2.5
TNZ.TO,2026-08-11,,56.68,60,0.08528,True,3.9,2,21,-16,8.95,84.85,up,0.36,48.63,up,-22.82,65.15,distribution,23.2,2.5
TNZ.TO,2026-08-12,,56.89,60,0.1163,True,3.7,7,16,-16,7.84,84.39,up,18.79,52.12,up,-22.82,65.15,distribution,25.2,2.5
TNZ.TO,2026-08-13,,54.61,52,-0.02747,False,3.9,0,11,-20,6.79,81.78,up,18.79,52.12,up,-22.82,65.15,distribution,9.8,3.5
TNZ.TO,2026-08-14,,54.72,53,-0.1206,False,3.8,1,6,-19,7.53,78.81,up,18.79,52.12,up,-17.23,63.11,distribution,7,5
TNZ.TO,2026-08-17,,57.34,60,-0.01659,False,3.7,1,12,-15,6.53,77.6,up,16.44,55.59,up,-17.23,63.11,distribution,12.8,3.5
TNZ.TO,2026-08-18,,59.5,64,0.1761,True,3.6,5,12,-12,5.67,79.33,up,16.44,55.59,up,-17.23,63.11,distribution,19.6,3.5
TNZ.TO,2026-08-19,,60.49,66,0.3393,True,3.6,6,12,-11,4.92,82.61,up,16.44,55.59,up,-17.23,63.11,distribution,21.8,2.5
TNZ.TO,2026-08-20,,60.64,67,0.421,True,3.7,11,13,-11,6.25,85.21,up,14.39,60.44,up,-17.23,63.11,distribution,28.6,2.5
TNZ.TO,2026-08-21,,61.15,68,0.4694,True,3.6,12,6,-10,5.42,87.64,up,14.39,60.44,up,-15.3,62.9,distribution,25.2,3.5
TNZ.TO,2026-08-24,,59.25,60,0.3395,True,3.7,3,2,-13,-19.89,88.44,distribution,14.39,60.44,up,-15.3,62.9,distribution,6.2,2
TNZ.TO,2026-08-25,,60.07,62,0.2775,True,3.6,1,8,-11,-17.4,88.06,distribution,12.59,65.3,up,-15.3,62.9,distribution,8.6,2
TNZ.TO,2026-08-26,,62.27,67,0.3487,True,3.7,3,16,-8,12.91,89.42,up,12.59,65.3,up,-15.3,62.9,distribution,22.4,2.5
TNZ.TO,2026-08-27,,63.29,69,0.4236,True,3.7,4,19,-7,24.34,91.47,up,12.59,65.3,up,-15.3,62.9,distribution,26,2.5
TNZ.TO,2026-08-28,MIMO_SHADOW,64.64,71,0.5169,True,3.7,6,20,-5,20.67,93.99,up,40.51,70.77,up,4.87,64.72,up,30.7,4.5
TOU.TO,2026-06-29,,59.21,33,-0.2011,False,2.5,-3,-6,-15,-14.16,23.26,distribution,0,45.7,accumulation,0,65.56,distribution,-9.9,-1
TOU.TO,2026-06-30,,59.3,34,-0.178,False,2.5,-2,-8,-15,-11.16,22.41,distribution,0,45.7,accumulation,0,65.56,distribution,-10.3,-1
TOU.TO,2026-07-02,,59.71,37,-0.1176,False,2.4,0,-7,-14,-4.17,22.11,distribution,0,45.7,accumulation,0,65.56,distribution,-7.1,2
TOU.TO,2026-07-03,,59.83,38,-0.05514,False,2.3,0,-9,-14,-2.02,22.95,distribution,4.31,41.55,accumulation,-2.15,60.04,distribution,-8.7,1
TOU.TO,2026-07-06,,59,34,-0.0552,False,2.3,-2,-10,-15,-1.78,23.48,distribution,4.31,41.55,accumulation,-2.15,60.04,distribution,-11.9,-1
TOU.TO,2026-07-07,,60.28,44,0.04033,True,2.2,2,-5,-13,-1.56,25.17,distribution,4.31,41.55,accumulation,-2.15,60.04,distribution,-1.1,4
TOU.TO,2026-07-08,,62.17,54,0.2296,True,2.3,5,-3,-11,24.64,29.85,up,3.75,39.48,up,-2.15,60.04,distribution,7.1,5
TOU.TO,2026-07-09,,61.3,49,0.2911,True,2.3,3,-3,-12,21.65,34.49,up,3.75,39.48,up,-2.15,60.04,distribution,4.7,6
TOU.TO,2026-07-10,,59.71,42,0.2226,True,2.4,0,-7,-14,-3.36,37,distribution,3.75,39.48,up,-1.93,55.8,distribution,-5.1,2
TOU.TO,2026-07-13,,61.35,50,0.2819,True,2.4,4,-3,-12,-2.95,39.52,distribution,3.27,37.85,up,-1.93,55.8,distribution,2.9,4
TOU.TO,2026-07-14,,61.17,49,0.3013,True,2.4,1,-3,-12,-5.21,42.4,distribution,3.27,37.85,up,-1.93,55.8,distribution,-0.7,4
TOU.TO,2026-07-15,,61.48,51,0.3254,True,2.4,-1,0,-12,-4.69,46.07,distribution,3.27,37.85,up,-1.93,55.8,distribution,-0.7,2
TOU.TO,2026-07-16,,62.39,55,0.3886,True,2.3,2,3,-10,9.17,51.19,up,9.7,37.02,up,-1.93,55.8,distribution,9.3,7
TOU.TO,2026-07-17,,62.49,55,0.4205,True,2.3,5,3,-10,9.97,57,up,9.7,37.02,up,-1.74,53.69,distribution,12.9,5
TOU.TO,2026-07-20,,62.48,55,0.4231,True,2.2,2,4,-10,9.3,62.12,up,9.7,37.02,up,-1.74,53.69,distribution,10.1,7
TOU.TO,2026-07-21,,63.66,60,0.4822,True,2.2,4,5,-8,8.88,68.1,up,16.49,37.46,up,-1.74,53.69,distribution,14.3,4
TOU.TO,2026-07-22,,64.78,65,0.5687,True,2.1,5,6,-7,29.13,74.42,up,16.49,37.46,up,-1.74,53.69,distribution,16.3,4
TOU.TO,2026-07-23,EARLY_ROTATION,64.89,65,0.602,True,2.1,4,7,-7,24.6,80.2,up,16.49,37.46,up,-1.74,53.69,distribution,15.9,3
TOU.TO,2026-07-24,EARLY_ROTATION,65.16,66,0.6091,True,2.1,4,9,-6,25.44,84.37,up,23.32,39.86,up,16.41,54.12,up,20,4
TOU.TO,2026-07-27,EARLY_ROTATION|MIMO_SHADOW,63.57,56,0.4794,True,2.2,2,6,-9,21.57,85.59,up,23.32,39.86,up,16.41,54.12,up,14.2,7
TOU.TO,2026-07-28,EARLY_ROTATION|MIMO_SHADOW,62.96,53,0.3321,True,2.2,-1,5,-9,8.24,85.15,up,23.32,39.86,up,16.41,54.12,up,8.8,6
TOU.TO,2026-07-29,EARLY_ROTATION|MIMO_SHADOW,64.46,59,0.3154,True,2.2,0,9,-7,7.13,86.38,up,19.83,41.22,up,16.41,54.12,up,14.2,4
TOU.TO,2026-07-30,EARLY_ROTATION|MIMO_SHADOW,62.3,49,0.1472,True,2.4,-4,5,-10,6.19,85.31,up,19.83,41.22,up,16.41,54.12,up,5.2,6
TOU.TO,2026-07-31,EARLY_ROTATION|MIMO_SHADOW,61.91,47,0.005385,True,2.4,-5,4,-11,-1.19,82.84,distribution,19.83,41.22,up,14.69,53.94,up,-0.8,3
TOU.TO,2026-08-04,,60.87,43,-0.1539,False,2.5,-4,2,-12,-1.04,78.17,distribution,16.93,40.34,up,14.69,53.94,up,-3.2,2
TOU.TO,2026-08-05,,59.14,37,-0.3594,False,2.7,-6,0,-15,-30.7,72.6,distribution,16.93,40.34,up,14.69,53.94,up,-7.2,1
TOU.TO,2026-08-06,,59.56,39,-0.4452,False,2.6,-8,-1,-14,-26.86,66.53,distribution,16.93,40.34,up,14.69,53.94,up,-10.4,2
TOU.TO,2026-08-07,,59.15,38,-0.5033,False,2.5,-5,-5,-15,-30.51,60.2,distribution,3.89,37.79,up,-7.63,51.22,distribution,-11.5,1
TOU.TO,2026-08-10,,60.15,43,-0.45,False,2.4,-3,-2,-13,-26.7,55.79,distribution,3.89,37.79,up,-7.63,51.22,distribution,-6.7,2
TOU.TO,2026-08-11,,59.93,42,-0.4064,False,2.3,-2,0,-14,-23.36,52.18,distribution,3.89,37.79,up,-7.63,51.22,distribution,-3.9,2
TOU.TO,2026-08-12,,59.5,41,-0.3836,False,2.3,1,-3,-14,-27.7,48.18,distribution,5.56,35.55,up,-7.63,51.22,distribution,-2.7,3
TOU.TO,2026-08-13,,59.47,41,-0.3488,False,2.2,0,-3,-14,-24.74,43.92,distribution,5.56,35.55,up,-7.63,51.22,distribution,-3.9,4
TOU.TO,2026-08-14,,59.51,41,-0.3029,False,2.1,1,-3,-14,-21.65,40.93,distribution,5.56,35.55,up,-4.07,48.33,distribution,-2.7,4
TOU.TO,2026-08-17,,60.09,44,-0.2173,False,2,0,-4,-14,-18.94,39.21,distribution,8.45,33.62,up,-4.07,48.33,distribution,-4.7,4
TOU.TO,2026-08-18,,60.72,48,-0.1077,False,1.9,1,-3,-13,-6.05,39.29,distribution,8.45,33.62,up,-4.07,48.33,distribution,-2.7,5
TOU.TO,2026-08-19,,61.27,51,0.006408,True,1.9,3,-2,-12,-5.3,40.06,distribution,8.45,33.62,up,-4.07,48.33,distribution,2.5,4
TOU.TO,2026-08-20,,62.18,56,0.1403,True,1.9,5,-2,-11,10.43,42.37,up,7.32,34.16,up,-4.07,48.33,distribution,8.9,5
TOU.TO,2026-08-21,,62.28,56,0.2275,True,1.8,5,-4,-10,9.12,45.18,up,7.32,34.16,up,-3.58,46.65,distribution,8.3,6
TOU.TO,2026-08-24,,62.16,56,0.2664,True,1.8,3,-4,-11,6,47.76,up,7.32,34.16,up,-3.58,46.65,distribution,4.9,6
TOU.TO,2026-08-25,,61.61,52,0.2449,True,1.8,1,-5,-11,-3.84,49.62,distribution,3.02,35.95,up,-3.58,46.65,distribution,-2.3,4
TOU.TO,2026-08-26,,62.25,56,0.2621,True,1.9,2,-2,-10,7.22,52.23,up,3.02,35.95,up,-3.58,46.65,distribution,6.3,6
TOU.TO,2026-08-27,,62.56,57,0.2809,True,1.9,1,-1,-10,6.31,55.7,up,3.02,35.95,up,-3.58,46.65,distribution,5.9,6
TOU.TO,2026-08-28,,62.5,57,0.2755,True,1.8,0,-3,-10,4.54,59.2,up,2.64,38.42,up,-1.45,46.21,distribution,3.1,7
TSLA,2026-04-14,,364.2,46,0.4379,True,3.9,5,-7,-26,6.09,24.53,up,-4.83,25.38,down,-9.63,34.67,down,1.9,2
TSLA,2026-04-15,,391.95,58,3.179,True,4,14,-1,-20,5.58,29.2,up,-4.83,25.38,down,-9.63,34.67,down,19.5,2.5
TSLA,2026-04-16,,388.9,56,4.646,True,4,13,-3,-21,-1.38,35.38,distribution,-4.33,25.76,distribution,-9.63,34.67,down,13.7,0.5
TSLA,2026-04-17,,400.62,60,6.169,True,3.9,15,2,-18,-1.27,42.72,distribution,-4.33,25.76,distribution,-8.9,32.36,distribution,20.6,-0.5
TSLA,2026-04-20,,392.5,56,6.368,True,4.1,11,3,-20,-19.9,49.02,distribution,-4.33,25.76,distribution,-8.9,32.36,distribution,16.6,0.5
TSLA,2026-04-21,,386.42,54,5.842,True,4,6,5,-21,-33.17,53.19,distribution,-5.57,28.5,distribution,-8.9,32.36,distribution,11.2,2
TSLA,2026-04-22,,387.51,54,5.333,True,3.8,-1,2,-21,-30.08,56.66,distribution,-5.57,28.5,distribution,-8.9,32.36,distribution,0.4,1
TSLA,2026-04-23,,373.72,48,3.901,True,4.1,-4,-2,-24,-27.19,57.99,distribution,-5.57,28.5,distribution,-8.9,32.36,distribution,-6.4,0
TSLA,2026-04-24,,376.3,49,2.999,True,4,-6,-3,-23,-17.34,59.5,distribution,-5.01,30.19,distribution,-25.59,31.38,distribution,-9.6,1
TSLA,2026-04-27,,378.67,50,2.458,True,4,-4,2,-23,-16.2,60.43,distribution,-5.01,30.19,distribution,-25.59,31.38,distribution,-3.2,0
TSLA,2026-04-28,,376.02,49,1.845,True,3.9,-3,4,-23,-21.97,61.54,distribution,-5.01,30.19,distribution,-25.59,31.38,distribution,-0.4,1
TSLA,2026-04-29,,372.8,47,1.179,True,3.8,-4,5,-24,-30.06,62.21,distribution,-7.06,30.76,distribution,-25.59,31.38,distribution,-0.8,1
TSLA,2026-04-30,,381.63,52,1.281,True,3.7,2,3,-22,-27.45,63.33,distribution,-7.06,30.76,distribution,-25.59,31.38,distribution,4.8,3
TSLA,2026-05-01,,390.82,56,1.878,True,3.7,4,3,-20,-25.68,65.83,distribution,-7.06,30.76,distribution,-11.78,30.7,distribution,8.2,2
TSLA,2026-05-04,,392.51,57,2.272,True,3.6,4,9,-20,-17.63,68.42,distribution,-6.29,32.59,distribution,-11.78,30.7,distribution,13,1
TSLA,2026-05-05,,389.37,55,2.204,True,3.6,4,10,-21,-26.15,70.95,distribution,-6.29,32.59,distribution,-11.78,30.7,distribution,12.8,0
TSLA,2026-05-06,,398.73,59,2.644,True,3.6,7,15,-19,-22.88,72.88,distribution,-6.29,32.59,distribution,-11.78,30.7,distribution,21.4,-1.5
TSLA,2026-05-07,,411.79,65,3.608,True,3.6,8,20,-16,-20.02,76.31,distribution,-5.81,36.52,distribution,-11.78,30.7,distribution,26.6,-1.5
TSLA,2026-05-08,,428.35,70,5.066,True,3.5,10,24,-13,-17.52,80.81,distribution,-5.81,36.52,distribution,17.12,32.52,up,34.7,1.5
TSLA,2026-05-11,EARLY_ROTATION,445,74,6.751,True,3.6,13,28,-9,-15.33,85.57,distribution,-5.81,36.52,distribution,17.12,32.52,up,42.5,0.5
TSLA,2026-05-12,EARLY_ROTATION,433.45,67,6.674,True,3.9,11,23,-12,-47.94,89.05,distribution,-5.47,42.67,distribution,17.12,32.52,up,35.1,0.5
TSLA,2026-05-13,EARLY_ROTATION,445.27,70,6.975,True,3.9,12,22,-9,-41.95,92.68,distribution,-5.47,42.67,distribution,17.12,32.52,up,36.5,0.5
TSLA,2026-05-14,EARLY_ROTATION,443.3,69,6.599,True,3.8,8,13,-10,-42.44,95.89,distribution,-5.47,42.67,distribution,17.12,32.52,up,24.5,1.5
TSLA,2026-05-15,EARLY_ROTATION,422.24,58,4.587,True,4.1,-1,9,-14,-37.13,96.65,distribution,-13.79,48.73,distribution,14.98,35.99,up,8.5,2
TSLA,2026-05-18,EARLY_ROTATION,409.99,53,2.205,True,4.2,-8,2,-16,-69.91,95.19,distribution,-13.79,48.73,distribution,14.98,35.99,up,-6.5,1
TSLA,2026-05-19,EARLY_ROTATION,404.11,50,0.1186,True,4.2,-7,3,-18,-72.97,92.27,distribution,-13.79,48.73,distribution,14.98,35.99,up,-4.5,1
TSLA,2026-05-20,EARLY_ROTATION,417.26,55,-0.4592,False,4,-6,8,-15,-25.82,90.52,distribution,-16.7,52.26,distribution,14.98,35.99,up,-1.3,3
TSLA,2026-05-21,EARLY_ROTATION,417.85,55,-0.8617,False,4,-6,8,-15,-20.38,89.64,distribution,-16.7,52.26,distribution,14.98,35.99,up,-1.3,2
TSLA,2026-05-22,EARLY_ROTATION,426.01,58,-0.6482,False,3.9,1,14,-13,-17.39,89.45,distribution,-16.7,52.26,distribution,15.91,38.09,up,12.9,3.5
TSLA,2026-05-26,EARLY_ROTATION,433.59,61,-0.09532,False,3.7,6,15,-11,3.88,89.85,up,-1.39,56.32,distribution,15.91,38.09,up,22.7,4.5
TSLA,2026-05-27,EARLY_ROTATION,440.36,63,0.5899,True,3.5,9,16,-10,20.45,91,up,-1.39,56.32,distribution,15.91,38.09,up,30.1,4.5
TSLA,2026-05-28,EARLY_ROTATION,442.1,64,0.9997,True,3.4,6,18,-10,22.28,91.76,up,-1.39,56.32,distribution,15.91,38.09,up,28.1,4.5
TSLA,2026-05-29,EARLY_ROTATION,435.79,60,0.6994,True,3.4,4,17,-11,19.49,91.49,up,0.78,61.06,up,21.17,41.54,up,23.9,4.5
TSLA,2026-06-01,EARLY_ROTATION,415.88,50,-0.8997,False,3.7,-2,9,-15,-33.83,89.04,distribution,0.78,61.06,up,21.17,41.54,up,4.3,3
TSLA,2026-06-02,EARLY_ROTATION,423.74,54,-1.455,False,3.5,-2,8,-14,-9.51,86.85,distribution,0.78,61.06,up,21.17,41.54,up,3.5,4
TSLA,2026-06-03,EARLY_ROTATION,423.7,54,-1.827,False,3.6,-4,8,-14,-8.32,84.87,distribution,0.74,63.69,up,21.17,41.54,up,1.1,3
TSLA,2026-06-04,EARLY_ROTATION,418.45,51,-2.394,False,3.5,-5,7,-15,-20.52,82.28,distribution,0.74,63.69,up,21.17,41.54,up,-0.9,4
TSLA,2026-06-05,EARLY_ROTATION,391,40,-4.464,False,4.2,-10,-2,-20,-17.5,77.93,distribution,0.74,63.69,up,18.52,43.12,up,-14.1,1
TSLA,2026-06-08,EARLY_ROTATION,408.95,48,-4.461,False,4.1,-2,-1,-17,32.13,73.86,up,0.69,64.79,up,18.52,43.12,up,-0.7,6
TSLA,2026-06-09,EARLY_ROTATION,396.68,44,-5.076,False,4.5,-6,-7,-19,28.12,69.83,up,0.69,64.79,up,18.52,43.12,up,-10.3,4
TSLA,2026-06-10,EARLY_ROTATION,381.59,39,-6.215,False,4.7,-10,-14,-22,-16.52,63.9,down,0.69,64.79,up,18.52,43.12,up,-24.7,-1
TSLA,2026-06-11,,399.15,46,-5.526,False,4.5,-5,-8,-19,33.4,59.3,up,0.64,64.82,up,18.52,43.12,up,-9.9,6
TSLA,2026-06-12,,406.43,49,-4.369,False,4.5,4,-9,-17,29.22,56.52,up,0.64,64.82,up,15.99,43.94,up,0.1,5
TSLA,2026-06-15,,411.15,51,-3.134,False,4.3,1,-7,-16,38.2,55.94,up,0.64,64.82,up,15.99,43.94,up,-1.9,7
TSLA,2026-06-16,,404.66,48,-2.622,False,4.2,2,-4,-17,16.06,54.49,up,7.58,64.58,up,15.99,43.94,up,1.7,8
TSLA,2026-06-17,,396.38,45,-2.7,False,4.2,4,-3,-19,14.05,52.25,up,7.58,64.58,up,15.99,43.94,up,4.9,7
TSLA,2026-06-18,,400.49,47,-2.345,False,4.2,0,-1,-18,12.29,49.86,up,7.58,64.58,up,15.99,43.94,up,1.7,7
TSLA,2026-06-22,,405.05,49,-1.704,False,4.2,0,-3,-17,23.09,49.05,up,6.63,63.81,up,9.21,44.91,up,0.1,7
TSLA,2026-06-23,,381.61,41,-2.701,False,4.6,-7,-9,-22,20.2,45.99,accumulation,6.63,63.81,up,9.21,44.91,up,-14.1,3
TSLA,2026-06-24,,375.53,39,-3.557,False,4.6,-7,-12,-23,0.23,42.18,accumulation,6.63,63.81,up,9.21,44.91,up,-16.5,2
TSLA,2026-06-25,,375.12,39,-3.911,False,4.4,-5,-13,-23,-0.98,38.65,down,-31.63,61.6,distribution,9.21,44.91,up,-17.9,0
TSLA,2026-06-26,,379.71,41,-3.603,False,4.4,-5,-14,-22,-0.86,36.55,distribution,-31.63,61.6,distribution,7.97,44.7,up,-17.7,0
TSLA,2026-06-29,,411.84,54,-1.131,False,4.4,2,-7,-16,-0.75,37.4,distribution,-31.63,61.6,distribution,7.97,44.7,up,-3.7,2
TSLA,2026-06-30,,420.6,57,1.08,True,4.3,10,-3,-14,22.25,41.08,up,-26.62,61.23,distribution,7.97,44.7,up,15.1,6.5
TSLA,2026-07-01,,425.3,58,2.748,True,4.2,13,2,-13,31.75,46.39,up,-26.62,61.23,distribution,7.97,44.7,up,22.7,6.5
TSLA,2026-07-02,,393.45,47,1.651,True,5,5,-7,-20,27.78,49.21,up,-26.62,61.23,distribution,7.97,44.7,up,4.9,5
TSLA,2026-07-06,,419.77,55,2.587,True,4.8,11,-1,-14,98.7,51.26,up,-22.54,62.64,distribution,17.6,45.63,up,16.9,6.5
TSLA,2026-07-07,,402.9,50,1.985,True,5,-2,-4,-18,38.68,53.12,up,-22.54,62.64,distribution,17.6,45.63,up,-1.1,4
TSLA,2026-07-08,,394.06,47,0.9591,True,5,-6,1,-20,8.86,52.73,up,-22.54,62.64,distribution,17.6,45.63,up,-1.9,4
TSLA,2026-07-09,,406.55,51,1.08,True,4.8,-4,-1,-17,7.76,53.34,up,-31.91,62.93,distribution,17.6,45.63,up,-1.1,5
TSLA,2026-07-10,,407.76,51,1.192,True,4.6,4,3,-17,10.1,55.71,up,-31.91,62.93,distribution,25.68,47.58,up,11.7,7
TSLA,2026-07-13,,394.76,47,0.3816,True,4.7,-6,3,-19,-26.77,56.08,distribution,-31.91,62.93,distribution,25.68,47.58,up,-3.3,1
TSLA,2026-07-14,,396.18,48,-0.0442,False,4.5,-2,-1,-19,-19.54,56.65,distribution,-36.21,62.13,distribution,25.68,47.58,up,-3.7,2
TSLA,2026-07-15,,394.46,47,-0.4071,False,4.5,0,-3,-19,-17.09,57.04,distribution,-36.21,62.13,distribution,25.68,47.58,up,-2.9,3
TSLA,2026-07-16,,391.06,46,-0.8179,False,4.4,-4,-5,-20,-24.31,56.25,distribution,-36.21,62.13,distribution,25.68,47.58,up,-9.3,2
TSLA,2026-07-17,,380.84,43,-1.671,False,4.4,-7,-6,-22,-21.27,53.51,distribution,-30.31,60.23,distribution,2.07,48.47,up,-13.7,0
TSLA,2026-07-20,,369.57,39,-2.819,False,4.6,-6,-7,-25,-18.61,50.04,distribution,-30.31,60.23,distribution,2.07,48.47,up,-13.3,-1
TTI,2026-06-04,,9.93,48,-0.1034,False,5.5,-5,2,-19,23.45,74.27,up,16.27,70.29,up,23.4,73.59,up,-1.9,5
TTI,2026-06-05,,9.29,40,-0.1549,False,6,-9,-6,-25,-20.33,67.16,distribution,16.27,70.29,up,19.99,72.91,up,-16.1,1
TTI,2026-06-08,,9.92,49,-0.141,False,5.7,-4,2,-19,22.36,61.82,up,17.07,70.25,up,19.99,72.91,up,-0.7,6
TTI,2026-06-09,,9.78,47,-0.1356,False,5.8,-10,0,-21,19.03,58.55,up,17.07,70.25,up,19.99,72.91,up,-9.5,5
TTI,2026-06-10,,10.38,54,-0.08842,False,5.6,7,2,-16,16.26,58.09,up,17.07,70.25,up,19.99,72.91,up,12.5,6
TTI,2026-06-11,,10.45,55,-0.05106,False,5.5,5,2,-15,17.81,59.82,up,23.47,71.48,up,19.99,72.91,up,10.1,8
TTI,2026-06-12,,10.4,54,-0.02938,False,5.4,12,-2,-16,12.54,60.48,up,23.47,71.48,up,39.2,72.72,up,15.3,6.5
TTI,2026-06-15,,10.16,51,-0.0307,False,5.4,2,-6,-18,10.8,59.91,up,23.47,71.48,up,39.2,72.72,up,0.1,6
TTI,2026-06-16,,10.15,51,-0.03164,False,5.3,4,-4,-18,8.82,58.63,up,15.09,73.2,up,39.2,72.72,up,4.1,8
TTI,2026-06-17,,10.17,51,-0.0303,False,5.2,-2,-3,-17,7.72,57.06,up,15.09,73.2,up,39.2,72.72,up,-2.3,6
TTI,2026-06-18,,10.24,52,-0.02434,False,5.1,-2,-1,-17,6.75,55.46,up,15.09,73.2,up,39.2,72.72,up,-0.7,6
TTI,2026-06-22,,10.34,54,-0.01383,False,4.9,-1,-1,-16,11.29,54.94,up,12.96,73.79,up,29.71,72.94,up,0.5,6
TTI,2026-06-23,,10.13,50,-0.02077,False,4.9,0,-2,-18,-1.54,53.61,distribution,12.96,73.79,up,29.71,72.94,up,-2.1,4
TTI,2026-06-24,,9.98,48,-0.0344,False,4.9,-2,-4,-19,-1.39,52.19,distribution,12.96,73.79,up,29.71,72.94,up,-6.1,2
TTI,2026-06-25,,10.2,51,-0.02783,False,4.7,0,-5,-17,-1.24,52.2,distribution,8.97,73.59,up,29.71,72.94,up,-4.5,5
TTI,2026-06-26,,10.87,61,0.01985,True,4.6,6,5,-12,-1.1,55.62,distribution,8.97,73.59,up,25.07,74.24,up,13.7,3
TTI,2026-06-29,MIMO_SHADOW,11.38,66,0.08054,True,4.6,10,9,-8,26.58,62.59,up,8.97,73.59,up,25.07,74.24,up,26.7,4.5
TTI,2026-06-30,MIMO_SHADOW,11.33,65,0.1103,True,4.5,12,11,-8,20.34,69.21,up,7.76,75.21,up,25.07,74.24,up,29.7,5.5
TTI,2026-07-01,MIMO_SHADOW,10.25,49,0.05306,True,5.5,3,-1,-17,17.63,71.28,up,7.76,75.21,up,25.07,74.24,up,7.3,6
TTI,2026-07-02,MIMO_SHADOW,9.3,40,-0.04746,False,6.5,-9,-15,-25,-40.69,68.07,distribution,7.76,75.21,up,25.07,74.24,up,-24.3,0
TTI,2026-07-06,,9.4,41,-0.1028,False,6.3,-14,-3,-24,-35.6,63.26,distribution,-20.63,75.3,distribution,-5.98,74.47,distribution,-22.2,0
TTI,2026-07-07,,9.26,40,-0.1419,False,6.3,-19,-7,-25,-39.36,58.21,distribution,-20.63,75.3,distribution,-5.98,74.47,distribution,-31.4,-1
TTI,2026-07-08,,9.33,41,-0.1551,False,6,-18,0,-24,-30.34,54.94,distribution,-20.63,75.3,distribution,-5.98,74.47,distribution,-23.6,0
TTI,2026-07-09,,9.42,42,-0.1497,False,5.8,-8,-5,-24,-21.28,52.87,distribution,-17.89,71.94,distribution,-5.98,74.47,distribution,-15.6,0
TTI,2026-07-10,,9.45,42,-0.1365,False,5.5,2,-3,-23,-16.88,51.23,distribution,-17.89,71.94,distribution,-2.57,72.34,distribution,-2,2
TTI,2026-07-13,,9.18,39,-0.1379,False,5.6,-2,-12,-25,-14.79,49.28,distribution,-17.89,71.94,distribution,-2.57,72.34,distribution,-14,-2
TTI,2026-07-14,,9.48,44,-0.1117,False,5.4,2,-9,-23,-12.94,48.68,distribution,-15.88,68.93,distribution,-2.57,72.34,distribution,-6.8,0
TTI,2026-07-15,,9.37,43,-0.09541,False,5.4,0,-10,-24,-17.78,47.9,distribution,-15.88,68.93,distribution,-2.57,72.34,distribution,-10,-1
TTI,2026-07-16,,9.03,39,-0.1007,False,5.5,-4,-11,-27,-15.73,46.23,distribution,-15.88,68.93,distribution,-2.57,72.34,distribution,-16.6,-3
TTI,2026-07-17,,9.26,43,-0.08266,False,5.4,-2,-9,-25,-13.9,43.41,distribution,-13.89,65.2,distribution,-2.24,70.33,distribution,-11.6,0
TTI,2026-07-20,,8.87,38,-0.09029,False,5.7,-3,-13,-28,-36.1,40.33,distribution,-13.89,65.2,distribution,-2.24,70.33,distribution,-17,-3
TTI,2026-07-21,,9.1,42,-0.07383,False,5.4,-4,-11,-26,-17.65,37.31,distribution,-13.89,65.2,distribution,-2.24,70.33,distribution,-16.6,-1
TTI,2026-07-22,,9.08,42,-0.05894,False,5.2,-3,-12,-26,-15.54,35.74,distribution,-14.82,61.36,distribution,-2.24,70.33,distribution,-16.2,-1
TTI,2026-07-23,,8.53,36,-0.07949,False,5.7,-6,-16,-31,-13.67,33.55,down,-14.82,61.36,distribution,-2.24,70.33,distribution,-24,-5
TTI,2026-07-24,,8.31,34,-0.09994,False,5.7,-10,-17,-33,-11.96,31.07,down,-14.82,61.36,distribution,-19.2,67.12,distribution,-29.6,-6
TTI,2026-07-27,,7.69,29,-0.1446,False,6.6,-13,-25,-38,-10.47,27.88,down,-12.97,55.36,down,-19.2,67.12,distribution,-40.6,-6
TTI,2026-07-28,,7.24,26,-0.1908,False,7.1,-20,-33,-41,-9.4,23.7,down,-12.97,55.36,down,-19.2,67.12,distribution,-55.4,-6
TTI,2026-07-29,,7.31,27,-0.202,False,7.2,-19,-36,-41,-2.67,19.89,down,-12.97,55.36,down,-19.2,67.12,distribution,-56.6,-6
TTI,2026-07-30,,7.62,33,-0.1749,False,6.9,-11,-33,-38,24.22,18.01,accumulation,-11.34,48.28,down,-19.2,67.12,distribution,-41.6,0
TTI,2026-07-31,,7.7,34,-0.1395,False,6.8,-7,-25,-37,29.22,17.64,accumulation,-11.34,48.28,down,-16.8,61.72,distribution,-30.4,-3
TTI,2026-08-03,,7.8,36,-0.09913,False,6.7,1,-16,-37,26.25,17.56,accumulation,-11.34,48.28,down,-16.8,61.72,distribution,-13.6,-1
TTI,2026-08-04,,8.67,49,-0.008414,False,6.5,20,-8,-30,23.51,20.18,up,8.58,44.87,up,-16.8,61.72,distribution,16.6,4.5
TTI,2026-08-05,,8.45,46,0.03957,True,6.6,16,-9,-31,2.24,22.64,up,8.58,44.87,up,-16.8,61.72,distribution,13,1.5
TTI,2026-08-06,,8.59,48,0.08113,True,6.5,13,-8,-30,14.17,25.97,up,8.58,44.87,up,-16.8,61.72,distribution,10.2,3.5
TTI,2026-08-07,,8.51,47,0.1023,True,6.3,11,-10,-31,5.52,29.66,up,4.69,42.99,up,1.16,57.63,up,7.7,4.5
TTI,2026-08-10,,8.65,49,0.1233,True,6,11,-8,-30,17.17,33.34,up,4.69,42.99,up,1.16,57.63,up,10.3,5.5
TTI,2026-08-11,,8.82,51,0.1448,True,5.7,2,-4,-28,15.65,37.32,up,4.69,42.99,up,1.16,57.63,up,2.7,7
TTI,2026-08-12,,8.74,50,0.1492,True,5.8,3,-8,-29,14.04,41.53,up,8.15,42.61,up,1.16,57.63,up,0.7,5
UNH,2026-06-01,,379.86,57,-3.986,False,2.4,-2,3,-5,5.09,82.51,up,2.04,90.15,up,16.36,70.09,up,5,6
UNH,2026-06-02,,377.92,55,-4.061,False,2.3,0,2,-6,0.68,78.31,up,2.04,90.15,up,16.36,70.09,up,5.6,9
UNH,2026-06-03,,377,55,-4.072,False,2.4,-2,2,-6,0.6,74.95,up,-1.96,91.47,distribution,16.36,70.09,up,3.2,5
UNH,2026-06-04,,396.47,67,-2.733,False,2.5,4,9,-1,0.53,75.62,up,-1.96,91.47,distribution,16.36,70.09,up,18,1
UNH,2026-06-05,,399.47,68,-1.661,False,2.5,5,9,0,6.55,78.03,up,-1.96,91.47,distribution,14.32,74.17,up,19.2,1
UNH,2026-06-08,,406.57,71,-0.5488,False,2.5,7,10,0,20.31,80.92,up,-1.8,93.47,distribution,14.32,74.17,up,22.4,1
UNH,2026-06-09,,413,74,0.4897,True,2.4,9,9,0,17.6,84.76,up,-1.8,93.47,distribution,14.32,74.17,up,26,2.5
UNH,2026-06-10,,407.46,68,0.6622,True,2.5,8,6,-1,4.37,87.69,up,-1.8,93.47,distribution,14.32,74.17,up,22.4,1
UNH,2026-06-11,,405.55,66,0.5131,True,2.4,2,2,-2,0.01,89.3,up,-2.86,95.53,distribution,14.32,74.17,up,12,4
UNH,2026-06-12,,408.52,68,0.4805,True,2.3,2,2,-1,0.01,90.72,up,-2.86,95.53,distribution,21.18,78.29,up,12,4
UNH,2026-06-15,,411.04,69,0.4929,True,2.4,1,3,0,5.07,92.09,up,-2.86,95.53,distribution,21.18,78.29,up,11.6,3
UNH,2026-06-16,,407.65,65,0.1544,True,2.3,-1,4,-1,-2.47,93.35,distribution,-0.02,96.78,distribution,21.18,78.29,up,6,-1
UNH,2026-06-17,,399.53,58,-0.6883,False,2.4,-2,2,-3,-2.23,92.9,distribution,-0.02,96.78,distribution,21.18,78.29,up,1.2,0
UNH,2026-06-18,,400.96,59,-1.192,False,2.4,-1,3,-3,-1.99,91.79,distribution,-0.02,96.78,distribution,21.18,78.29,up,3.2,-2
UNH,2026-06-22,,406.68,62,-1.18,False,2.3,0,6,-2,11.47,91.59,up,-0.02,97.02,distribution,11.3,81.69,up,9.8,3
UNH,2026-06-23,,409.25,64,-1.044,False,2.3,0,7,-1,10.29,92.13,up,-0.02,97.02,distribution,11.3,81.69,up,10.6,2
UNH,2026-06-24,,405.8,60,-1.22,False,2.4,0,4,-2,9.59,92.06,up,-0.02,97.02,distribution,11.3,81.69,up,8.2,3
UNH,2026-06-25,,415.53,66,-0.7368,False,2.3,4,10,0,33.17,92.53,up,13.07,97.22,up,11.3,81.69,up,18.8,3
UNH,2026-06-26,MIMO_SHADOW,427.89,72,0.3027,True,2.3,7,11,0,29.08,94.33,up,13.07,97.22,up,9.89,85.39,up,25.2,2.5
UNH,2026-06-29,MIMO_SHADOW,419.82,64,0.3322,True,2.4,3,10,-2,5.68,95.35,up,13.07,97.22,up,9.89,85.39,up,18.6,2
UNH,2026-06-30,MIMO_SHADOW,415.63,61,-0.02619,False,2.4,2,9,-3,5.15,94.81,up,11.96,97.56,up,9.89,85.39,up,14.6,2
UNH,2026-07-01,MIMO_SHADOW,426.54,66,0.3549,True,2.4,5,12,0,33.58,94.96,up,11.96,97.56,up,9.89,85.39,up,23.6,2.5
UNH,2026-07-02,MIMO_SHADOW,425.36,65,0.4071,True,2.4,2,13,-1,26.12,95.9,up,11.96,97.56,up,9.89,85.39,up,19.8,2.5
UNH,2026-07-06,MIMO_SHADOW,417.99,59,-0.1455,False,2.5,-2,11,-2,22.77,94.91,up,14.11,97.78,up,6.39,89.12,up,11.4,2.5
UNH,2026-07-07,MIMO_SHADOW,428.19,64,0.07341,True,2.4,2,8,0,46.03,94.72,up,14.11,97.78,up,6.39,89.12,up,15.8,4
UNH,2026-07-08,MIMO_SHADOW,425.6,62,-0.05203,False,2.4,2,7,-1,34.11,94.59,up,14.11,97.78,up,6.39,89.12,up,13,3
UNH,2026-07-09,MIMO_SHADOW,431.68,65,0.1667,True,2.3,1,6,0,29.53,95.31,up,33.5,98.56,up,6.39,89.12,up,13,4
UNH,2026-07-10,MIMO_SHADOW,424.62,59,-0.2492,False,2.4,0,3,-2,7.42,96.07,up,33.5,98.56,up,5.59,92.2,up,7.4,4
UNH,2026-07-13,MIMO_SHADOW,429.09,61,-0.3048,False,2.3,3,5,-1,6.43,96.51,up,33.5,98.56,up,5.59,92.2,up,12.6,5
UNH,2026-07-14,MIMO_SHADOW,425.19,58,-0.665,False,2.3,-1,5,-2,5.58,96.08,up,19.29,98.75,up,5.59,92.2,up,7.8,4
UNH,2026-07-15,MIMO_SHADOW,418.52,53,-1.373,False,2.4,-2,2,-3,4.85,93.25,up,19.29,98.75,up,5.59,92.2,up,3.2,4
UNH,2026-07-16,MIMO_SHADOW,423.38,56,-1.522,False,2.9,-2,3,-2,4.22,94.61,up,19.29,98.75,up,5.59,92.2,up,5,3
UNH,2026-07-17,MIMO_SHADOW,426.09,58,-1.447,False,2.9,0,5,-1,10.32,92.44,up,16.87,98.96,up,4.89,94.94,up,9,6
UNH,2026-07-20,MIMO_SHADOW,421.55,54,-1.695,False,3,-2,6,-2,-2.16,89.38,distribution,16.87,98.96,up,4.89,94.94,up,3.4,1
UNH,2026-07-21,MIMO_SHADOW,436.35,62,-0.8944,False,2.9,3,9,0,-1.89,87.89,distribution,16.87,98.96,up,4.89,94.94,up,12.8,0
UNH,2026-07-22,MIMO_SHADOW,431.31,59,-0.7425,False,2.9,3,6,-1,-13.66,87.22,distribution,22.82,98.8,up,4.89,94.94,up,10.4,0
UNH,2026-07-23,MIMO_SHADOW,423.56,53,-1.176,False,2.9,0,3,-3,-11.95,84.64,distribution,22.82,98.8,up,4.89,94.94,up,3.4,3
UNH,2026-07-24,MIMO_SHADOW,420.74,51,-1.638,False,2.9,-1,4,-4,-17.3,81.78,distribution,22.82,98.8,up,-0.51,96.29,distribution,1.5,0
UNH,2026-07-27,MIMO_SHADOW,417.64,49,-2.106,False,2.9,-1,1,-4,-15.13,77.37,distribution,-1.12,97.86,distribution,-0.51,96.29,distribution,-0.9,-1
UNH,2026-07-28,MIMO_SHADOW,428.79,56,-1.639,False,2.9,-2,0,-2,-13.24,74.46,distribution,-1.12,97.86,distribution,-0.51,96.29,distribution,-1.9,-1
UNH,2026-07-29,,420.57,51,-1.844,False,2.9,-2,0,-4,-31.14,71.79,distribution,-1.12,97.86,distribution,-0.51,96.29,distribution,-2.9,-1
UNH,2026-07-30,,421.47,51,-1.873,False,3,0,1,-3,-25.11,67.19,distribution,-0.98,96.73,distribution,-0.51,96.29,distribution,0.3,1
UNH,2026-07-31,,414.4,47,-2.294,False,2.9,-2,-3,-5,-21.97,62.36,distribution,-0.98,96.73,distribution,-6.12,96.42,distribution,-5.3,2
UNH,2026-08-03,,415.36,48,-2.421,False,2.8,-1,-2,-5,-16.9,57.56,distribution,-0.98,96.73,distribution,-6.12,96.42,distribution,-3.3,2
UNH,2026-08-04,,407.55,43,-2.912,False,2.8,-5,-2,-7,-14.79,52.17,distribution,-22.13,94.96,distribution,-6.12,96.42,distribution,-8.1,0
UNH,2026-08-05,,412.75,47,-2.767,False,2.9,-2,-4,-5,-12.94,45.97,distribution,-22.13,94.96,distribution,-6.12,96.42,distribution,-6.1,1
UNH,2026-08-06,,403.97,42,-3.119,False,3,-4,-5,-7,-32.7,41.77,distribution,-22.13,94.96,distribution,-6.12,96.42,distribution,-9.3,0
UNH,2026-08-07,,407.08,44,-2.996,False,3,-2,-6,-7,-21.04,37.49,distribution,-19.36,91.71,distribution,-11.9,95.38,distribution,-7.7,0
UNH,2026-08-10,,408.74,45,-2.669,False,2.8,-2,-4,-6,-14.57,34.88,distribution,-19.36,91.71,distribution,-11.9,95.38,distribution,-6.1,2
UNH,2026-08-11,,402.19,41,-2.748,False,2.9,-1,-6,-8,-12.87,31.59,distribution,-19.36,91.71,distribution,-11.9,95.38,distribution,-6.5,0
UNH,2026-08-12,,405.59,44,-2.437,False,2.8,-2,-5,-7,-2.65,28.55,distribution,-19.22,88.28,distribution,-11.9,95.38,distribution,-6.9,1
UNH,2026-08-13,,399.06,40,-2.525,False,2.8,-1,-5,-9,-2.32,25.92,down,-19.22,88.28,distribution,-11.9,95.38,distribution,-6.7,0
UNH,2026-08-14,,401.73,42,-2.267,False,2.7,-1,-5,-8,4.85,23.36,accumulation,-19.22,88.28,distribution,-15.2,93.65,distribution,-3.7,6
UNH,2026-08-17,MIRROR_ESPEJO,395.62,39,-2.359,False,2.7,-3,-7,-9,4.24,20.14,accumulation,-16.82,84.19,distribution,-15.2,93.65,distribution,-7.7,1
UNH,2026-08-18,MIRROR_ESPEJO,393.93,38,-2.38,False,2.6,-2,-7,-10,-0.71,18,down,-16.82,84.19,distribution,-15.2,93.65,distribution,-9.5,0
UNH,2026-08-19,MIRROR_ESPEJO,388.61,35,-2.58,False,2.6,-4,-11,-11,-0.62,15.72,down,-16.82,84.19,distribution,-15.2,93.65,distribution,-16.1,-1
UNH,2026-08-20,MIRROR_ESPEJO,384.85,33,-2.777,False,2.6,-4,-11,-12,-10.51,13.3,down,-14.72,79.4,distribution,-15.2,93.65,distribution,-16.1,-2
UNH,2026-08-21,MIRROR_ESPEJO,390.11,38,-2.38,False,2.6,-3,-8,-11,-9.19,12.27,down,-14.72,79.4,distribution,-13.3,90.8,distribution,-12.5,-1
UNH,2026-08-24,MIRROR_ESPEJO,398.76,46,-1.41,False,2.5,1,-5,-9,14.57,13.38,up,-14.72,79.4,distribution,-13.3,90.8,distribution,-0.3,6
UNH,2026-08-25,MIRROR_ESPEJO,396.59,44,-0.8182,False,2.4,1,-5,-9,7.08,15.41,up,6.05,74.88,up,-13.3,90.8,distribution,-0.3,6
UNH,2026-08-26,MIRROR_ESPEJO,401.01,48,-0.07246,False,2.4,3,-6,-8,6.19,18.42,up,6.05,74.88,up,-13.3,90.8,distribution,1.3,5
UNH,2026-08-27,MIRROR_ESPEJO,395.05,44,0.06847,True,2.4,3,-6,-9,5.42,20.53,up,6.05,74.88,up,-13.3,90.8,distribution,3.3,4
UNH,2026-08-28,MIRROR_ESPEJO,392.95,42,0.0691,True,2.3,1,-7,-10,-0.79,21.82,distribution,-0.57,71.33,distribution,-9.02,88.63,distribution,-2.9,2
URI,2026-06-08,,1084.05,74,8.59,True,2.9,9,15,0,10.15,100.67,up,22.56,89.08,up,26.13,71.73,up,30.8,2.5
URI,2026-06-09,,1094.17,75,8.849,True,3,10,17,0,8.88,103.66,up,22.56,89.08,up,26.13,71.73,up,33.6,2.5
URI,2026-06-10,,1056.35,64,5.785,True,3.1,0,13,-3,7.77,104.51,up,22.56,89.08,up,26.13,71.73,up,16.9,2.5
URI,2026-06-11,,1068.49,66,3.974,True,3.1,-1,12,-2,6.81,104,up,19.4,92.35,up,26.13,71.73,up,15.9,2.5
URI,2026-06-12,,1074.24,67,2.626,True,3,1,15,-2,9.59,103.85,up,19.4,92.35,up,28.24,76.67,up,21.2,3.5
URI,2026-06-15,,1084.01,68,1.889,True,2.9,0,11,-1,8.4,103.9,up,19.4,92.35,up,28.24,76.67,up,16.8,3.5
URI,2026-06-16,,1069.81,64,0.04006,True,2.9,-2,11,-2,-1.6,102.93,distribution,16.95,95.01,up,28.24,76.67,up,10.4,-0.5
URI,2026-06-17,,1048.97,58,-2.833,False,2.9,-1,11,-4,-15.56,100.89,distribution,16.95,95.01,up,28.24,76.67,up,9.6,1.5
URI,2026-06-18,,1076.81,63,-3.084,False,2.9,1,16,-2,-13.94,99.51,distribution,16.95,95.01,up,28.24,76.67,up,16,-0.5
URI,2026-06-22,,1092.68,65,-2.435,False,2.8,2,17,0,-1.5,98.99,distribution,14.57,97.09,up,25.82,80.72,up,18,0.5
URI,2026-06-23,,1063.14,58,-4.149,False,2.9,-2,14,-3,-1.33,97.04,distribution,14.57,97.09,up,25.82,80.72,up,10.8,1.5
URI,2026-06-24,,1083.72,61,-4.045,False,2.8,1,15,-1,-1.18,95.65,distribution,14.57,97.09,up,25.82,80.72,up,15.2,0.5
URI,2026-06-25,,1139.51,69,-0.5524,False,2.9,9,18,0,-1.04,95.83,distribution,25.07,98.99,up,25.82,80.72,up,28.2,-0.5
URI,2026-06-26,,1121.66,64,0.1838,True,2.9,4,14,-2,-0.94,96.93,distribution,25.07,98.99,up,21.88,84.8,up,20,-0.5
URI,2026-06-29,,1122.67,64,0.3567,True,2.8,3,14,-1,-0.1,97.12,distribution,25.07,98.99,up,21.88,84.8,up,18.8,0.5
URI,2026-06-30,,1132.89,66,0.7544,True,2.7,7,14,-1,7.68,97.57,up,19.69,100.94,up,21.88,84.8,up,27.6,3.5
URI,2026-07-01,CONFIRMED_FLOW_LEADERS,1111.76,61,-0.7302,False,2.8,3,11,-2,-9.55,97.58,distribution,19.69,100.94,up,21.88,84.8,up,14.4,-0.5
URI,2026-07-02,CONFIRMED_FLOW_LEADERS,1098.59,58,-2.807,False,2.9,-4,10,-4,-8.71,96.79,distribution,19.69,100.94,up,21.88,84.8,up,5.2,1
URI,2026-07-06,CONFIRMED_FLOW_LEADERS,1099.68,58,-4.23,False,2.8,-2,4,-3,-6.98,94.75,distribution,8.34,102.11,up,2.29,88.25,up,2.8,2
URI,2026-07-07,CONFIRMED_FLOW_LEADERS,1056.02,48,-8.015,False,3.1,-6,-3,-7,-6.35,90.37,distribution,8.34,102.11,up,2.29,88.25,up,-9.1,3
URI,2026-07-08,CONFIRMED_FLOW_LEADERS,1071.49,51,-9.289,False,3,-5,0,-6,8.99,85.03,up,8.34,102.11,up,2.29,88.25,up,-2,7
URI,2026-07-09,,1088.67,55,-8.794,False,2.9,-2,0,-4,24.24,82.3,up,7.26,101.65,up,2.29,88.25,up,1.6,5
URI,2026-07-10,,1095.55,56,-7.852,False,2.9,0,0,-4,28.36,80.58,up,7.26,101.65,up,1.99,90.34,up,5,6
URI,2026-07-13,MIMO_SHADOW,1085.34,53,-7.752,False,2.8,-1,3,-5,15.16,78.57,up,7.26,101.65,up,1.99,90.34,up,5.2,7
URI,2026-07-14,MIMO_SHADOW,1065.83,49,-8.761,False,3,1,0,-6,13.26,76.08,up,0.29,101.04,up,1.99,90.34,up,5.2,8
URI,2026-07-15,,1047.28,45,-10.33,False,3,-2,-3,-8,11.61,70.64,up,0.29,101.04,up,1.99,90.34,up,-0.8,6
URI,2026-07-16,,1071.82,51,-9.398,False,3,-2,-1,-6,35.38,65.95,up,0.29,101.04,up,1.99,90.34,up,0.8,6
URI,2026-07-17,,1045.21,46,-10.19,False,3.1,-5,-2,-8,30.95,60.61,up,0.26,99.2,up,1.74,91.25,up,-4.1,6
URI,2026-07-20,,1012.71,40,-12.37,False,3.3,-7,-3,-11,27.09,54.45,accumulation,0.26,99.2,up,1.74,91.25,up,-9.3,5
URI,2026-07-21,,1013.54,40,-13.15,False,3.3,-5,-6,-11,23.7,47.63,accumulation,0.26,99.2,up,1.74,91.25,up,-9.3,5
URI,2026-07-22,,1035.06,45,-11.66,False,3.2,-1,-5,-9,20.74,43.44,up,0.23,96.83,up,1.74,91.25,up,-1.7,8
URI,2026-07-23,,1139.71,62,-3.5,False,3.6,6,7,0,18.14,47.4,up,0.23,96.83,up,1.74,91.25,up,17.3,3
URI,2026-07-24,,1141.59,62,1.866,True,3.5,9,5,0,17.69,52.03,up,0.23,96.83,up,1.52,92.29,up,21.3,3.5
URI,2026-07-27,,1127.91,59,4.202,True,3.4,11,-1,-1,2.26,55.74,up,0.2,96.65,up,1.52,92.29,up,18.9,3.5
URI,2026-07-28,,1091.26,53,3.041,True,3.7,8,-3,-4,1.98,57.9,up,0.2,96.65,up,1.52,92.29,up,12.7,4
URI,2026-07-29,,1055.11,47,-0.2264,False,3.8,2,-6,-8,-34.38,56.97,distribution,0.2,96.65,up,1.52,92.29,up,-1.9,4
URI,2026-07-30,,1068.63,49,-1.472,False,3.7,-6,-6,-6,-16.58,55.31,distribution,-15.29,95.28,distribution,1.52,92.29,up,-11.5,3
URI,2026-07-31,,1079.26,51,-1.566,False,3.6,-5,-3,-5,-14.51,54.49,distribution,-15.29,95.28,distribution,-42.02,92.61,distribution,-9.4,2
URI,2026-08-03,,1115.92,56,0.7305,True,3.5,-1,2,-2,-12.69,55.57,distribution,-15.29,95.28,distribution,-42.02,92.61,distribution,2.4,0
URI,2026-08-04,,1150.13,61,4.248,True,3.4,5,5,0,-11.11,59.25,distribution,8,94.33,up,-42.02,92.61,distribution,12,0
URI,2026-08-05,,1162.04,62,6.913,True,3.2,10,10,0,1.34,63.75,up,8,94.33,up,-42.02,92.61,distribution,25,1.5
URI,2026-08-06,,1162.66,62,8.168,True,3.1,9,9,0,1.17,68.39,up,8,94.33,up,-42.02,92.61,distribution,23,1.5
URI,2026-08-07,CAVA_MACRO,1162.84,62,8.426,True,3,8,7,0,1.19,72.75,up,10.45,94.81,up,21.36,93.13,up,22.2,3
URI,2026-08-10,CAVA_MACRO,1137.52,57,6.4,True,3.1,2,4,-2,1.04,75.5,up,10.45,94.81,up,21.36,93.13,up,12.1,6
URI,2026-08-11,CAVA_MACRO,1143.59,58,5.037,True,3,-1,5,-2,6.67,77.36,up,10.45,94.81,up,21.36,93.13,up,9.8,5
URI,2026-08-12,CAVA_MACRO,1129.3,55,2.85,True,3,-3,6,-3,5.83,77.78,up,0.2,94.84,up,21.36,93.13,up,7.2,4
URI,2026-08-13,CAVA_MACRO,1120.58,53,0.6103,True,3,-4,7,-4,5.11,76.89,up,0.2,94.84,up,21.36,93.13,up,6.8,4
URI,2026-08-14,CAVA_MACRO,1153.83,59,1.132,True,3,-1,8,-1,4.47,77.12,up,0.2,94.84,up,12.43,94.28,up,12.2,2
URI,2026-08-17,CAVA_MACRO,1164.82,60,1.934,True,2.9,2,11,0,14.24,78.83,up,0.17,94.78,up,12.43,94.28,up,18.2,3.5
URI,2026-08-18,CAVA_MACRO,1116.38,50,-0.9277,False,3.1,-2,10,-4,12.46,79.11,up,0.17,94.78,up,12.43,94.28,up,9.1,4
URI,2026-08-19,CAVA_MACRO,1117.04,51,-2.8,False,3.1,-1,10,-4,11.55,78.27,up,0.17,94.78,up,12.43,94.28,up,10.3,4
URI,2026-08-20,CAVA_MACRO,1095.26,47,-5.379,False,3.1,-2,6,-6,10.11,75.92,up,0.15,93.29,up,12.43,94.28,up,5.9,6
URI,2026-08-21,CAVA_MACRO,1098.51,47,-6.658,False,3,-5,-4,-6,12.09,72.78,up,0.15,93.29,up,10.83,94.26,up,-5.2,7
URI,2026-08-24,,1083.56,45,-8.199,False,3,-7,-5,-7,-4.37,68.92,distribution,0.15,93.29,up,10.83,94.26,up,-11.4,3
URI,2026-08-25,,1053.14,39,-10.79,False,3.2,-6,-7,-10,-3.83,63.77,distribution,-11.84,89.61,distribution,10.83,94.26,up,-12.3,0
URI,2026-08-26,,1057.66,41,-11.66,False,3.1,-5,-3,-9,1.3,57.4,up,-11.84,89.61,distribution,10.83,94.26,up,-4.9,5
URI,2026-08-27,,1037.51,37,-12.94,False,3.1,-5,-2,-11,1.14,50.81,accumulation,-11.84,89.61,distribution,10.83,94.26,up,-6.1,3
URI,2026-08-28,,1030.25,36,-13.57,False,3.2,-6,-4,-12,1,44.8,accumulation,-16.89,84.35,distribution,-40.2,92.6,distribution,-10.4,1
VAL,2026-04-27,,97.35,57,-0.4556,False,4.5,11,-5,-5,30.11,45.2,up,2.18,99.01,up,44.47,110.08,up,13.7,6.5
VAL,2026-04-28,,101.97,63,0.2279,True,4.3,13,0,0,26.35,49.56,up,2.18,99.01,up,44.47,110.08,up,22.1,3.5
VAL,2026-04-29,,103.98,65,0.7715,True,4.2,15,6,0,50.85,55.28,up,1.91,97.09,up,44.47,110.08,up,29.3,3.5
VAL,2026-04-30,,101.98,61,0.9412,True,4.2,13,4,-2,16.83,59.84,up,1.91,97.09,up,44.47,110.08,up,25.3,2.5
VAL,2026-05-01,,102.23,61,1.009,True,4.2,12,6,-2,18.19,63.06,up,1.91,97.09,up,40.08,109.44,up,25.7,2.5
VAL,2026-05-04,,102.52,62,1.01,True,4.1,5,5,-1,19.93,66.51,up,-3,96.38,distribution,40.08,109.44,up,16.5,3
VAL,2026-05-05,,92.81,45,0.3281,True,5,-9,-5,-11,17.43,65.81,up,-3,96.38,distribution,40.08,109.44,up,-10.3,4
VAL,2026-05-06,,92.8,45,-0.1275,False,5.1,-11,-7,-11,15.1,63.17,up,-3,96.38,distribution,40.08,109.44,up,-16.3,5
VAL,2026-05-07,,91.78,44,-0.4816,False,5.1,-10,-8,-12,-2.37,60.66,distribution,-2.62,94.06,distribution,40.08,109.44,up,-18.9,1
VAL,2026-05-08,,95.02,49,-0.4806,False,4.9,-7,-3,-9,-2.07,60.06,distribution,-2.62,94.06,distribution,-15.37,108.31,distribution,-11.8,2
VAL,2026-05-11,,97.32,53,-0.3159,False,4.7,-5,0,-6,32.13,61.14,up,-2.62,94.06,distribution,-15.37,108.31,distribution,-4,4
VAL,2026-05-12,,97.2,53,-0.211,False,4.6,5,-2,-7,28.11,62.2,up,17.04,91.91,up,-15.37,108.31,distribution,6.4,6
VAL,2026-05-13,,98.95,55,-0.02927,False,4.4,7,8,-5,24.6,63.84,up,17.04,91.91,up,-15.37,108.31,distribution,16.8,5
VAL,2026-05-14,,103.27,61,0.3552,True,4.2,13,13,-1,86.13,66.6,up,17.04,91.91,up,-15.37,108.31,distribution,31,1.5
VAL,2026-05-15,,105.43,64,0.7079,True,4.2,11,12,0,75.83,70.02,up,14.6,90.94,up,59.41,107.71,up,29.3,2.5
VAL,2026-05-18,,113.42,71,1.393,True,4.3,17,28,0,147.37,74.67,up,14.6,90.94,up,59.41,107.71,up,50.3,2.5
VAL,2026-05-19,,111.05,67,1.585,True,4.3,14,27,-2,88.32,79.02,up,14.6,90.94,up,59.41,107.71,up,45.9,2.5
VAL,2026-05-20,HIGH_CONVICTION,109.59,64,1.514,True,4.5,11,21,-3,57.18,81.98,up,25.22,91.86,up,59.41,107.71,up,36.5,2.5
VAL,2026-05-21,HIGH_CONVICTION,101.48,52,0.8529,True,5.2,-2,12,-11,46.69,82.63,up,25.22,91.86,up,59.41,107.71,up,11.7,6.5
VAL,2026-05-22,HIGH_CONVICTION,101.17,51,0.3529,True,5,-4,12,-11,35.96,80.79,up,25.22,91.86,up,51.98,107.02,up,9.3,7.5
VAL,2026-05-26,HIGH_CONVICTION,96.33,45,-0.31,False,5.3,-15,6,-15,30.11,77.77,up,-19.08,91.34,distribution,51.98,107.02,up,-10.7,5
VAL,2026-05-27,HIGH_CONVICTION,91.96,41,-1.01,False,5.6,-17,-6,-19,-13.3,73.05,distribution,-19.08,91.34,distribution,51.98,107.02,up,-25.7,0
VAL,2026-05-28,HIGH_CONVICTION,92.64,42,-1.371,False,5.3,-15,-9,-18,-5.47,68.59,distribution,-19.08,91.34,distribution,51.98,107.02,up,-25.7,0
VAL,2026-05-29,HIGH_CONVICTION,92.63,42,-1.542,False,5,-9,-11,-18,-4.78,64.49,distribution,-28.18,86.24,distribution,-16.8,104.28,distribution,-21.6,-1
VAL,2026-06-01,HIGH_CONVICTION,93.48,43,-1.526,False,4.8,-8,-8,-18,3.53,61.43,up,-28.18,86.24,distribution,-16.8,104.28,distribution,-15,2
VAL,2026-06-02,HIGH_CONVICTION,92.73,42,-1.494,False,4.7,-4,-9,-18,3.09,58.78,up,-28.18,86.24,distribution,-16.8,104.28,distribution,-11,2
VAL,2026-06-03,HIGH_CONVICTION,92.06,41,-1.443,False,4.8,0,-10,-19,-3.43,55.63,distribution,-24.65,81.81,distribution,-16.8,104.28,distribution,-10,-1
VAL,2026-06-04,HIGH_CONVICTION,92.91,43,-1.284,False,4.6,0,0,-18,-3,52.84,distribution,-24.65,81.81,distribution,-16.8,104.28,distribution,-2,2
VAL,2026-06-05,HIGH_CONVICTION,88.54,37,-1.395,False,4.9,-4,-5,-22,-42.23,49.32,distribution,-24.65,81.81,distribution,-14.7,100.53,distribution,-10.8,-2
VAL,2026-06-08,HIGH_CONVICTION,91.39,43,-1.206,False,4.7,-2,0,-19,-11.12,46.41,distribution,-23.66,76.86,distribution,-14.7,100.53,distribution,-4.4,0
VAL,2026-06-09,HIGH_CONVICTION,87.49,38,-1.266,False,5.1,-6,-8,-23,-9.73,42.94,distribution,-23.66,76.86,distribution,-14.7,100.53,distribution,-15.6,-2
VAL,2026-06-10,HIGH_CONVICTION,88.98,41,-1.133,False,4.9,-3,-9,-22,5.59,40.26,up,-23.66,76.86,distribution,-14.7,100.53,distribution,-9.8,2
VAL,2026-06-11,,89.78,42,-0.9272,False,4.8,-3,-8,-21,4.89,38.66,up,-20.71,71.88,distribution,-14.7,100.53,distribution,-9,2
VAL,2026-06-12,,89.95,42,-0.7246,False,4.5,2,-9,-21,5.88,37.71,up,-20.71,71.88,distribution,-2.11,96.83,distribution,-3.8,2
VAL,2026-06-15,,86.67,38,-0.753,False,4.7,-5,-16,-24,5.14,36.02,up,-20.71,71.88,distribution,-2.11,96.83,distribution,-17.8,0
VAL,2026-06-16,,82.64,33,-0.9711,False,4.9,-6,-22,-27,4.5,33.8,up,-18.12,66.39,distribution,-2.11,96.83,distribution,-24.8,-3
VAL,2026-06-17,,83.05,34,-1.011,False,4.7,-7,-27,-27,8.12,31.53,accumulation,-18.12,66.39,distribution,-2.11,96.83,distribution,-31,-2
VAL,2026-06-18,,78.56,30,-1.247,False,5.3,-12,-29,-31,7.11,28.59,accumulation,-18.12,66.39,distribution,-2.11,96.83,distribution,-38.6,-4
VAL,2026-06-22,,79.92,33,-1.219,False,5,-11,-27,-30,20.9,26.22,accumulation,-15.85,60.22,distribution,-1.84,91.91,distribution,-35.8,-2
VAL,2026-06-23,,78.54,31,-1.197,False,4.9,-9,-23,-31,3.39,24.47,accumulation,-15.85,60.22,distribution,-1.84,91.91,distribution,-30.2,-3
VAL,2026-06-24,,75.52,28,-1.283,False,5.1,-9,-25,-33,2.97,22.35,accumulation,-15.85,60.22,distribution,-1.84,91.91,distribution,-31.8,-4
VAL,2026-06-25,,77.33,32,-1.121,False,4.9,-7,-20,-32,22.76,20.62,accumulation,-23.12,54.34,down,-1.84,91.91,distribution,-25.4,-3
VAL,2026-06-26,,76.36,31,-0.9865,False,4.9,-3,-17,-33,19.36,19.1,accumulation,-23.12,54.34,down,-20.83,86,distribution,-18.2,-3
VAL,2026-06-29,,74.53,29,-0.9292,False,4.9,-7,-20,-34,-3.15,17.4,down,-23.12,54.34,down,-20.83,86,distribution,-28.4,-6
VAL,2026-06-30,,72.6,28,-0.9275,False,5.1,-8,-22,-36,-2.76,15.63,down,-20.23,48.41,down,-20.83,86,distribution,-31.2,-6
VAL,2026-07-01,,72.46,27,-0.8444,False,5,-4,-22,-36,-2.41,13.55,down,-20.23,48.41,down,-20.83,86,distribution,-26.4,-4
VAL,2026-07-02,,75.35,35,-0.5193,False,4.9,-3,-19,-34,29.59,12.76,accumulation,-20.23,48.41,down,-20.83,86,distribution,-19.8,2
VAL,2026-07-06,,73.53,32,-0.359,False,5.1,-4,-20,-35,24.97,11.68,accumulation,-14.16,43.05,down,-18.23,79.44,distribution,-21.8,-3
VAL,2026-07-07,,74.59,35,-0.1258,False,4.9,0,-20,-34,31.8,11.86,accumulation,-14.16,43.05,down,-18.23,79.44,distribution,-17,-1
VAL,2026-07-08,,77.69,42,0.2714,True,4.8,7,-12,-32,55.12,13.61,up,-14.16,43.05,down,-18.23,79.44,distribution,0.8,1
VAL,2026-07-09,,76.33,40,0.4653,True,4.7,5,-16,-33,33.6,15.23,up,-1.75,39.66,down,-18.23,79.44,distribution,-4.8,0
VAL,2026-07-10,,77.57,43,0.6864,True,4.5,3,-11,-32,38.4,17.43,up,-1.75,39.66,down,3.7,73.1,up,-1.7,2
VAL,2026-07-13,,79.57,47,0.96,True,4.4,8,-11,-30,32.06,20.55,up,-1.75,39.66,down,3.7,73.1,up,4.3,4
VAL,2026-07-14,,78.49,45,1.053,True,4.5,5,-13,-31,18.93,24.12,up,6.76,37.57,up,3.7,73.1,up,-0.9,3
VAL,2026-07-15,,76.94,42,0.9965,True,4.6,-1,-14,-32,4.53,26.77,up,6.76,37.57,up,3.7,73.1,up,-8.9,2
VAL,2026-07-16,,76.36,41,0.9081,True,4.4,0,-12,-33,-0.5,28.34,distribution,6.76,37.57,up,3.7,73.1,up,-9.1,0
VAL,2026-07-17,,76.54,42,0.851,True,4.2,-1,-7,-33,-0.44,29.7,distribution,-1.59,35.45,distribution,-5.88,68.08,distribution,-7.8,-2
VAL,2026-07-20,,74.88,39,0.6971,True,4.3,-6,-10,-34,-0.39,30.91,distribution,-1.59,35.45,distribution,-5.88,68.08,distribution,-16.2,-5
VIT-B.ST,2026-07-31,,229.8,50,2.227,True,4,7,-1,-41,6.02,53.86,up,-13.04,35.67,distribution,-31.06,30.15,distribution,9.6,0
VIT-B.ST,2026-08-03,,234.6,54,2.244,True,3.9,5,0,-40,16.93,55.56,up,-17.98,36.85,distribution,-31.06,30.15,distribution,8,2
VIT-B.ST,2026-08-04,,235.6,54,2.227,True,3.8,-2,0,-39,14.82,58.37,up,-17.98,36.85,distribution,-31.06,30.15,distribution,-0.4,1
VIT-B.ST,2026-08-05,,235.6,54,2.12,True,3.7,-2,1,-39,12.97,61.69,up,-17.98,36.85,distribution,-31.06,30.15,distribution,0.4,1
VIT-B.ST,2026-08-06,,235.8,55,1.971,True,3.6,1,5,-39,11.83,63.87,up,-14.12,38.54,distribution,-31.06,30.15,distribution,7.2,3
VIT-B.ST,2026-08-07,,244.8,62,2.361,True,3.6,7,9,-37,10.35,67.56,up,-14.12,38.54,distribution,-12.48,30.9,distribution,18.6,-2
VIT-B.ST,2026-08-10,,245.6,62,2.539,True,3.5,5,8,-37,10.92,71.87,up,-14.12,38.54,distribution,-12.48,30.9,distribution,15.4,0
VIT-B.ST,2026-08-11,,243.6,60,2.39,True,3.4,3,5,-37,4.89,75.11,up,-3.87,41.12,distribution,-12.48,30.9,distribution,10.6,1
VIT-B.ST,2026-08-12,,238.2,54,1.822,True,3.5,1,3,-39,4.28,77.16,up,-3.87,41.12,distribution,-12.48,30.9,distribution,5.6,2
VIT-B.ST,2026-08-13,,234.8,51,1.145,True,3.4,0,5,-39,-4.36,77.84,distribution,-3.87,41.12,distribution,-12.48,30.9,distribution,3,1
VIT-B.ST,2026-08-14,,247.4,61,1.453,True,3.6,1,10,-36,-3.82,79.85,distribution,-3.37,44.39,distribution,-8.35,32.68,distribution,9.2,-4
VIT-B.ST,2026-08-17,,242.6,56,1.248,True,3.6,-1,9,-37,-14.2,81.02,distribution,-3.37,44.39,distribution,-8.35,32.68,distribution,6,-2
VIT-B.ST,2026-08-18,,251.2,62,1.586,True,3.6,3,13,-35,-12.43,82.54,distribution,-3.37,44.39,distribution,-8.35,32.68,distribution,14,-3.5
VIT-B.ST,2026-08-19,,249.8,60,1.603,True,3.5,5,14,-36,-13.94,84.17,distribution,-2.93,48.2,distribution,-8.35,32.68,distribution,17.2,-2.5
VIT-B.ST,2026-08-20,,253.2,62,1.722,True,3.4,8,15,-35,-4.76,86.19,distribution,-2.93,48.2,distribution,-8.35,32.68,distribution,21.6,-2.5
VIT-B.ST,2026-08-21,,253.2,62,1.678,True,3.3,2,19,-35,-4.17,88.32,distribution,-2.93,48.2,distribution,-7.23,35.26,distribution,17.6,-2.5
VIT-B.ST,2026-08-24,,256.8,65,1.759,True,3.3,6,20,-34,-3.65,90.21,distribution,4.74,52.33,up,-7.23,35.26,distribution,23.2,-2.5
VIT-B.ST,2026-08-25,CAVA_MACRO,260.8,67,1.936,True,3.2,4,17,-33,5.43,92.18,up,4.74,52.33,up,-7.23,35.26,distribution,22.4,0.5
VIT-B.ST,2026-08-26,CAVA_MACRO,254.6,60,1.508,True,3.3,2,6,-34,-8.61,93.45,distribution,4.74,52.33,up,-7.23,35.26,distribution,7.2,-2
VIT-B.ST,2026-08-27,CAVA_MACRO,276.4,72,2.508,True,3.3,9,15,-29,-7.53,96.07,distribution,4.14,57.75,up,-7.23,35.26,distribution,23.8,-1.5
VLE.TO,2026-04-27,,12.65,48,-0.1386,False,5.7,8,-13,-17,5.23,41.74,up,18.52,94.47,up,-12.25,106.02,distribution,0.2,3
VLE.TO,2026-04-28,,13.09,52,-0.0594,False,5.5,12,-14,-14,4.55,43.8,up,18.52,94.47,up,-12.25,106.02,distribution,4.2,5.5
VLE.TO,2026-04-29,,13.6,57,0.02749,True,5.2,13,-11,-11,24.94,46.7,up,52.29,91.17,up,-12.25,106.02,distribution,10.8,5.5
VLE.TO,2026-04-30,,13.42,55,0.07052,True,5,9,-9,-12,14.08,49.12,up,52.29,91.17,up,-12.25,106.02,distribution,6.6,5.5
VLE.TO,2026-05-01,,13.13,52,0.07664,True,5,7,-4,-14,0.57,50.55,up,52.29,91.17,up,3.77,103.25,up,9.7,6
VLE.TO,2026-05-04,,13.53,55,0.1032,True,4.8,7,-2,-11,0.5,52.86,up,41.2,88.88,up,3.77,103.25,up,11.3,7
VLE.TO,2026-05-05,,13.49,55,0.1128,True,4.7,3,-4,-12,0.43,55.64,up,41.2,88.88,up,3.77,103.25,up,4.9,9
VLE.TO,2026-05-06,,12.92,49,0.07717,True,5.1,-5,-12,-15,0.38,56.35,up,41.2,88.88,up,3.77,103.25,up,-11.1,6
VLE.TO,2026-05-07,,12.76,47,0.04111,True,5.1,-5,-1,-16,-6.24,56.9,distribution,34.28,85.95,up,3.77,103.25,up,-5.3,2
VLE.TO,2026-05-08,,12.53,45,0.002087,True,5,-5,-5,-18,-14.91,56.82,distribution,34.28,85.95,up,3.3,100.57,up,-8.5,3
VLE.TO,2026-05-11,,12.73,47,-0.00931,False,4.7,-6,-5,-17,-4.83,57.52,distribution,34.28,85.95,up,3.3,100.57,up,-11.7,3
VLE.TO,2026-05-12,,13.45,55,0.03041,True,4.6,0,-2,-12,-4.23,59.92,distribution,45.35,83.18,up,3.3,100.57,up,-0.1,6
VLE.TO,2026-05-13,,13.06,51,0.02918,True,4.6,1,0,-15,-18.87,61.89,distribution,45.35,83.18,up,3.3,100.57,up,2.7,5
VLE.TO,2026-05-14,,12.95,49,0.02016,True,4.7,1,2,-15,-16.51,62.51,distribution,45.35,83.18,up,3.3,100.57,up,4.3,5
VLE.TO,2026-05-15,,13.55,55,0.05198,True,4.5,8,6,-11,-14.49,64.65,distribution,37.56,80.76,up,2.88,98.39,up,15.9,4
VLE.TO,2026-05-19,,13.21,52,0.04763,True,4.6,4,13,-14,-25.54,66.12,distribution,37.56,80.76,up,2.88,98.39,up,16.7,3.5
VLE.TO,2026-05-20,HIGH_CONVICTION,12.91,49,0.02328,True,4.7,-4,11,-16,-34.59,65.73,distribution,37.56,80.76,up,2.88,98.39,up,5.5,2.5
VLE.TO,2026-05-21,HIGH_CONVICTION,12.37,44,-0.0277,False,5.1,-5,6,-19,-31.02,63.85,distribution,31.39,78.35,up,2.88,98.39,up,-1.7,1
VLE.TO,2026-05-22,HIGH_CONVICTION,12.22,42,-0.06774,False,4.9,-6,1,-20,-34.1,60.33,distribution,31.39,78.35,up,-19.43,95.94,distribution,-8.4,1
VLE.TO,2026-05-25,HIGH_CONVICTION,11.45,36,-0.1382,False,5.4,-15,-7,-25,-29.93,54.52,down,31.39,78.35,up,-19.43,95.94,distribution,-26.6,-1
VLE.TO,2026-05-26,HIGH_CONVICTION,11.15,34,-0.1938,False,5.5,-16,-9,-27,-26.45,48.07,down,26.43,73.93,accumulation,-19.43,95.94,distribution,-30.4,-4
VLE.TO,2026-05-27,HIGH_CONVICTION,10.79,32,-0.2405,False,5.6,-16,-15,-29,-40.68,41.33,down,26.43,73.93,accumulation,-19.43,95.94,distribution,-35.2,-4
VLE.TO,2026-05-28,HIGH_CONVICTION,10.93,34,-0.2468,False,5.3,-12,-17,-28,-36.06,36.67,down,26.43,73.93,accumulation,-19.43,95.94,distribution,-32,-3
VLE.TO,2026-05-29,HIGH_CONVICTION,10.82,33,-0.2427,False,5.3,-11,-20,-29,-31.86,32.25,down,22.38,67.65,accumulation,-17.01,91.29,distribution,-33.2,-4
VLE.TO,2026-06-01,HIGH_CONVICTION,11.16,38,-0.2032,False,5.1,-3,-17,-27,-11.32,29.72,distribution,22.38,67.65,accumulation,-17.01,91.29,distribution,-20.2,-1
VLE.TO,2026-06-02,HIGH_CONVICTION,11.28,39,-0.157,False,4.9,1,-14,-26,-4.11,27.95,distribution,22.38,67.65,accumulation,-17.01,91.29,distribution,-13,-1
VLE.TO,2026-06-03,HIGH_CONVICTION,11.49,42,-0.103,False,4.7,6,-15,-25,-3.69,27.73,distribution,35.29,63.03,accumulation,-17.01,91.29,distribution,-6.8,1
VLE.TO,2026-06-04,HIGH_CONVICTION,11.55,43,-0.05626,False,4.6,6,-14,-24,-0.25,27.61,distribution,35.29,63.03,accumulation,-17.01,91.29,distribution,-6,1
VLE.TO,2026-06-05,HIGH_CONVICTION,11.16,39,-0.04512,False,4.8,3,-14,-27,-0.22,26.93,distribution,35.29,63.03,accumulation,-8.44,86.94,distribution,-10.6,-2
VLE.TO,2026-06-08,HIGH_CONVICTION,11.48,44,-0.01146,False,4.5,3,-10,-25,16.85,27.03,up,29.35,59.52,up,-8.44,86.94,distribution,-3.4,3
VLE.TO,2026-06-09,HIGH_CONVICTION,11.05,39,-0.01328,False,4.7,-2,-12,-28,14.74,26.72,up,29.35,59.52,up,-8.44,86.94,distribution,-12,0
VLE.TO,2026-06-10,HIGH_CONVICTION,11.52,46,0.02021,True,4.6,0,-10,-25,38.91,27.22,up,29.35,59.52,up,-8.44,86.94,distribution,-5,4
VLE.TO,2026-06-11,,11.77,49,0.06,True,4.5,2,-12,-23,34.05,29.04,up,31.15,56.59,up,-8.44,86.94,distribution,-4.2,4
VLE.TO,2026-06-12,,11.67,48,0.07918,True,4.4,5,-11,-24,24.38,30.63,up,31.15,56.59,up,2.01,83.18,up,1.7,6
VLE.TO,2026-06-15,,11.38,44,0.07212,True,4.6,-1,-12,-26,21.33,31.36,up,31.15,56.59,up,2.01,83.18,up,-7.3,3
VLE.TO,2026-06-16,,11.06,41,0.04692,True,4.7,0,-18,-28,0.89,31.72,up,10.89,53.72,up,2.01,83.18,up,-10.9,3
VLE.TO,2026-06-17,,11.19,43,0.04027,True,4.7,-3,-15,-27,8,31.97,up,10.89,53.72,up,2.01,83.18,up,-12.1,3
VLE.TO,2026-06-18,,10.89,40,0.01807,True,4.9,-7,-16,-29,7,32.34,up,10.89,53.72,up,2.01,83.18,up,-17.7,2
VLE.TO,2026-06-19,,11.16,44,0.02362,True,4.7,-4,-10,-27,21.53,33.1,up,11.58,51.05,up,1.76,78.79,up,-9.3,4
VLE.TO,2026-06-22,,11,42,0.01877,True,4.6,-3,-10,-28,18.84,33.39,up,11.58,51.05,up,1.76,78.79,up,-8.1,4
VLE.TO,2026-06-23,,10.92,41,0.01273,True,4.4,-1,-5,-29,11.85,32.79,up,11.58,51.05,up,1.76,78.79,up,-1.7,4
VLE.TO,2026-06-24,,10.46,36,-0.01803,False,4.7,-7,-6,-32,10.37,30.86,accumulation,9.99,47.86,accumulation,1.76,78.79,up,-12.7,1
VLE.TO,2026-06-25,,10.34,35,-0.04092,False,4.6,-5,-4,-32,1.82,27.67,accumulation,9.99,47.86,accumulation,1.76,78.79,up,-8.7,2
VLE.TO,2026-06-26,,10.16,33,-0.06142,False,4.5,-9,-7,-34,-9.29,23.85,down,9.99,47.86,accumulation,-17.38,73.32,distribution,-20.4,-3
VLE.TO,2026-06-29,,10.39,38,-0.05305,False,4.5,-6,-4,-32,-8.13,22.81,distribution,7.04,44.22,accumulation,-17.38,73.32,distribution,-13.4,-3
VLE.TO,2026-06-30,,10.4,38,-0.04093,False,4.3,-5,-7,-32,-6.52,21.83,distribution,7.04,44.22,accumulation,-17.38,73.32,distribution,-14.6,-2
VLE.TO,2026-07-02,,10.58,41,-0.01616,False,4.2,1,-6,-31,-5.7,21.31,distribution,7.04,44.22,accumulation,-17.38,73.32,distribution,-6.6,0
VLE.TO,2026-07-03,,10.84,46,0.02039,True,4.1,5,-6,-29,10.12,23.25,up,6.11,41.73,up,-14.88,67.79,distribution,3.2,4
VLE.TO,2026-07-06,,10.53,42,0.02597,True,4.3,4,-9,-31,8.87,24.88,up,6.11,41.73,up,-14.88,67.79,distribution,-0.4,0
VLE.TO,2026-07-07,,10.77,46,0.0469,True,4.2,4,-3,-30,7.78,26.85,up,6.11,41.73,up,-14.88,67.79,distribution,4.4,5
VLE.TO,2026-07-08,,11.16,52,0.08582,True,4.1,7,-3,-27,6.82,30.71,up,5.3,40.86,up,-14.88,67.79,distribution,8,3
VLE.TO,2026-07-09,,10.88,48,0.09102,True,4.4,3,-2,-29,5.97,34.22,up,5.3,40.86,up,-14.88,67.79,distribution,4,4
VLE.TO,2026-07-10,,10.76,46,0.08481,True,4.3,-1,-7,-30,-1.79,35.82,distribution,5.3,40.86,up,-12.78,63.55,distribution,-7.8,1
VLE.TO,2026-07-13,,11.46,56,0.1239,True,4.2,9,-3,-25,40.01,40.19,up,4.61,40.85,up,-12.78,63.55,distribution,12.4,4.5
VLE.TO,2026-07-14,,11.41,55,0.1412,True,4.2,6,-2,-25,32.29,45.73,up,4.61,40.85,up,-12.78,63.55,distribution,8.6,4
VLE.TO,2026-07-15,,11.12,51,0.1283,True,4.3,0,-2,-27,10.96,49.5,up,4.61,40.85,up,-12.78,63.55,distribution,0.4,4
VLE.TO,2026-07-16,,11.13,51,0.116,True,4.1,2,1,-27,9.97,52.51,up,-2.69,41.14,distribution,-12.78,63.55,distribution,5.2,4
VLE.TO,2026-07-17,,11.75,59,0.1434,True,4,9,5,-23,51.79,57.41,up,-2.69,41.14,distribution,5.78,61.04,up,20.3,3.5
VLE.TO,2026-07-20,,11.95,61,0.1671,True,4,4,10,-22,49.16,62.75,up,-2.69,41.14,distribution,5.78,61.04,up,18.3,2
VLE.TO,2026-07-21,,12.43,66,0.2047,True,3.9,9,11,-19,49.28,69.15,up,-2.35,43.36,distribution,5.78,61.04,up,26.1,3.5
VLE.TO,2026-07-22,,12.71,68,0.2359,True,3.8,14,16,-17,43.46,75.37,up,-2.35,43.36,distribution,5.78,61.04,up,36.1,3.5
VLE.TO,2026-07-23,,12.84,69,0.2512,True,3.8,15,18,-16,45.18,80.69,up,-2.35,43.36,distribution,5.78,61.04,up,38.9,2.5
VLE.TO,2026-07-24,,12.47,63,0.2234,True,4,6,19,-18,11.99,83.74,up,-2.06,47.81,distribution,5.06,60.87,up,27.9,2.5
VLE.TO,2026-07-27,,11.87,54,0.1548,True,4.3,-1,15,-22,10.33,83.35,up,-2.06,47.81,distribution,5.06,60.87,up,15.3,4.5
VLE.TO,2026-07-28,,11.35,47,0.06893,True,4.6,-9,12,-26,-30.04,80.78,distribution,-2.06,47.81,distribution,5.06,60.87,up,-0.7,0.5
VLE.TO,2026-07-29,,11.81,53,0.03916,True,4.4,-7,14,-23,8.29,79.61,up,-1.8,50.47,distribution,5.06,60.87,up,7.3,5.5
VLE.TO,2026-07-30,,12.03,55,0.03071,True,4.3,-6,16,-21,23.72,79.01,up,-1.8,50.47,distribution,5.06,60.87,up,10.1,5.5
VLE.TO,2026-07-31,,12.52,60,0.05322,True,4.2,0,18,-18,20.16,80,up,-1.8,50.47,distribution,5.23,60.76,up,19.9,3.5
VLE.TO,2026-08-04,,12.02,54,0.03066,True,4.5,1,11,-21,17.2,79.05,up,2.46,53.13,up,5.23,60.76,up,14.5,5.5
VLE.TO,2026-08-05,,11.68,50,-0.008835,False,4.8,3,11,-24,-9.11,78,distribution,2.46,53.13,up,5.23,60.76,up,11.9,2.5
VLE.TO,2026-08-06,,11.7,50,-0.03387,False,5,-1,9,-23,-7.97,76.63,distribution,2.46,53.13,up,5.23,60.76,up,5.5,2
VLE.TO,2026-08-07,,11.54,48,-0.05995,False,5,-4,3,-24,-18.32,73.88,distribution,2.15,54.55,up,-11.25,59.72,distribution,-4.4,1
VLE.TO,2026-08-10,,12.14,55,-0.03667,False,4.8,-3,12,-21,-16.03,72.54,distribution,2.15,54.55,up,-11.25,59.72,distribution,4,2.5
VLE.TO,2026-08-11,,12.37,57,-0.007207,False,4.6,3,15,-19,1.48,72.23,up,2.15,54.55,up,-11.25,59.72,distribution,17.6,4.5
VLE.TO,2026-08-12,,12.3,56,0.00546,True,4.4,5,7,-20,-3.42,72.06,distribution,16.77,56.33,up,-11.25,59.72,distribution,12.6,3
VLE.TO,2026-08-13,,12.09,53,-0.002011,False,4.3,3,6,-21,-3,70.56,distribution,16.77,56.33,up,-11.25,59.72,distribution,6.4,3
VLE.TO,2026-08-14,,12.37,57,0.009562,True,4.1,7,11,-19,-2.62,69.98,distribution,16.77,56.33,up,3.56,59.56,up,19.7,3.5
VLE.TO,2026-08-17,,12.7,60,0.03563,True,4,5,14,-17,-2.29,71.19,distribution,21.83,59.16,up,3.56,59.56,up,19.7,1.5
VLE.TO,2026-08-18,,12.99,63,0.06679,True,3.8,5,11,-15,16.93,73.93,up,21.83,59.16,up,3.56,59.56,up,20.3,5.5
VLE.TO,2026-08-19,,12.8,60,0.06872,True,3.8,4,7,-16,14.81,75.84,up,21.83,59.16,up,3.56,59.56,up,15.9,4
VLE.TO,2026-08-20,,13.13,63,0.08526,True,3.7,9,6,-14,34.57,78.2,up,18.59,63.78,up,3.56,59.56,up,21.1,5.5
VLE.TO,2026-08-21,,13.13,63,0.08883,True,3.6,6,3,-14,29,79.51,up,18.59,63.78,up,3.12,60.62,up,15.1,6
VLE.TO,2026-08-24,,12.85,58,0.06601,True,3.6,1,0,-16,7.63,80.08,up,18.59,63.78,up,3.12,60.62,up,6.7,7
VLE.TO,2026-08-25,,12.54,54,0.02579,True,3.8,-3,1,-18,-12.65,78.83,distribution,5.65,67.53,up,3.12,60.62,up,-1.3,2
VLE.TO,2026-08-26,,12.8,57,0.01309,True,3.7,0,8,-16,-11.07,78.55,distribution,5.65,67.53,up,3.12,60.62,up,8.9,4
VLE.TO,2026-08-27,,13.14,61,0.02337,True,3.6,0,16,-14,11.09,79.99,up,5.65,67.53,up,3.12,60.62,up,18.3,5.5
VLE.TO,2026-08-28,MIMO_SHADOW,13.26,62,0.03343,True,3.5,1,12,-13,9.7,82.05,up,4.91,71.57,up,4.7,62.3,up,16.3,5.5
VRTX,2026-07-30,,481.7,51,-1.743,False,2.7,2,-3,-9,-31.1,55.32,distribution,-6.31,81.27,distribution,5.92,66.97,up,1,4
VRTX,2026-07-31,,477.1,48,-1.864,False,2.7,0,-4,-10,-36.72,53.12,distribution,-6.31,81.27,distribution,5.18,68.05,up,-2.2,4
VRTX,2026-08-03,,470.72,44,-2.28,False,2.8,-2,-11,-11,-30.72,50.87,distribution,-6.31,81.27,distribution,5.18,68.05,up,-11.2,1
VRTX,2026-08-04,,478.71,50,-1.938,False,2.9,-2,-10,-10,-25.89,49.57,distribution,-5.52,80.89,distribution,5.18,68.05,up,-9.4,2
VRTX,2026-08-05,,484.83,53,-1.252,False,2.9,0,-7,-8,-9.18,50.09,distribution,-5.52,80.89,distribution,5.18,68.05,up,-4.6,3
VRTX,2026-08-06,,484.03,53,-0.8267,False,2.8,0,-3,-9,-9.62,51,distribution,-5.52,80.89,distribution,5.18,68.05,up,-1.4,5
VRTX,2026-08-07,,496.07,60,0.235,True,2.8,4,0,-6,17.15,53.24,up,14.31,81.44,up,13.62,69.72,up,11.8,6
VRTX,2026-08-10,,523.91,70,2.648,True,3.1,11,8,-1,15.01,61.55,up,14.31,81.44,up,13.62,69.72,up,27.1,2.5
VRTX,2026-08-11,,529.65,72,4.364,True,3,11,10,0,24.67,68.09,up,14.31,81.44,up,13.62,69.72,up,29.2,3.5
VRTX,2026-08-12,,525.73,69,4.927,True,3,8,10,-1,13.71,73.29,up,12.53,85.01,up,13.62,69.72,up,25.6,2
VRTX,2026-08-13,,516.44,63,4.385,True,3,7,8,-2,-6.69,76.55,distribution,12.53,85.01,up,13.62,69.72,up,18.8,-1
VRTX,2026-08-14,,505.75,56,3.078,True,3,2,4,-5,-5.85,76.84,distribution,12.53,85.01,up,16.66,74.37,up,9.6,5
VRTX,2026-08-17,,515.55,60,2.662,True,3,-2,6,-3,15,76.93,up,0.37,86.61,up,16.66,74.37,up,9.4,2
VRTX,2026-08-18,,528.19,65,3.001,True,2.9,0,10,0,13.13,78.88,up,0.37,86.61,up,16.66,74.37,up,15,3
VRTX,2026-08-19,,552.06,71,4.504,True,2.9,5,15,0,59.32,82.58,up,0.37,86.61,up,16.66,74.37,up,26,2.5
VRTX,2026-08-20,,540.26,65,4.373,True,3,5,14,-2,28.26,85.43,up,0.32,88.67,up,16.66,74.37,up,24.2,2.5
VRTX,2026-08-21,,548.05,67,4.464,True,2.9,8,16,-1,24.73,88.48,up,0.32,88.67,up,35.16,78.5,up,30.4,3.5
VRTX,2026-08-24,MIMO_SHADOW,547.59,67,4.153,True,2.8,6,15,-1,20.73,90.46,up,0.32,88.67,up,35.16,78.5,up,27.2,3.5
VRTX,2026-08-25,MIMO_SHADOW,552.85,68,3.961,True,2.8,5,15,0,18.14,92.06,up,12.78,90.98,up,35.16,78.5,up,26,2.5
VRTX,2026-08-26,MIMO_SHADOW,547.29,65,3.156,True,2.7,-1,12,-1,15.87,92.89,up,12.78,90.98,up,35.16,78.5,up,15.4,3.5
VRTX,2026-08-27,MIMO_SHADOW,547.55,65,2.371,True,2.6,1,13,-1,13.88,92.6,up,12.78,90.98,up,35.16,78.5,up,18.6,3.5
VRTX,2026-08-28,MIMO_SHADOW,541.69,61,1.246,True,2.6,-1,12,-2,12.15,91.41,up,0.1,91.89,up,27.84,83.3,up,15.4,2.5
WCP.TO,2026-04-20,,14.13,45,-0.1611,False,3.6,-4,-6,-10,2.65,61.71,up,-7.67,106.48,distribution,-21.75,113.34,distribution,-7.6,3
WCP.TO,2026-04-21,,14.44,50,-0.1332,False,3.4,1,-3,-8,42.57,59.17,up,-6.71,102.47,distribution,-21.75,113.34,distribution,0.8,6
WCP.TO,2026-04-22,,14.76,54,-0.08952,False,3.3,2,1,-6,37.25,59.16,up,-6.71,102.47,distribution,-21.75,113.34,distribution,5.2,6
WCP.TO,2026-04-23,,15.09,58,-0.03747,False,3.1,4,3,-4,32.59,60.61,up,-6.71,102.47,distribution,-21.75,113.34,distribution,10.2,4
WCP.TO,2026-04-24,,14.77,53,-0.02428,False,3.1,6,1,-6,-11.24,61.9,distribution,12.62,99.87,up,-1.87,112.05,distribution,7,3
WCP.TO,2026-04-27,,15.32,59,0.01944,True,3.1,8,2,-2,-9.83,64.41,distribution,12.62,99.87,up,-1.87,112.05,distribution,13.2,-2
WCP.TO,2026-04-28,,15.66,62,0.06655,True,3,8,1,0,32.12,69.14,up,12.62,99.87,up,-1.87,112.05,distribution,15.9,1
WCP.TO,2026-04-29,,16.02,65,0.1144,True,2.9,9,2,0,28.1,74.36,up,10.9,99.43,up,-1.87,112.05,distribution,17.9,1.5
WCP.TO,2026-04-30,,16.03,66,0.1377,True,3,6,2,0,24.59,79.05,up,10.9,99.43,up,-1.87,112.05,distribution,15.3,1
WCP.TO,2026-05-01,,15.87,63,0.1332,True,3,7,9,-1,2.8,81.9,up,10.9,99.43,up,-1.63,112.23,distribution,21.1,0
WCP.TO,2026-05-04,,16.08,65,0.1348,True,3,5,7,0,2.45,84.99,up,12.37,99.92,up,-1.63,112.23,distribution,17.1,1
WCP.TO,2026-05-05,,16.32,67,0.1417,True,2.9,4,7,0,29.86,88.28,up,12.37,99.92,up,-1.63,112.23,distribution,16.9,2
WCP.TO,2026-05-06,,15.72,57,0.09773,True,3.1,-2,3,-4,26.12,89.02,up,12.37,99.92,up,-1.63,112.23,distribution,5,2
WCP.TO,2026-05-07,,15.71,57,0.06154,True,3.1,-2,8,-4,22.86,88.71,up,-7.71,99.57,distribution,-1.63,112.23,distribution,9,1
WCP.TO,2026-05-08,,15.63,56,0.02754,True,3,-2,8,-4,10.4,88.69,up,-7.71,99.57,distribution,-5.99,112.63,distribution,9.5,2
WCP.TO,2026-05-11,,16,60,0.02535,True,2.9,0,10,-2,9.1,89.24,up,-7.71,99.57,distribution,-5.99,112.63,distribution,13.5,0
WCP.TO,2026-05-12,,16.11,62,0.02655,True,2.8,-1,9,-1,20.86,90.5,up,13.19,99.14,up,-5.99,112.63,distribution,11.5,1
WCP.TO,2026-05-13,,16.13,62,0.02402,True,2.7,3,13,-1,20.59,91.53,up,13.19,99.14,up,-5.99,112.63,distribution,19.5,1.5
WCP.TO,2026-05-14,,16.19,62,0.02178,True,2.6,3,12,-1,25.05,92.55,up,13.19,99.14,up,-5.99,112.63,distribution,18.7,1.5
WCP.TO,2026-05-15,CONFIRMED_FLOW_LEADERS,16.74,68,0.05106,True,2.6,7,15,0,21.92,94.25,up,40.37,99.42,up,15.86,113.69,up,28.4,2.5
WCP.TO,2026-05-19,CONFIRMED_FLOW_LEADERS,17.18,72,0.09143,True,2.5,7,23,0,69.05,96.77,up,40.37,99.42,up,15.86,113.69,up,34.8,3.5
WCP.TO,2026-05-20,CONFIRMED_FLOW_LEADERS,16.85,66,0.08727,True,2.6,5,19,-2,60.42,98.05,up,40.37,99.42,up,15.86,113.69,up,29.2,2.5
WCP.TO,2026-05-21,CONFIRMED_FLOW_LEADERS,16.79,65,0.07247,True,2.7,4,16,-2,45.93,98.14,up,33.63,100.11,up,15.86,113.69,up,24.6,2.5
WCP.TO,2026-05-22,CONFIRMED_FLOW_LEADERS,16.79,65,0.05543,True,2.6,4,14,-2,40.19,97.58,up,33.63,100.11,up,14.83,115.08,up,23,3.5
WCP.TO,2026-05-25,CONFIRMED_FLOW_LEADERS,16.17,54,-0.001817,False,2.8,-3,7,-6,-36.48,94.67,distribution,33.63,100.11,up,14.83,115.08,up,3,3
WCP.TO,2026-05-26,CONFIRMED_FLOW_LEADERS,16.28,55,-0.03467,False,2.8,-5,10,-5,-31.92,91.82,distribution,6.7,99.68,up,14.83,115.08,up,3,3
WCP.TO,2026-05-27,CONFIRMED_FLOW_LEADERS,15.91,50,-0.08106,False,2.8,-6,4,-7,-27.93,87.87,distribution,6.7,99.68,up,14.83,115.08,up,-3,3
WCP.TO,2026-05-28,CONFIRMED_FLOW_LEADERS,16.02,51,-0.1027,False,2.7,-5,2,-7,-24.44,85.05,distribution,6.7,99.68,up,14.83,115.08,up,-3.4,4
WCP.TO,2026-05-29,CONFIRMED_FLOW_LEADERS,15.84,49,-0.1259,False,2.7,-6,-1,-8,-21.38,80.65,distribution,5.81,97.01,up,12.92,114.08,up,-7,3
WCP.TO,2026-06-01,CONFIRMED_FLOW_LEADERS,16.12,53,-0.1193,False,2.7,0,1,-6,14.32,78.02,up,5.81,97.01,up,12.92,114.08,up,4.8,8
WCP.TO,2026-06-02,CONFIRMED_FLOW_LEADERS,16.53,58,-0.08581,False,2.7,2,4,-4,60.9,76.56,up,5.81,97.01,up,12.92,114.08,up,10.6,6
WCP.TO,2026-06-03,CONFIRMED_FLOW_LEADERS,16.76,61,-0.04845,False,2.6,5,4,-2,80.42,77.13,up,43.48,95.93,up,12.92,114.08,up,14.2,4
WCP.TO,2026-06-04,CONFIRMED_FLOW_LEADERS,17.16,65,0.0003071,True,2.7,7,5,0,70.37,78.63,up,43.48,95.93,up,12.92,114.08,up,19.4,2
WCP.TO,2026-06-05,CONFIRMED_FLOW_LEADERS,16.51,55,-0.01335,False,2.9,4,5,-4,-13.32,79.17,distribution,43.48,95.93,up,23.91,113.46,up,9.8,3
WCP.TO,2026-06-08,CONFIRMED_FLOW_LEADERS,17.02,60,0.00864,True,2.8,6,8,-1,46.84,79.57,up,36.08,96.1,up,23.91,113.46,up,20.6,4
WCP.TO,2026-06-09,CONFIRMED_FLOW_LEADERS,16.45,53,-0.01712,False,3.1,0,5,-4,38.71,78.48,up,36.08,96.1,up,23.91,113.46,up,7.5,6
WCP.TO,2026-06-10,CONFIRMED_FLOW_LEADERS,16.61,54,-0.02483,False,3,-1,4,-3,48.22,77.86,up,36.08,96.1,up,23.91,113.46,up,6,5
WCP.TO,2026-06-11,CONFIRMED_FLOW_LEADERS,16.64,55,-0.02906,False,3,-3,3,-3,39.8,77.83,up,16.25,95.72,up,23.91,113.46,up,2.8,4
WCP.TO,2026-06-12,CONFIRMED_FLOW_LEADERS,16.34,51,-0.05189,False,3,-1,1,-5,5.33,76.1,up,16.25,95.72,up,17.19,112.36,up,3.6,6
WCP.TO,2026-06-15,CONFIRMED_FLOW_LEADERS,16.18,49,-0.07612,False,3.3,-5,0,-6,4.64,71.1,up,16.25,95.72,up,17.19,112.36,up,-2.5,6
WCP.TO,2026-06-16,CONFIRMED_FLOW_LEADERS,15.95,46,-0.1043,False,3.2,-3,-5,-7,-18.42,67.26,distribution,13.94,93.84,up,17.19,112.36,up,-7.1,4
WCP.TO,2026-06-17,,15.84,44,-0.1255,False,3.2,-5,-8,-8,-26.87,63.4,distribution,13.94,93.84,up,17.19,112.36,up,-11.9,2
WCP.TO,2026-06-18,,15.36,39,-0.1645,False,3.5,-8,-9,-11,-23.51,58.23,distribution,13.94,93.84,up,17.19,112.36,up,-17.3,0
WCP.TO,2026-06-19,,15.54,42,-0.1703,False,3.4,-5,-7,-10,-2.43,53.88,distribution,11.99,90.81,up,14.99,109.19,up,-11.1,3
WCP.TO,2026-06-22,,15.58,43,-0.1634,False,3.3,-4,-7,-9,1.91,50.64,up,11.99,90.81,up,14.99,109.19,up,-6.9,6
WCP.TO,2026-06-23,,15.7,45,-0.1434,False,3.2,-2,-3,-9,1.67,48.47,up,11.99,90.81,up,14.99,109.19,up,-1.3,7
WCP.TO,2026-06-24,,14.98,36,-0.1696,False,3.5,-5,-8,-13,1.46,44.47,accumulation,-11.69,86.57,distribution,14.99,109.19,up,-10.9,3
WCP.TO,2026-06-25,,15.12,39,-0.1681,False,3.4,-2,-5,-12,15.95,40.84,accumulation,-11.69,86.57,distribution,14.99,109.19,up,-4.9,4
WCP.TO,2026-06-26,,14.97,37,-0.1674,False,3.3,-4,-7,-13,13.96,37.32,accumulation,-11.69,86.57,distribution,1.85,105.19,up,-8.9,4
WCP.TO,2026-06-29,,15.05,39,-0.1522,False,3.1,-3,-5,-12,20.68,35.14,accumulation,-7.45,81.38,distribution,1.85,105.19,up,-6.1,4
WCP.TO,2026-06-30,,14.73,35,-0.1539,False,3.2,-6,-9,-14,18.03,32.71,accumulation,-7.45,81.38,distribution,1.85,105.19,up,-12.9,2
WCP.TO,2026-07-02,,14.56,34,-0.1562,False,3.1,-3,-12,-15,-2.54,29.47,down,-7.45,81.38,distribution,1.85,105.19,up,-14.7,0
WCP.TO,2026-07-03,,14.72,37,-0.1373,False,3,-3,-12,-14,14.75,27.34,accumulation,-19.59,75.76,distribution,-3.4,100.23,distribution,-12.7,5
WCP.TO,2026-07-06,,14.43,34,-0.1345,False,3,-4,-16,-16,12.68,25.61,accumulation,-19.59,75.76,distribution,-3.4,100.23,distribution,-17.1,-1
WCP.TO,2026-07-07,,14.87,42,-0.09506,False,3,-1,-10,-13,10.92,24.78,up,-19.59,75.76,distribution,-3.4,100.23,distribution,-7.7,3
WCP.TO,2026-07-08,,15.54,51,-0.01984,False,2.9,5,-9,-10,9.43,27.17,up,-17.14,71.72,distribution,-3.4,100.23,distribution,1.3,4
WCP.TO,2026-07-09,,15.28,48,0.01457,True,2.9,5,-7,-11,-16.62,29.72,distribution,-17.14,71.72,distribution,-3.4,100.23,distribution,0.9,2
WCP.TO,2026-07-10,,15.2,47,0.03305,True,2.9,3,-8,-12,-22.19,31.41,distribution,-17.14,71.72,distribution,-2.99,95.67,distribution,-2.3,2
WCP.TO,2026-07-13,,15.63,53,0.07304,True,2.8,8,-6,-9,-19.42,34.43,distribution,-11.62,69.29,distribution,-2.99,95.67,distribution,6.3,2
WCP.TO,2026-07-14,,15.54,51,0.09108,True,2.9,5,-5,-10,-25.36,37.75,distribution,-11.62,69.29,distribution,-2.99,95.67,distribution,3.5,2
WCP.TO,2026-07-15,,15.53,51,0.0993,True,2.8,0,-4,-10,-23.12,40.64,distribution,-11.62,69.29,distribution,-2.99,95.67,distribution,-1.7,4
WCP.TO,2026-07-16,,15.66,53,0.1096,True,2.7,2,-2,-9,-20.23,44.51,distribution,-9.04,67.74,distribution,-2.99,95.67,distribution,2.3,4
WCP.TO,2026-07-17,,15.99,58,0.1333,True,2.6,5,1,-7,-17.7,49.84,distribution,-9.04,67.74,distribution,-2.64,93.25,distribution,9.3,3
WCP.TO,2026-07-20,,15.85,55,0.1338,True,2.5,1,3,-8,-28.14,55.05,distribution,-9.04,67.74,distribution,-2.64,93.25,distribution,5.1,4
WCP.TO,2026-07-21,,16.27,60,0.1551,True,2.5,5,5,-5,-24.62,61.11,distribution,-7.91,67.31,distribution,-2.64,93.25,distribution,12.5,0
WCP.TO,2026-07-22,,16.43,62,0.1714,True,2.4,6,5,-4,-7.46,67.95,distribution,-7.91,67.31,distribution,-2.64,93.25,distribution,13.7,-1
WCP.TO,2026-07-23,,16.7,65,0.1904,True,2.4,7,6,-3,-6.53,74.44,distribution,-7.91,67.31,distribution,-2.64,93.25,distribution,15.7,-3
WCP.TO,2026-07-24,,16.46,61,0.1771,True,2.5,3,10,-4,-26.49,78.97,distribution,-6.92,68.7,distribution,-2.33,92.63,distribution,14.1,-3
WCP.TO,2026-07-27,MIMO_SHADOW,15.84,51,0.1195,True,2.7,0,5,-8,-23.18,79.46,distribution,-6.92,68.7,distribution,-2.33,92.63,distribution,5.5,3
WCP.TO,2026-07-28,MIMO_SHADOW,15.6,48,0.06128,True,2.7,-4,4,-9,-41.88,78.29,distribution,-6.92,68.7,distribution,-2.33,92.63,distribution,-0.1,1
WCP.TO,2026-07-29,MIMO_SHADOW,16.02,53,0.04761,True,2.7,-2,6,-7,1.15,78.58,up,-6.06,68.05,distribution,-2.33,92.63,distribution,6.9,3
WCP.TO,2026-07-30,,16.46,58,0.06377,True,2.7,-1,12,-4,1,79.98,up,-6.06,68.05,distribution,-2.33,92.63,distribution,13.9,1.5
WCP.TO,2026-07-31,,16.54,59,0.07466,True,2.7,0,14,-4,7.88,82.41,up,-6.06,68.05,distribution,-2.06,91.47,distribution,16.7,-0.5
WCP.TO,2026-08-04,MIMO_SHADOW,16.27,55,0.05917,True,2.8,3,11,-5,-16.75,82.32,distribution,-5.3,68.57,distribution,-2.06,91.47,distribution,13.9,1.5
WCP.TO,2026-08-05,MIMO_SHADOW,15.85,49,0.01825,True,3,2,10,-8,-14.65,81.88,distribution,-5.3,68.57,distribution,-2.06,91.47,distribution,11.9,1
WCP.TO,2026-08-06,MIMO_SHADOW,16.24,54,0.01518,True,2.9,1,9,-5,22.23,81.44,up,-5.3,68.57,distribution,-2.06,91.47,distribution,12.9,4
WCP.TO,2026-08-07,,16.16,53,0.005976,True,2.8,-2,4,-6,19.46,80.39,up,-8.61,68.06,distribution,-9.05,89.71,distribution,5.3,4
WCP.TO,2026-08-10,,16.79,60,0.0387,True,2.8,2,10,-2,17.02,81.32,up,-8.61,68.06,distribution,-9.05,89.71,distribution,15.9,-1
WCP.TO,2026-08-11,MIMO_SHADOW,17.01,62,0.06974,True,2.7,5,12,-1,34.02,83.44,up,-8.61,68.06,distribution,-9.05,89.71,distribution,21.1,0.5
WCP.TO,2026-08-12,MIMO_SHADOW,16.92,61,0.07815,True,2.7,7,8,-2,29.77,85.62,up,-7.53,69.93,distribution,-9.05,89.71,distribution,20.3,-1
WCP.TO,2026-08-13,MIMO_SHADOW,16.89,60,0.07559,True,2.6,4,9,-2,23.43,86.16,up,-7.53,69.93,distribution,-9.05,89.71,distribution,17.5,0
WCP.TO,2026-08-14,MIMO_SHADOW,17.07,62,0.07951,True,2.5,6,10,-1,36.23,87.65,up,-7.53,69.93,distribution,-8.1,89.43,distribution,20.7,0
WCP.TO,2026-08-17,MIMO_SHADOW,17.53,67,0.105,True,2.5,4,12,0,31.7,90.4,up,14.44,73.18,up,-8.1,89.43,distribution,20.9,0.5
WCP.TO,2026-08-18,MIMO_SHADOW,17.73,68,0.1258,True,2.4,4,11,0,44.76,93.93,up,14.44,73.18,up,-8.1,89.43,distribution,20.1,1.5
WCP.TO,2026-08-19,MIMO_SHADOW,17.75,69,0.1308,True,2.3,5,12,0,39.17,96.79,up,14.44,73.18,up,-8.1,89.43,distribution,22.1,1.5
WCP.TO,2026-08-20,MIMO_SHADOW,18.17,72,0.1509,True,2.3,8,12,0,33.9,99.48,up,12.64,78.24,up,-8.1,89.43,distribution,25.7,0.5
WCP.TO,2026-08-21,MIMO_SHADOW,18.14,71,0.1503,True,2.2,6,10,0,26.18,101.57,up,12.64,78.24,up,12.66,90.89,up,23.2,3
WCP.TO,2026-08-24,MIMO_SHADOW,18.03,69,0.1314,True,2.2,3,8,-1,13.93,102.43,up,12.64,78.24,up,12.66,90.89,up,18,3
WCP.TO,2026-08-25,MIMO_SHADOW,17.51,59,0.07546,True,2.4,-1,6,-4,11.98,101.89,up,-10.9,82.07,distribution,12.66,90.89,up,10.6,1
WCP.TO,2026-08-26,MIMO_SHADOW,17.77,62,0.04888,True,2.5,0,12,-2,29.64,100.83,up,-10.9,82.07,distribution,12.66,90.89,up,16.6,1.5
WCP.TO,2026-08-27,MIMO_SHADOW,18.03,65,0.04198,True,2.4,-1,16,-1,26.03,101.19,up,-10.9,82.07,distribution,12.66,90.89,up,18.6,2.5
WCP.TO,2026-08-28,MIMO_SHADOW,17.85,62,0.01961,True,2.4,-2,11,-2,9.58,100.91,up,-9.54,84.4,distribution,5.73,91.73,up,13.4,1.5
YPF,2026-07-06,,46.12,41,-0.7648,False,4,2,-16,-18,-30.39,28.55,distribution,-6.23,87.89,distribution,-2.88,98.6,distribution,-12.4,-1
YPF,2026-07-07,,47.13,46,-0.5215,False,3.9,4,-14,-16,-26.59,27.52,distribution,-6.23,87.89,distribution,-2.88,98.6,distribution,-8.4,1
YPF,2026-07-08,,47.9,49,-0.2865,False,4,5,-10,-15,-23.26,28.91,distribution,-6.23,87.89,distribution,-2.88,98.6,distribution,-4,1
YPF,2026-07-09,,47.04,46,-0.1722,False,4,5,-12,-17,-41.84,29.58,distribution,-5.45,85.05,distribution,-2.88,98.6,distribution,-5.6,0
YPF,2026-07-10,,47.58,48,-0.04995,False,3.8,7,-11,-16,-23.75,30.79,distribution,-5.45,85.05,distribution,-2.52,95.82,distribution,-2.4,1
YPF,2026-07-13,,49.5,56,0.1591,True,3.7,7,-9,-12,-20.78,33.49,distribution,-5.45,85.05,distribution,-2.52,95.82,distribution,2.2,2
YPF,2026-07-14,,49.8,57,0.3079,True,3.6,6,-12,-12,-18.18,37.35,distribution,16.51,83.26,up,-2.52,95.82,distribution,-1.4,3
YPF,2026-07-15,,50.26,58,0.4205,True,3.5,5,-10,-11,-4.63,41.78,distribution,16.51,83.26,up,-2.52,95.82,distribution,-1,3
YPF,2026-07-16,,48.45,50,0.3589,True,3.7,3,-8,-14,-48.42,45.65,distribution,16.51,83.26,up,-2.52,95.82,distribution,-2.8,3
YPF,2026-07-17,,49.68,55,0.3843,True,3.5,4,-3,-12,-12.27,49.6,distribution,13.73,82.59,up,-2.2,94.54,distribution,2.4,5
YPF,2026-07-20,,50.44,57,0.4322,True,3.4,2,-1,-10,8,53.66,up,13.73,82.59,up,-2.2,94.54,distribution,6.6,7
YPF,2026-07-21,,51.33,60,0.4989,True,3.3,3,2,-9,30.57,59.33,up,13.73,82.59,up,-2.2,94.54,distribution,10.2,5
YPF,2026-07-22,,52.51,64,0.5913,True,3.2,4,6,-7,26.91,65.9,up,35.44,82.41,up,-2.2,94.54,distribution,14.6,4
YPF,2026-07-23,,51.92,61,0.5807,True,3.2,7,8,-8,8.43,72.3,up,35.44,82.41,up,-2.2,94.54,distribution,19.8,2
YPF,2026-07-24,,51.4,58,0.5092,True,3.2,3,13,-9,-5.95,76,distribution,35.44,82.41,up,6.26,94.46,up,17.5,3.5
YPF,2026-07-27,,50.9,56,0.4034,True,3.2,1,11,-10,-18.01,78.08,distribution,18.16,82.73,up,6.26,94.46,up,13.5,3.5
YPF,2026-07-28,MIMO_SHADOW,49.84,51,0.2449,True,3.3,-3,10,-12,-15.76,78.77,distribution,18.16,82.73,up,6.26,94.46,up,5.9,3
YPF,2026-07-29,MIMO_SHADOW,50.32,53,0.1596,True,3.3,-4,11,-11,-1.23,80.04,distribution,18.16,82.73,up,6.26,94.46,up,5.5,3.5
YPF,2026-07-30,MIMO_SHADOW,52.15,60,0.2102,True,3.3,0,15,-7,-1.08,81.79,distribution,15.89,81.86,up,6.26,94.46,up,15.5,1.5
YPF,2026-07-31,MIMO_SHADOW,52.54,61,0.2512,True,3.2,2,17,-7,8.9,84.33,up,15.89,81.86,up,10.91,94.54,up,22.5,5.5
YPF,2026-08-03,MIMO_SHADOW|CAVA_MACRO,51.06,54,0.1639,True,3.3,0,15,-9,-29.58,84.78,distribution,15.89,81.86,up,10.91,94.54,up,14.5,3.5
YPF,2026-08-04,MIMO_SHADOW|CAVA_MACRO,49.64,48,0.004347,True,3.4,0,8,-12,-25.88,82.93,distribution,13.9,80.52,up,10.91,94.54,up,7.9,4
YPF,2026-08-05,MIMO_SHADOW|CAVA_MACRO,48.67,45,-0.1635,False,3.5,-3,3,-14,-22.64,80.16,distribution,13.9,80.52,up,10.91,94.54,up,-1.7,3
YPF,2026-08-06,MIMO_SHADOW|CAVA_MACRO,49.61,49,-0.2054,False,3.4,-5,4,-12,5.08,77.59,up,13.9,80.52,up,10.91,94.54,up,-0.3,7
YPF,2026-08-07,CAVA_MACRO,49.16,47,-0.2544,False,3.4,-6,5,-13,4.45,74.28,up,8.11,78.19,up,9.54,93.71,up,-0.7,6
YPF,2026-08-10,,50.94,54,-0.1625,False,3.3,0,7,-10,3.89,72.86,up,8.11,78.19,up,9.54,93.71,up,9.1,8
YPF,2026-08-11,,49.15,47,-0.2144,False,3.9,-1,-1,-13,3.41,70.78,up,8.11,78.19,up,9.54,93.71,up,0.5,6
YPF,2026-08-12,,48.9,46,-0.2551,False,3.9,0,-2,-13,-3.7,65.75,distribution,7.1,76.09,up,9.54,93.71,up,-2.1,5
YPF,2026-08-13,,49.45,49,-0.2349,False,3.7,0,-2,-12,11.46,61.57,up,7.1,76.09,up,9.54,93.71,up,0.9,9
YPF,2026-08-14,,50.05,51,-0.174,False,3.6,2,3,-11,10.03,59.56,up,7.1,76.09,up,8.35,93.09,up,7.3,9
YPF,2026-08-17,,52.7,60,0.04062,True,3.5,3,6,-6,8.78,61.91,up,38.5,75.03,up,8.35,93.09,up,14.9,6
YPF,2026-08-18,,50.68,52,0.04211,True,3.8,3,0,-10,-43,63.8,distribution,38.5,75.03,up,8.35,93.09,up,6.1,5
YPF,2026-08-19,,50.06,50,-0.000793,False,3.9,2,-2,-11,-53.17,63.18,distribution,38.5,75.03,up,8.35,93.09,up,0.3,5
YPF,2026-08-20,,50.92,53,0.02518,True,3.7,3,-3,-10,-24.95,62.83,distribution,18.56,75.41,up,8.35,93.09,up,3.7,6
YPF,2026-08-21,,51.18,54,0.05461,True,3.6,2,-1,-9,-15.31,62.98,distribution,18.56,75.41,up,12.95,92.92,up,4.1,6
YPF,2026-08-24,,51.28,54,0.07434,True,3.6,-3,0,-9,-13.4,62.69,distribution,18.56,75.41,up,12.95,92.92,up,-1.1,3
YPF,2026-08-25,,50.01,49,-0.0006585,False,3.7,-1,-2,-11,-43.52,61.34,distribution,8.51,75.02,up,12.95,92.92,up,-3.3,3
YPF,2026-08-26,,50.27,50,-0.03345,False,3.6,0,1,-11,-31.57,59.42,distribution,8.51,75.02,up,12.95,92.92,up,0.3,6
YPF,2026-08-27,,50.48,51,-0.04118,False,3.6,-1,0,-10,-22.33,58.98,distribution,8.51,75.02,up,12.95,92.92,up,-0.7,3
YPF,2026-08-28,,50.2,50,-0.06398,False,3.5,-2,-4,-11,-25.57,58.1,distribution,9.06,74.36,up,6.44,91.82,up,-6.1,4
